code,name,market_price,BS,ZL,LSM,average_price,mean_upside,BS_upside,ZL_upside,LSM_upside,all_three_above_market,net_gap_after_roundtrip
113051.SH,节能转债,118.83,128.2016329336,120.8422902036,124.8494533088,124.631125482,0.0488186946,0.07886588347723644,0.016934193415804044,0.050656006974669765,True,0.04672315277517236
113066.SH,平煤转债,137.528,150.3088329976,132.3772326999,143.7801955588,142.1554204188,0.0336471149,0.09293258825548256,-0.0374524991281775,0.045461255590134364,False,0.03158188590524458
127103.SZ,东南转债,135.376,146.6734062984,125.8290241821,143.0535573618,138.5186626141,0.0232143261,0.08345206165346886,-0.07052192277730174,0.05671283951217343,False,0.021169941861456154
113691.SH,和邦转债,145.136,159.7684418843,131.9697231947,149.7678137282,147.1686596024,0.0140052062,0.10081883119487922,-0.09071682287854144,0.031913610187686015,False,0.011979221740099799
123149.SZ,通裕转债,129.141,135.8318583054,121.5154082195,133.6516598669,130.3329754639,0.0092300312,0.0518104885776014,-0.05904857311388323,0.034928178246258046,False,0.007213587617546979
113058.SH,友发转债,130.119,135.9632869806,124.8572412215,130.3465290207,130.3890190743,0.0020751702,0.04491493925253032,-0.04043805115701782,0.0017486225739513639,False,7.302203115644446e-05
110084.SH,贵燃转债,133.33,136.7794636534,125.1646734314,133.25830982,131.7341489683,-0.011969182,0.02587162419110478,-0.061241480301507556,-0.0005376897922449997,False,-0.013943269515815926
110093.SH,神马转债,120.31,122.451157822,110.8401026102,123.076246921,118.7891691177,-0.0126409349,0.017797006250519498,-0.07871247103150192,0.022992659970077378,False,-0.014613680321986178
113659.SH,莱克转债,131.48,135.8464804386,118.7131220612,134.3681900012,129.6425975003,-0.013974768,0.033210225422878104,-0.09710129250684507,0.021966763014907187,False,-0.01594484840684307
