observations,annual_return,annual_volatility,sharpe,max_drawdown,weekly_win_rate,annual_turnover,average_cash_weight,unverified_mark_days,stale_mark_days,performance_status,benchmark_annual_return,annual_excess_return,period_start,period_end,portfolio,risk_mode,model,frequency,transaction_bps,borrow_rate,total_return_certified,bank_weight_mean,max_single_weight,variant,diagnostic_annual_return,diagnostic_annual_volatility,diagnostic_sharpe,diagnostic_max_drawdown,diagnostic_weekly_win_rate
1850,0.15202179414581818,0.13591773187376616,1.005605140735059,-0.1775841244413473,0.558974358974359,24.48875587348888,0.16872666634881883,0,2,valuation_path_explained_cashflows_incomplete,0.06520320905984245,0.08681858508597573,2019-01-28,2026-09-11,long_only,research,mean,weekly,10.0,0.03,False,0.0,0.14066766978464967,mean_weekly,,,,,
1850,0.10991921571066787,0.0970648077651936,0.9629727875706007,-0.12276008253099546,0.5461538461538461,47.43483070052505,0.1717742726219659,0,2,valuation_path_explained_cashflows_incomplete,0.06520320905984245,0.044716006650825424,2019-01-28,2026-09-11,long_short,research,mean,weekly,10.0,0.03,False,0.0,0.1443297468806296,mean_weekly,,,,,
1850,0.11902112309729485,0.13685113558111592,0.779181968761513,-0.17551106436258224,0.5538461538461539,9.530043258237148,0.2013797088063957,0,2,valuation_path_explained_cashflows_incomplete,0.06520320905984245,0.0538179140374524,2019-01-28,2026-09-11,long_only,research,mean,monthly,10.0,0.03,False,0.0,0.14545894703368656,mean_monthly,,,,,
1850,0.06651549019479419,0.101552781817366,0.5169125860781317,-0.13615192942228072,0.517948717948718,18.653055396849734,0.20295765415413683,0,2,valuation_path_explained_cashflows_incomplete,0.06520320905984245,0.0013122811349517427,2019-01-28,2026-09-11,long_short,research,mean,monthly,10.0,0.03,False,0.0,0.14445055942371668,mean_monthly,,,,,
1850,0.17090550104475155,0.13613643166597847,1.1283007997137773,-0.1762534668677953,0.5564102564102564,19.58639004916928,0.16932274765957733,0,2,valuation_path_explained_cashflows_incomplete,0.06520320905984245,0.1057022919849091,2019-01-28,2026-09-11,long_only,research,BS,weekly,10.0,0.03,False,0.0,0.1405873231552316,BS_weekly,,,,,
1850,0.11978045585205965,0.09799725322419812,1.0485293678502814,-0.10616898204076441,0.5307692307692308,38.44509630358639,0.17222608698712844,0,2,valuation_path_explained_cashflows_incomplete,0.06520320905984245,0.054577246792217204,2019-01-28,2026-09-11,long_short,research,BS,weekly,10.0,0.03,False,0.0,0.14327669492391437,BS_weekly,,,,,
1850,0.17145295350568945,0.12842692368096126,1.1918386157383958,-0.17483911615921888,0.558974358974359,21.89399976224028,0.16812623110058367,0,2,valuation_path_explained_cashflows_incomplete,0.06520320905984245,0.106249744445847,2019-01-28,2026-09-11,long_only,research,ZL,weekly,10.0,0.03,False,0.0,0.14109981005527147,ZL_weekly,,,,,
1850,0.14687837118342362,0.09404418136725698,1.3526776028882486,-0.09796948893021196,0.5615384615384615,45.09922771756246,0.17153009069218422,0,2,valuation_path_explained_cashflows_incomplete,0.06520320905984245,0.08167516212358117,2019-01-28,2026-09-11,long_short,research,ZL,weekly,10.0,0.03,False,0.0,0.14382654653387414,ZL_weekly,,,,,
1850,0.11834000448282733,0.1341210529005754,0.7874903387388801,-0.21314864093182972,0.5384615384615384,35.53509394941235,0.16850732036948415,0,2,valuation_path_explained_cashflows_incomplete,0.06520320905984245,0.053136795422984884,2019-01-28,2026-09-11,long_only,research,LSM,weekly,10.0,0.03,False,0.0,0.14069208573408248,LSM_weekly,,,,,
1850,0.05899177801844391,0.0930377178685559,0.4762527072991969,-0.17341834090141384,0.5205128205128206,66.1189208118199,0.17141320022679657,0,2,valuation_path_explained_cashflows_incomplete,0.06520320905984245,-0.006211431041398541,2019-01-28,2026-09-11,long_short,research,LSM,weekly,10.0,0.03,False,0.0,0.14375618994085743,LSM_weekly,,,,,
1850,,,,,,26.053872453493614,0.04182441919293202,495,495,unverified_valuation_path,0.06520320905984245,,2019-01-28,2026-09-11,long_only,research,mean,weekly,10.0,0.03,False,0.0,0.13006588389582638,no_fundamentals,0.15266160432013764,0.15111274878977257,0.9228158019414484,-0.22447946221474868,0.5512820512820513
1850,,,,,,50.91508498335031,0.045643483498745314,495,495,unverified_valuation_path,0.06520320905984245,,2019-01-28,2026-09-11,long_short,research,mean,weekly,10.0,0.03,False,0.0,0.12966706022110935,no_fundamentals,0.09412308227643695,0.1026346808513616,0.7711429337494752,-0.1698500969263228,0.5333333333333333
1850,0.16632446735760786,0.13606632319213302,1.0988580037683384,-0.1733521207448443,0.5666666666666667,24.50876169127472,0.16814742222635556,0,2,valuation_path_explained_cashflows_incomplete,0.06520320905984245,0.10112125829776542,2019-01-28,2026-09-11,long_only,research,mean,weekly,5.0,0.03,False,0.0,0.14072288933089816,cost_5bp,,,,,
1850,0.13675202837283784,0.09736243095056528,1.2151762461539133,-0.11746187792253615,0.5564102564102564,47.51195592902911,0.1708735309144533,0,2,valuation_path_explained_cashflows_incomplete,0.06520320905984245,0.0715488193129954,2019-01-28,2026-09-11,long_short,research,mean,weekly,5.0,0.03,False,0.0,0.14448220486732574,cost_5bp,,,,,
1850,0.12399649721012573,0.1356844434495578,0.8185610638447316,-0.19604615812181592,0.5538461538461539,24.4489554226469,0.1698830733856625,0,2,valuation_path_explained_cashflows_incomplete,0.06520320905984245,0.058793288150283285,2019-01-28,2026-09-11,long_only,research,mean,weekly,20.0,0.03,False,0.0,0.1405572756302806,cost_20bp,,,,,
1850,0.05834242384592225,0.09678964805615481,0.45485816628916786,-0.13322528449987803,0.5076923076923077,47.282583445356515,0.17370401061793256,0,2,valuation_path_explained_cashflows_incomplete,0.06520320905984245,-0.006860785213920195,2019-01-28,2026-09-11,long_short,research,mean,weekly,20.0,0.03,False,0.0,0.1440254637343723,cost_20bp,,,,,
1850,0.15202179414581818,0.13591773187376616,1.005605140735059,-0.1775841244413473,0.558974358974359,24.48875587348888,0.16872666634881883,0,2,valuation_path_explained_cashflows_incomplete,0.06520320905984245,0.08681858508597573,2019-01-28,2026-09-11,long_only,research,mean,weekly,10.0,0.0,False,0.0,0.14066766978464967,borrow_0.0,,,,,
1850,0.13801080346147288,0.09716246720818215,1.2293105461246927,-0.11780466328680528,0.5564102564102564,47.423181329977176,0.17186484349239448,0,2,valuation_path_explained_cashflows_incomplete,0.06520320905984245,0.07280759440163043,2019-01-28,2026-09-11,long_short,research,mean,weekly,10.0,0.0,False,0.0,0.14429806554938,borrow_0.0,,,,,
1850,0.15202179414581818,0.13591773187376616,1.005605140735059,-0.1775841244413473,0.558974358974359,24.48875587348888,0.16872666634881883,0,2,valuation_path_explained_cashflows_incomplete,0.06520320905984245,0.08681858508597573,2019-01-28,2026-09-11,long_only,research,mean,weekly,10.0,0.08,False,0.0,0.14066766978464967,borrow_0.08,,,,,
1850,0.06459895795785453,0.09694702095936882,0.5174129527497473,-0.1320692306718504,0.5128205128205128,47.455392358851014,0.1716248569002274,0,2,valuation_path_explained_cashflows_incomplete,0.06520320905984245,-0.0006042511019879182,2019-01-28,2026-09-11,long_short,research,mean,weekly,10.0,0.08,False,0.0,0.14438257940629295,borrow_0.08,,,,,
