window,observations,annual_return,annual_volatility,sharpe,max_drawdown,weekly_win_rate,annual_turnover,average_cash_weight,unverified_mark_days,stale_mark_days,performance_status,portfolio
2019,226,0.13423140992083726,0.09017752768998764,1.2698666616176226,-0.06115634655233371,0.625,23.230092389059045,0.6104344197184169,0,0,valuation_path_explained_cashflows_incomplete,long_only
2020,243,0.21860506036886118,0.13521190484321144,1.4389773716331171,-0.07510948733904199,0.5,35.41411762834634,0.32493369146764434,0,0,valuation_path_explained_cashflows_incomplete,long_only
2021,243,0.31473756073549275,0.13106391488640715,2.06321534922034,-0.11488423265075431,0.6346153846153846,40.61500538330207,0.12188043181850595,0,0,valuation_path_explained_cashflows_incomplete,long_only
2022,242,-0.09178208414497202,0.14040703566201154,-0.7744862771149149,-0.16746764715072027,0.46,45.81429718850532,0.04158764504082232,0,0,valuation_path_explained_cashflows_incomplete,long_only
2023,242,0.062426974485636944,0.09153821737285843,0.5132681648245415,-0.07330851750196421,0.54,39.28736396024769,0.017733537822116396,0,0,valuation_path_explained_cashflows_incomplete,long_only
2024,242,0.038507408120905584,0.17451663791297636,0.19990487946156205,-0.16587880658861953,0.4807692307692308,34.99918992001924,0.008565258498524886,0,0,valuation_path_explained_cashflows_incomplete,long_only
2025,243,0.2640548929734299,0.15690470485024252,1.4984418668857273,-0.10388740862986234,0.6037735849056604,36.17661852837881,0.016057324765796778,0,2,valuation_path_explained_cashflows_incomplete,long_only
2026,169,0.04662566378508792,0.1262027373604476,0.27643799203127234,-0.06278137137470263,0.42857142857142855,27.13780921889407,0.26552711917802435,0,0,valuation_path_explained_cashflows_incomplete,long_only
rolling_252_to_2020-02-14,252,0.2603318936212604,0.09982089967348089,2.2856233894726476,-0.06115634655233371,0.660377358490566,23.65143961862369,0.5829022911146928,0,0,valuation_path_explained_cashflows_incomplete,long_only
rolling_252_to_2020-03-16,252,0.21249506763657888,0.12029988610754873,1.555798223567577,-0.06207367973509603,0.6111111111111112,25.930677506228495,0.5333276224538537,0,0,valuation_path_explained_cashflows_incomplete,long_only
rolling_252_to_2020-04-15,252,0.12476124159133772,0.11634699575996081,0.9390703284544901,-0.07510948733904232,0.5740740740740741,27.17138321592782,0.502034231112194,0,0,valuation_path_explained_cashflows_incomplete,long_only
rolling_252_to_2020-05-19,252,0.17894542165308125,0.11708513799420715,1.3472059817433626,-0.0751094873390421,0.5740740740740741,27.615207569388296,0.4870035046216181,0,0,valuation_path_explained_cashflows_incomplete,long_only
rolling_252_to_2020-06-17,252,0.2119452089249949,0.11775983368831826,1.5829452331579004,-0.07510948733904199,0.6111111111111112,28.20307352919693,0.4721725166366142,0,0,valuation_path_explained_cashflows_incomplete,long_only
rolling_252_to_2020-07-20,252,0.24990736141195713,0.1206607594579434,1.8175710899390236,-0.07510948733904177,0.6296296296296297,28.830599019566478,0.4651932834498611,0,0,valuation_path_explained_cashflows_incomplete,long_only
rolling_252_to_2020-08-18,252,0.2719872275786672,0.12261137862620909,1.9389267774462566,-0.07510948733904144,0.6111111111111112,29.04517740094473,0.4530063493239212,0,0,valuation_path_explained_cashflows_incomplete,long_only
rolling_252_to_2020-09-16,252,0.21654451933901275,0.12312491179013102,1.5554286921727225,-0.07510948733904221,0.5370370370370371,29.89979594131277,0.4393442700491751,0,0,valuation_path_explained_cashflows_incomplete,long_only
rolling_252_to_2020-10-23,252,0.25100464301399406,0.12540869123185724,1.760680005306767,-0.07510948733904199,0.5740740740740741,31.679700098239916,0.42652472693613364,0,0,valuation_path_explained_cashflows_incomplete,long_only
rolling_252_to_2020-11-23,252,0.2780221499183322,0.12803919970027525,1.900425411286088,-0.07510948733904177,0.5555555555555556,34.20452487382153,0.3892282770975694,0,0,valuation_path_explained_cashflows_incomplete,long_only
rolling_252_to_2020-12-22,252,0.23667083489863128,0.13000738482387103,1.6108387807325282,-0.07510948733904199,0.5,34.97771496034114,0.3561285512786865,0,0,valuation_path_explained_cashflows_incomplete,long_only
rolling_252_to_2021-01-21,252,0.2111438077021095,0.13400892067131806,1.4050508749411221,-0.07510948733904188,0.48148148148148145,36.35142425456281,0.30713792721144895,0,0,valuation_path_explained_cashflows_incomplete,long_only
rolling_252_to_2021-02-26,252,0.029980933504097473,0.1381497812876558,0.14776094334724887,-0.14490585568948366,0.4444444444444444,39.18971093611859,0.2819845513451284,0,0,valuation_path_explained_cashflows_incomplete,long_only
rolling_252_to_2021-03-29,252,0.05530234614624785,0.12617298844707076,0.3496879554791607,-0.14490585568948355,0.4727272727272727,40.79838550917023,0.2685161652115071,0,0,valuation_path_explained_cashflows_incomplete,long_only
rolling_252_to_2021-04-28,252,0.07393005407275277,0.11796134650695692,0.5190436039134252,-0.14490585568948333,0.509090909090909,40.74811245408183,0.26652028380154796,0,0,valuation_path_explained_cashflows_incomplete,long_only
rolling_252_to_2021-06-01,252,0.13982875891968827,0.11632914568427168,1.054737181244207,-0.14490585568948344,0.5272727272727272,40.58766886632374,0.25933309089291384,0,0,valuation_path_explained_cashflows_incomplete,long_only
rolling_252_to_2021-07-01,252,0.10685344813534359,0.11611040441398834,0.7971082557231193,-0.1449058556894839,0.509090909090909,40.76725830944505,0.24836914515702507,0,0,valuation_path_explained_cashflows_incomplete,long_only
rolling_252_to_2021-07-30,252,0.10561482128501631,0.11432210296860873,0.7879998837298987,-0.14490585568948378,0.48148148148148145,41.88669853123842,0.23192253530212753,0,0,valuation_path_explained_cashflows_incomplete,long_only
rolling_252_to_2021-08-30,252,0.1545204276513612,0.11848152179503052,1.146240763067836,-0.144905855689484,0.509090909090909,42.65194105639603,0.20799101736333128,0,0,valuation_path_explained_cashflows_incomplete,long_only
rolling_252_to_2021-09-30,252,0.19162139388813282,0.1269778190949066,1.3425711015501316,-0.14490585568948466,0.5454545454545454,42.38222209998545,0.17819746944298825,0,0,valuation_path_explained_cashflows_incomplete,long_only
rolling_252_to_2021-11-05,252,0.17480243856811106,0.1271519607421174,1.2144089304235004,-0.14490585568948344,0.5555555555555556,41.48519000171057,0.1445653089388091,0,0,valuation_path_explained_cashflows_incomplete,long_only
rolling_252_to_2021-12-06,252,0.2326511573797505,0.12922497671195796,1.5890113857343,-0.14490585568948378,0.5818181818181818,40.53014467381039,0.13623121857857254,0,0,valuation_path_explained_cashflows_incomplete,long_only
rolling_252_to_2022-01-05,252,0.2871207522576049,0.1321866390447451,1.9003986539620359,-0.11681884603700976,0.6363636363636364,40.246850136579184,0.11877624676668087,0,0,valuation_path_explained_cashflows_incomplete,long_only
rolling_252_to_2022-02-10,252,0.2897746863668924,0.1318089968920042,1.9534402585900117,-0.11488423265075409,0.6,38.84805449666835,0.11439022186359017,0,0,valuation_path_explained_cashflows_incomplete,long_only
rolling_252_to_2022-03-11,252,0.27038156753668896,0.13125313994005813,1.7945326364050673,-0.09881856315082438,0.6037735849056604,37.97480299503906,0.11440644697624396,0,0,valuation_path_explained_cashflows_incomplete,long_only
rolling_252_to_2022-04-13,252,0.1836198672888758,0.13382187494771414,1.231838813070439,-0.12807741433103204,0.5740740740740741,36.965949025270014,0.11444737544821806,0,0,valuation_path_explained_cashflows_incomplete,long_only
rolling_252_to_2022-05-17,252,0.20381136179065518,0.14200722511624295,1.3071123163122522,-0.16746764715072016,0.6,37.64630368848345,0.11563625233883161,0,0,valuation_path_explained_cashflows_incomplete,long_only
rolling_252_to_2022-06-16,252,0.16747937810084768,0.14353442737064434,1.0583001605095386,-0.16746764715072016,0.5925925925925926,37.50232023270111,0.10695658672594846,0,0,valuation_path_explained_cashflows_incomplete,long_only
rolling_252_to_2022-07-15,252,0.1482573111256229,0.14354968683451758,0.9351836528401499,-0.16746764715072027,0.5740740740740741,39.133341125776475,0.09547174036155154,0,0,valuation_path_explained_cashflows_incomplete,long_only
rolling_252_to_2022-08-15,252,0.15364727351627816,0.14259506292056978,0.9745899060910208,-0.16746764715072038,0.5925925925925926,40.1723130022266,0.07688528259224497,0,0,valuation_path_explained_cashflows_incomplete,long_only
rolling_252_to_2022-09-14,252,0.060675442312355665,0.14008590823775857,0.3680830691490309,-0.16746764715072016,0.5370370370370371,40.22356451815017,0.06747069828142549,0,0,valuation_path_explained_cashflows_incomplete,long_only
rolling_252_to_2022-10-20,252,0.02464528949846101,0.13968445107709537,0.11033635527501666,-0.16746764715072116,0.5094339622641509,42.45037167896631,0.05513935353688394,0,0,valuation_path_explained_cashflows_incomplete,long_only
rolling_252_to_2022-11-18,252,0.025250779245274524,0.14329056674102444,0.11440767072099922,-0.1674676471507205,0.5,43.42931270184635,0.05133863737335281,0,0,valuation_path_explained_cashflows_incomplete,long_only
rolling_252_to_2022-12-19,252,-0.07698122381684558,0.14031059770258714,-0.6598464915354454,-0.1674676471507195,0.4528301886792453,44.14401333799401,0.041137541592899354,0,0,valuation_path_explained_cashflows_incomplete,long_only
rolling_252_to_2023-01-18,252,-0.04165961134939922,0.13902708087971719,-0.387726497779749,-0.16746764715071993,0.49056603773584906,46.00100478745926,0.039968042517202276,0,0,valuation_path_explained_cashflows_incomplete,long_only
rolling_252_to_2023-02-23,252,-0.04778512448193817,0.13714053975405938,-0.4433452359937026,-0.1577315708147502,0.49056603773584906,47.14733207575158,0.039173266873283125,0,0,valuation_path_explained_cashflows_incomplete,long_only
rolling_252_to_2023-03-24,252,0.028405735413846722,0.12643365007475882,0.1367022407187798,-0.09646384385582951,0.5192307692307693,47.27058587566724,0.03917362745170404,0,0,valuation_path_explained_cashflows_incomplete,long_only
rolling_252_to_2023-04-25,252,0.0598774823199022,0.11930776465122368,0.3990069399903483,-0.08768858665564783,0.5283018867924528,47.663486008261785,0.03913816314586095,0,0,valuation_path_explained_cashflows_incomplete,long_only
rolling_252_to_2023-05-29,252,0.05519408502307899,0.11065658301818217,0.37990572387842797,-0.08768858665564905,0.5283018867924528,47.253037407959525,0.040971642472785126,0,0,valuation_path_explained_cashflows_incomplete,long_only
rolling_252_to_2023-06-29,252,0.03256602127438901,0.10714309631474594,0.18071440289676408,-0.08768858665564871,0.5094339622641509,46.69029343540288,0.03711894811127008,0,0,valuation_path_explained_cashflows_incomplete,long_only
rolling_252_to_2023-07-28,252,0.07384715423356236,0.10630937380203981,0.5593136430280174,-0.08768858665564794,0.5576923076923077,44.52876407744385,0.03472133239062671,0,0,valuation_path_explained_cashflows_incomplete,long_only
rolling_252_to_2023-08-28,252,0.009507455811353038,0.10676033493540862,-0.037975388954796734,-0.08768858665564838,0.5471698113207547,43.35261321858723,0.028067692346526067,0,0,valuation_path_explained_cashflows_incomplete,long_only
rolling_252_to_2023-09-26,252,0.03451723252208927,0.10567217475208068,0.19936639796519956,-0.07938584792251924,0.5471698113207547,42.3934389371619,0.017376245237297992,0,0,valuation_path_explained_cashflows_incomplete,long_only
rolling_252_to_2023-11-02,252,0.03038733304361463,0.10151396776049698,0.1634530752343205,-0.07938584792251924,0.5471698113207547,41.2978505270525,0.018474149658939835,0,0,valuation_path_explained_cashflows_incomplete,long_only
rolling_252_to_2023-12-01,252,0.029960541778164762,0.09413188784678693,0.16236539402136377,-0.06920354659264438,0.5576923076923077,40.93935210172,0.017526363391779,0,0,valuation_path_explained_cashflows_incomplete,long_only
rolling_252_to_2024-01-02,252,0.056289514113941896,0.09281462163583472,0.4481972525685263,-0.07330851750196554,0.5471698113207547,39.08848034149393,0.017552601098748535,0,0,valuation_path_explained_cashflows_incomplete,long_only
rolling_252_to_2024-01-31,252,-0.08673608298457058,0.09884737223473139,-1.0979266385582247,-0.13118271976753482,0.4716981132075472,37.67513042041444,0.01710584914841445,0,0,valuation_path_explained_cashflows_incomplete,long_only
rolling_252_to_2024-03-08,252,-0.03141232601801591,0.10834459414160547,-0.43189940240931424,-0.14294575526300035,0.4528301886792453,36.96945557208939,0.01712132746379826,0,0,valuation_path_explained_cashflows_incomplete,long_only
rolling_252_to_2024-04-10,252,-0.029824815394556947,0.10943490854071512,-0.41250472329834814,-0.14294575526300057,0.4716981132075472,37.37701761597887,0.017125386313627998,0,0,valuation_path_explained_cashflows_incomplete,long_only
rolling_252_to_2024-05-14,252,0.014094062944822294,0.11368009707220515,0.014624461298155355,-0.14294575526300013,0.5,36.57414206781979,0.020889057288816237,0,0,valuation_path_explained_cashflows_incomplete,long_only
rolling_252_to_2024-06-13,252,-0.03081273046887989,0.11111132739950032,-0.4142061212175377,-0.14294575526300068,0.49056603773584906,35.90960264581193,0.017562845253157232,0,0,valuation_path_explained_cashflows_incomplete,long_only
rolling_252_to_2024-07-12,252,-0.0648588059605818,0.11943974674260312,-0.686529560254081,-0.1429457552630019,0.49056603773584906,34.865396194730266,0.01759030485769812,0,0,valuation_path_explained_cashflows_incomplete,long_only
rolling_252_to_2024-08-12,252,-0.14542127571491326,0.12757145873442405,-1.3672967328310666,-0.160286049180703,0.41509433962264153,35.31256869746138,0.01011440001264778,0,0,valuation_path_explained_cashflows_incomplete,long_only
rolling_252_to_2024-09-10,252,-0.14246798696502572,0.13415580521912868,-1.2671265780488443,-0.20274161452158068,0.41509433962264153,34.64581442395236,0.008285741166310444,0,0,valuation_path_explained_cashflows_incomplete,long_only
rolling_252_to_2024-10-18,252,-0.026273750918959338,0.16819913777400858,-0.20090668696817512,-0.1990437982976343,0.4444444444444444,33.87673494608569,0.00829763529118591,0,0,valuation_path_explained_cashflows_incomplete,long_only
rolling_252_to_2024-11-18,252,0.005864510230817244,0.16820109703875052,0.0035969791161054813,-0.18611350225017642,0.43636363636363634,34.86592350898987,0.008274243860509558,0,0,valuation_path_explained_cashflows_incomplete,long_only
rolling_252_to_2024-12-17,252,0.032492264008015415,0.1704829087040553,0.1650889894353494,-0.16653672170201372,0.46296296296296297,34.3562503442942,0.008286882565839055,0,0,valuation_path_explained_cashflows_incomplete,long_only
rolling_252_to_2025-01-16,252,0.04217995573084221,0.17341374742116378,0.2212263559023807,-0.1658788065886201,0.5,34.264691079545,0.008278922398133996,0,0,valuation_path_explained_cashflows_incomplete,long_only
rolling_252_to_2025-02-24,252,0.23860516343971083,0.1732311073214126,1.2926677841181176,-0.16587880658862053,0.5535714285714286,35.130379049197664,0.008271951735697957,0,0,valuation_path_explained_cashflows_incomplete,long_only
rolling_252_to_2025-03-25,252,0.1645602304071192,0.17163855532551392,0.8950291005443427,-0.1658788065886191,0.5454545454545454,35.44094686108149,0.008274428525945399,0,0,valuation_path_explained_cashflows_incomplete,long_only
rolling_252_to_2025-04-24,252,0.11971339867526098,0.18610911187662704,0.618490455446597,-0.16587880658861998,0.509090909090909,34.988935099374565,0.00941533603956954,0,0,valuation_path_explained_cashflows_incomplete,long_only
rolling_252_to_2025-05-28,252,0.08969435184086705,0.18538064937854573,0.46801635369744643,-0.1658788065886201,0.4727272727272727,34.75681651866007,0.008484363737058638,0,2,valuation_path_explained_cashflows_incomplete,long_only
rolling_252_to_2025-06-27,252,0.16504045747215867,0.18646999615862914,0.8386050657302736,-0.14593865294989095,0.509090909090909,33.99710285671825,0.008499030626462126,0,2,valuation_path_explained_cashflows_incomplete,long_only
rolling_252_to_2025-07-28,252,0.24784870616709243,0.1819033641893363,1.2470807186268924,-0.12971186119303457,0.5272727272727272,34.289637913066336,0.008498334021523871,0,2,valuation_path_explained_cashflows_incomplete,long_only
rolling_252_to_2025-08-26,252,0.4083675731678391,0.17838904551899798,1.9727868036720957,-0.10388740862986223,0.5636363636363636,33.908999409737774,0.010487126399841404,0,2,valuation_path_explained_cashflows_incomplete,long_only
rolling_252_to_2025-09-24,252,0.42985406221922484,0.17872536097661243,2.057441602968523,-0.10388740862986234,0.5818181818181818,34.72603385379002,0.012231698313179265,0,2,valuation_path_explained_cashflows_incomplete,long_only
rolling_252_to_2025-10-31,252,0.27943359189219974,0.1553136218294951,1.5863345373859759,-0.10388740862986234,0.5925925925925926,36.145272988772064,0.012211098753280563,0,2,valuation_path_explained_cashflows_incomplete,long_only
rolling_252_to_2025-12-01,252,0.25236334837488483,0.15615979437289823,1.4453433550932047,-0.10388740862986201,0.6181818181818182,36.37908118248193,0.015533413461691183,0,2,valuation_path_explained_cashflows_incomplete,long_only
rolling_252_to_2025-12-30,252,0.2573441890009627,0.15630010538006048,1.4704802821393654,-0.10388740862986234,0.6181818181818182,36.27804975851096,0.01553102818060986,0,2,valuation_path_explained_cashflows_incomplete,long_only
rolling_252_to_2026-01-30,252,0.29313827504461876,0.15803443307325757,1.6445300381076409,-0.10388740862986168,0.6,36.420518155562945,0.017531398761988764,0,2,valuation_path_explained_cashflows_incomplete,long_only
rolling_252_to_2026-03-10,252,0.18224170012053298,0.1565740594184505,1.0637060079713145,-0.10388740862986201,0.5740740740740741,34.86911125459076,0.023024706268085057,0,2,valuation_path_explained_cashflows_incomplete,long_only
rolling_252_to_2026-04-09,252,0.20497298999959646,0.16343576630859954,1.149786181023269,-0.07985940872970554,0.5740740740740741,34.682958427920184,0.024224585235818774,0,2,valuation_path_explained_cashflows_incomplete,long_only
rolling_252_to_2026-05-13,252,0.28875650997675306,0.14796271743227554,1.7450335013256657,-0.06278137137470252,0.6,34.302593959384524,0.03893918411509839,0,2,valuation_path_explained_cashflows_incomplete,long_only
rolling_252_to_2026-06-11,252,0.2542756638569541,0.1465808866678375,1.5442188376866666,-0.06278137137470274,0.5740740740740741,32.23050659972772,0.071893569000146,0,0,valuation_path_explained_cashflows_incomplete,long_only
rolling_252_to_2026-07-13,252,0.18447885020453358,0.14546283653536288,1.1462127211710404,-0.06278137137470252,0.5555555555555556,30.8445012298038,0.10959623580281462,0,0,valuation_path_explained_cashflows_incomplete,long_only
rolling_252_to_2026-08-11,252,0.13835197268019073,0.14245910839897688,0.8778554999950535,-0.06278137137470186,0.5370370370370371,30.41321467635143,0.1510715021734642,0,0,valuation_path_explained_cashflows_incomplete,long_only
rolling_252_to_2026-09-09,252,0.06656123763565347,0.13743385450558326,0.41282957828765227,-0.06278137137470241,0.5185185185185185,30.425019002808806,0.18438564010711603,0,0,valuation_path_explained_cashflows_incomplete,long_only
2019,226,0.06441213471673968,0.06495460928801101,0.7234779535933705,-0.041096163651208495,0.5833333333333334,39.33393475335336,0.6105325102808028,0,0,valuation_path_explained_cashflows_incomplete,long_short
2020,243,0.2511937601871803,0.09759601195654026,2.2291367137722102,-0.04649731307452032,0.5384615384615384,61.99993153086986,0.32654228866526613,0,0,valuation_path_explained_cashflows_incomplete,long_short
2021,243,0.07700033364396863,0.11899226891324169,0.5359112404017103,-0.0785631917406121,0.5,73.58484481799906,0.12360305754308058,0,0,valuation_path_explained_cashflows_incomplete,long_short
2022,242,-0.0438372728978319,0.07962802774034547,-0.784859242587127,-0.08868267499169702,0.48,91.96224959308135,0.04717569699421186,0,0,valuation_path_explained_cashflows_incomplete,long_short
2023,242,-0.01792456036198875,0.05800074285341489,-0.6286531697514692,-0.04881327363461163,0.48,81.44650938279452,0.021457829082648417,0,0,valuation_path_explained_cashflows_incomplete,long_short
2024,242,0.06924451299749368,0.11303003649532346,0.49943982066005344,-0.09823698516548318,0.5,65.45258423677403,0.014492724021358785,0,0,valuation_path_explained_cashflows_incomplete,long_short
2025,243,0.08598279256121155,0.10821133991607895,0.6615261329754543,-0.07304205412301779,0.5849056603773585,63.18370421957667,0.018356216248128995,0,2,valuation_path_explained_cashflows_incomplete,long_short
2026,169,-0.0076766348697587805,0.07799624393393118,-0.3124100344686616,-0.061726267129809886,0.45714285714285713,48.09157275180166,0.2672878159492283,0,0,valuation_path_explained_cashflows_incomplete,long_short
rolling_252_to_2020-02-14,252,0.18267738232871955,0.07453411217288672,2.1363015663383136,-0.041096163651208495,0.6415094339622641,40.283194407148734,0.5826112564948517,0,0,valuation_path_explained_cashflows_incomplete,long_short
rolling_252_to_2020-03-16,252,0.15994219701684798,0.08657812132002765,1.5915582773328567,-0.04109616365120938,0.5925925925925926,43.787710785787915,0.5331594160408231,0,0,valuation_path_explained_cashflows_incomplete,long_short
rolling_252_to_2020-04-15,252,0.1357116807399823,0.08289972518465251,1.3989806501838018,-0.04109616365120905,0.5925925925925926,45.943818689091906,0.5030358585806445,0,0,valuation_path_explained_cashflows_incomplete,long_short
rolling_252_to_2020-05-19,252,0.13618136568385553,0.08556016403938586,1.3589883080288814,-0.04109616365120938,0.5555555555555556,49.137330502166904,0.487937405129524,0,0,valuation_path_explained_cashflows_incomplete,long_short
rolling_252_to_2020-06-17,252,0.1796578468975205,0.08530824490616326,1.818578401913787,-0.03547017149942866,0.5740740740740741,49.440722546300066,0.4731131391378152,0,0,valuation_path_explained_cashflows_incomplete,long_short
rolling_252_to_2020-07-20,252,0.2214969460832843,0.08649197221833546,2.2185331928049803,-0.03547017149942855,0.6111111111111112,49.54781104681402,0.46611738216773074,0,0,valuation_path_explained_cashflows_incomplete,long_short
rolling_252_to_2020-08-18,252,0.23690245112641084,0.08825593582687834,2.323413671627092,-0.03547017149942877,0.5925925925925926,48.81822853511498,0.4538837241897724,0,0,valuation_path_explained_cashflows_incomplete,long_short
rolling_252_to_2020-09-16,252,0.20285944261813627,0.08862250605128878,1.987130355596119,-0.03547017149942866,0.5555555555555556,49.873736352992836,0.4403451083974429,0,0,valuation_path_explained_cashflows_incomplete,long_short
rolling_252_to_2020-10-23,252,0.2482751452296923,0.0904402367491986,2.37455171911388,-0.04147824241752451,0.5740740740740741,52.88661607716086,0.4276475616544692,0,0,valuation_path_explained_cashflows_incomplete,long_short
rolling_252_to_2020-11-23,252,0.2798038009039041,0.09217639059832142,2.6126099049169524,-0.0414782424175244,0.6111111111111112,58.65114846720112,0.39044092943169045,0,0,valuation_path_explained_cashflows_incomplete,long_short
rolling_252_to_2020-12-22,252,0.25685353270969746,0.09464571261207988,2.348297197827369,-0.04147824241752429,0.5555555555555556,60.59205612472594,0.3574833135327331,0,0,valuation_path_explained_cashflows_incomplete,long_short
rolling_252_to_2021-01-21,252,0.23262190691097162,0.09793953542151354,2.066107282869015,-0.057049426343756204,0.5185185185185185,63.519965834556444,0.3087791711916203,0,0,valuation_path_explained_cashflows_incomplete,long_short
rolling_252_to_2021-02-26,252,0.0627676427756827,0.09854961099398667,0.48694660393468486,-0.10944518988552643,0.46296296296296297,68.14466472861419,0.2845616374338328,0,0,valuation_path_explained_cashflows_incomplete,long_short
rolling_252_to_2021-03-29,252,0.08193081184115414,0.09005106948515065,0.7331859263901506,-0.10944518988552698,0.4727272727272727,71.38696135063866,0.2713791420525789,0,0,valuation_path_explained_cashflows_incomplete,long_short
rolling_252_to_2021-04-28,252,0.049808580945664316,0.09164058658075387,0.38156457978707237,-0.10944518988552698,0.43636363636363634,72.08141337518173,0.26860842289442616,0,0,valuation_path_explained_cashflows_incomplete,long_short
rolling_252_to_2021-06-01,252,0.09240687587115093,0.0916245914879875,0.8310362048101508,-0.1094451898855271,0.4727272727272727,69.76337030455292,0.2611491076880063,0,0,valuation_path_explained_cashflows_incomplete,long_short
rolling_252_to_2021-07-01,252,0.06524985209572831,0.09335617176946001,0.5400083969999661,-0.10944518988552676,0.4727272727272727,69.75869249204248,0.2503411545466806,0,0,valuation_path_explained_cashflows_incomplete,long_short
rolling_252_to_2021-07-30,252,0.023348338899974452,0.09574702063126503,0.09126653251644214,-0.1094451898855271,0.4074074074074074,71.51962796438848,0.23373252461504113,0,0,valuation_path_explained_cashflows_incomplete,long_short
rolling_252_to_2021-08-30,252,0.07752561420879567,0.10131081717529278,0.6185009871866946,-0.10944518988552665,0.43636363636363634,74.50548832197738,0.2098672734874849,0,0,valuation_path_explained_cashflows_incomplete,long_short
rolling_252_to_2021-09-30,252,0.09578540029888782,0.10770817188054396,0.7536889610943325,-0.1094451898855271,0.4727272727272727,75.34098764011948,0.1799884639946959,0,0,valuation_path_explained_cashflows_incomplete,long_short
rolling_252_to_2021-11-05,252,0.050424226165215025,0.1096496584894308,0.33839378064012793,-0.10944518988552765,0.46296296296296297,75.4208039038875,0.14627671334994263,0,0,valuation_path_explained_cashflows_incomplete,long_short
rolling_252_to_2021-12-06,252,0.09218973673810615,0.11566817335620928,0.6778711643392689,-0.10944518988552732,0.4727272727272727,73.14689313029254,0.13795689163240288,0,0,valuation_path_explained_cashflows_incomplete,long_short
rolling_252_to_2022-01-05,252,0.05500321887277271,0.11811126888351976,0.36387880317490234,-0.09397755209960801,0.4909090909090909,73.57394022683349,0.12060314834928364,0,0,valuation_path_explained_cashflows_incomplete,long_short
rolling_252_to_2022-02-10,252,0.06590231245351785,0.11715346476032615,0.4659053400539938,-0.07374822113322377,0.4909090909090909,72.20239113284428,0.116169016991463,0,0,valuation_path_explained_cashflows_incomplete,long_short
rolling_252_to_2022-03-11,252,0.13029684558385246,0.11187502862049344,1.0083950979145224,-0.0690979419900476,0.5471698113207547,71.59550680666712,0.1173083680496668,0,0,valuation_path_explained_cashflows_incomplete,long_short
rolling_252_to_2022-04-13,252,0.07871387571018107,0.11153440833100264,0.5872710347322234,-0.0690979419900477,0.5,69.69685219536461,0.11759623611351086,0,0,valuation_path_explained_cashflows_incomplete,long_short
rolling_252_to_2022-05-17,252,0.10509306785118344,0.11083810618465538,0.8269993532089325,-0.08334414170259308,0.509090909090909,71.30121996721216,0.11926261021476928,0,0,valuation_path_explained_cashflows_incomplete,long_short
rolling_252_to_2022-06-16,252,0.06936774077835728,0.10996229006435805,0.5117457206859051,-0.08334414170259252,0.5185185185185185,72.6451008611318,0.11089024560384328,0,0,valuation_path_explained_cashflows_incomplete,long_short
rolling_252_to_2022-07-15,252,0.014881181024343437,0.110473730546644,0.016956569423455185,-0.09235699119735086,0.5,76.20555251197355,0.09918283127678203,0,0,valuation_path_explained_cashflows_incomplete,long_short
rolling_252_to_2022-08-15,252,0.02013888919391471,0.10739526531703743,0.06425700664188116,-0.10147279636928375,0.5,80.43410737566555,0.08072272710723354,0,0,valuation_path_explained_cashflows_incomplete,long_short
rolling_252_to_2022-09-14,252,-0.0475921982838704,0.10090727125755651,-0.6459499320669899,-0.10147279636928341,0.5185185185185185,82.28741013662737,0.07150651895086739,0,0,valuation_path_explained_cashflows_incomplete,long_short
rolling_252_to_2022-10-20,252,-0.05330842138352643,0.09626758836050016,-0.7437410158032544,-0.10955061382733411,0.5094339622641509,86.24689313750025,0.05972165185447437,0,0,valuation_path_explained_cashflows_incomplete,long_short
rolling_252_to_2022-11-18,252,-0.019861753816794114,0.09270000953434779,-0.387264108939594,-0.10955061382733433,0.5192307692307693,87.75423703854621,0.056340850484373574,0,0,valuation_path_explained_cashflows_incomplete,long_short
rolling_252_to_2022-12-19,252,-0.09485873056658589,0.0837192507452957,-1.423250638100726,-0.10955061382733455,0.4528301886792453,89.76331312280304,0.0465304247403887,0,0,valuation_path_explained_cashflows_incomplete,long_short
rolling_252_to_2023-01-18,252,-0.034206976849999515,0.0786759381719773,-0.6667490774482451,-0.08868267499169624,0.49056603773584906,92.35910791979089,0.04537824863171271,0,0,valuation_path_explained_cashflows_incomplete,long_short
rolling_252_to_2023-02-23,252,-0.03241453121760873,0.07591799444003418,-0.6685001683572875,-0.08868267499169658,0.49056603773584906,93.68163046892326,0.04469809365867191,0,0,valuation_path_explained_cashflows_incomplete,long_short
rolling_252_to_2023-03-24,252,-0.05651230679761021,0.07304072871685785,-1.050669114037823,-0.08801269064233319,0.4423076923076923,94.47284968766921,0.04318708519637937,0,0,valuation_path_explained_cashflows_incomplete,long_short
rolling_252_to_2023-04-25,252,-0.03215148509365062,0.07106762021023381,-0.7138984731900113,-0.08801269064233297,0.49056603773584906,95.99784499385036,0.042958704337982885,0,0,valuation_path_explained_cashflows_incomplete,long_short
rolling_252_to_2023-05-29,252,-0.03818991013171724,0.06848135260179582,-0.8377796706949174,-0.08801269064233341,0.4716981132075472,96.4797244861353,0.044295972088882314,0,0,valuation_path_explained_cashflows_incomplete,long_short
rolling_252_to_2023-06-29,252,-0.04634349195544152,0.06597401254074582,-1.007320537112906,-0.07029948562382304,0.4716981132075472,95.57731630273494,0.040567947303154654,0,0,valuation_path_explained_cashflows_incomplete,long_short
rolling_252_to_2023-07-28,252,-0.0016239423105337547,0.06125731908309096,-0.31549397750152725,-0.03541587351761932,0.5,92.51460588562682,0.0381636838519743,0,0,valuation_path_explained_cashflows_incomplete,long_short
rolling_252_to_2023-08-28,252,0.014738702021335426,0.06356347027648185,-0.037257140620636515,-0.035415873517618546,0.5094339622641509,90.46616024885763,0.03225542736369387,0,0,valuation_path_explained_cashflows_incomplete,long_short
rolling_252_to_2023-09-26,252,0.018337356388193893,0.06363532685424202,0.01965226355746818,-0.03541587351761877,0.5094339622641509,88.1102859629033,0.021532619243860338,0,0,valuation_path_explained_cashflows_incomplete,long_short
rolling_252_to_2023-11-02,252,0.022550517105295986,0.06297492113896602,0.08784710292993006,-0.035415873517619434,0.5094339622641509,85.03016888855022,0.022717223507277506,0,0,valuation_path_explained_cashflows_incomplete,long_short
rolling_252_to_2023-12-01,252,-0.021677431472260755,0.06098908556997829,-0.6596178403614208,-0.04248655353508113,0.46153846153846156,84.21591753220656,0.021328885962393657,0,0,valuation_path_explained_cashflows_incomplete,long_short
rolling_252_to_2024-01-02,252,-0.014437516635143588,0.05836928196499029,-0.5639194346030036,-0.04881327363461152,0.4716981132075472,80.38841582024207,0.021364616687641086,0,0,valuation_path_explained_cashflows_incomplete,long_short
rolling_252_to_2024-01-31,252,-0.047637131688836765,0.057404234352535125,-1.1913683633029883,-0.0638893179652138,0.4339622641509434,76.82459452352008,0.021911297737069593,0,0,valuation_path_explained_cashflows_incomplete,long_short
rolling_252_to_2024-03-08,252,-0.0004857181950808087,0.060864228619985986,-0.29874835888722817,-0.06388931796521347,0.4528301886792453,75.63279904058848,0.02231288446802258,0,0,valuation_path_explained_cashflows_incomplete,long_short
rolling_252_to_2024-04-10,252,0.008199457437412017,0.06165716483859336,-0.14778588258533842,-0.06388931796521424,0.4716981132075472,75.76362380776158,0.02231417381675552,0,0,valuation_path_explained_cashflows_incomplete,long_short
rolling_252_to_2024-05-14,252,-0.0029389631296459218,0.06580109204432244,-0.3110885902854076,-0.06388931796521313,0.46296296296296297,73.533778283092,0.025597409109189506,0,0,valuation_path_explained_cashflows_incomplete,long_short
rolling_252_to_2024-06-13,252,-0.02637709998772486,0.06361124559722148,-0.7135565684589411,-0.06388931796521391,0.4528301886792453,69.90122934994626,0.022332721452105235,0,0,valuation_path_explained_cashflows_incomplete,long_short
rolling_252_to_2024-07-12,252,-0.01183076262255811,0.06663298537201769,-0.44517158875544444,-0.06388931796521446,0.4528301886792453,68.83002967812699,0.0226836027718207,0,0,valuation_path_explained_cashflows_incomplete,long_short
rolling_252_to_2024-08-12,252,-0.057656637861569604,0.0726416895690276,-1.0807257080582042,-0.08513651106794462,0.4339622641509434,69.49106868547925,0.015950528133047842,0,0,valuation_path_explained_cashflows_incomplete,long_short
rolling_252_to_2024-09-10,252,-0.0582853235809937,0.07530685901421187,-1.049077209794779,-0.11023738786849668,0.41509433962264153,66.67415902672471,0.01386867994055823,0,0,valuation_path_explained_cashflows_incomplete,long_short
rolling_252_to_2024-10-18,252,0.0500187028671093,0.10802014627213712,0.35249147084993054,-0.1102373878684958,0.4444444444444444,64.41846750540924,0.014796158207893656,0,0,valuation_path_explained_cashflows_incomplete,long_short
rolling_252_to_2024-11-18,252,0.04353910249024584,0.10750410839146513,0.28597397173422057,-0.0982369851654834,0.45454545454545453,66.31506091808052,0.014218178592838297,0,0,valuation_path_explained_cashflows_incomplete,long_short
rolling_252_to_2024-12-17,252,0.07008157285064631,0.10896229989355367,0.5213238288285343,-0.09823698516548462,0.48148148148148145,65.31070672305088,0.01427022482247594,0,0,valuation_path_explained_cashflows_incomplete,long_short
rolling_252_to_2025-01-16,252,0.07182468357054139,0.11238772826115297,0.5238623001743249,-0.0982369851654834,0.5370370370370371,63.89259276337885,0.014027858776333077,0,0,valuation_path_explained_cashflows_incomplete,long_short
rolling_252_to_2025-02-24,252,0.146747390835684,0.11831414984698614,1.129475722239114,-0.09823698516548496,0.5357142857142857,65.08308099096693,0.012802224159343685,0,0,valuation_path_explained_cashflows_incomplete,long_short
rolling_252_to_2025-03-25,252,0.10446806548379994,0.1199391842378821,0.7584905187237801,-0.09720655966977021,0.509090909090909,65.49029402495022,0.012457894202186702,0,0,valuation_path_explained_cashflows_incomplete,long_short
rolling_252_to_2025-04-24,252,0.08090597052953075,0.1274804921687516,0.5433056685127207,-0.09053345847679883,0.4909090909090909,64.10110183481126,0.013813718425485882,0,0,valuation_path_explained_cashflows_incomplete,long_short
rolling_252_to_2025-05-28,252,0.08489829956612716,0.12663921253605198,0.5762938387513759,-0.08597671294438591,0.4909090909090909,63.01125395858764,0.012915410687171346,0,2,valuation_path_explained_cashflows_incomplete,long_short
rolling_252_to_2025-06-27,252,0.12455968493210334,0.12707604812322523,0.868054546507118,-0.08561841804783743,0.5272727272727272,62.26874656218978,0.012689513797416634,0,2,valuation_path_explained_cashflows_incomplete,long_short
rolling_252_to_2025-07-28,252,0.12090312133278469,0.1251514421575421,0.8524701009625307,-0.08227990003027641,0.5272727272727272,62.02710841607333,0.012090480345157457,0,2,valuation_path_explained_cashflows_incomplete,long_short
rolling_252_to_2025-08-26,252,0.17589297158007478,0.12497735022370983,1.2513220361856772,-0.07304205412301812,0.5818181818181818,61.193387431712594,0.013381533567500813,0,2,valuation_path_explained_cashflows_incomplete,long_short
rolling_252_to_2025-09-24,252,0.21851934946155915,0.12295262613600885,1.5706467593525806,-0.0730420541230179,0.6181818181818182,62.37353957541029,0.0156569359482369,0,2,valuation_path_explained_cashflows_incomplete,long_short
rolling_252_to_2025-10-31,252,0.0813548787113394,0.10508163662520971,0.6330487783717835,-0.07304205412301756,0.5925925925925926,63.14973524930302,0.014519811777830946,0,2,valuation_path_explained_cashflows_incomplete,long_short
rolling_252_to_2025-12-01,252,0.06326333135612439,0.10777114610600694,0.4617918238098178,-0.07304205412301767,0.5818181818181818,63.57100659760905,0.017917944958726225,0,2,valuation_path_explained_cashflows_incomplete,long_short
rolling_252_to_2025-12-30,252,0.07912395818896689,0.10850741435053465,0.6006518273354349,-0.0730420541230179,0.6,63.09979654499772,0.01796010650608547,0,2,valuation_path_explained_cashflows_incomplete,long_short
rolling_252_to_2026-01-30,252,0.0808902880580038,0.10798500139517754,0.6206956559678873,-0.07304205412301767,0.5818181818181818,63.879269740117856,0.01991553915175818,0,2,valuation_path_explained_cashflows_incomplete,long_short
rolling_252_to_2026-03-10,252,-0.012181855268715291,0.10283120708847887,-0.26216548240897447,-0.08487607183990109,0.5370370370370371,61.61116989437653,0.02533224507266582,0,2,valuation_path_explained_cashflows_incomplete,long_short
rolling_252_to_2026-04-09,252,0.0009546958965571672,0.1038619659407559,-0.12654371745121532,-0.09238127423888631,0.5555555555555556,60.36781914002966,0.026622813740817923,0,2,valuation_path_explained_cashflows_incomplete,long_short
rolling_252_to_2026-05-13,252,0.04579769522766375,0.09780953592328631,0.33047963349769827,-0.09238127423888742,0.6,59.8367145205011,0.04097860824152529,0,2,valuation_path_explained_cashflows_incomplete,long_short
rolling_252_to_2026-06-11,252,0.050198002389347796,0.09679936101560482,0.37159957125433374,-0.09238127423888598,0.5555555555555556,56.03272272757839,0.07412637456148945,0,0,valuation_path_explained_cashflows_incomplete,long_short
rolling_252_to_2026-07-13,252,0.030806576381476436,0.09655355616931156,0.17197421536380275,-0.09238127423888687,0.5370370370370371,54.038294395028245,0.11206423152998223,0,0,valuation_path_explained_cashflows_incomplete,long_short
rolling_252_to_2026-08-11,252,0.007553169579172847,0.09532060055904125,-0.07543975255797786,-0.09238127423888587,0.5185185185185185,52.605242089632355,0.1533458788474297,0,0,valuation_path_explained_cashflows_incomplete,long_short
rolling_252_to_2026-09-09,252,0.0187033278417692,0.09018871100413248,0.04163571494957063,-0.09238127423888542,0.5370370370370371,52.34953184792756,0.18685132052836445,0,0,valuation_path_explained_cashflows_incomplete,long_short
