date,rebalance_date,benchmark_return,long_return_ew,long_return_ew_gross,ew_turnover,liquidity_return,liquidity_return_gross,liquidity_turnover,volatility_return,volatility_return_gross,volatility_turnover,price_volume_return,price_volume_return_gross,price_volume_turnover,valuation_return,valuation_return_gross,valuation_turnover,momentum_return,momentum_return_gross,momentum_turnover,bs_deviation_return,bs_deviation_return_gross,bs_deviation_turnover,benchmark_nav,long_nav,long_nav_gross,liquidity_nav,liquidity_nav_gross,volatility_nav,volatility_nav_gross,price_volume_nav,price_volume_nav_gross,valuation_nav,valuation_nav_gross,momentum_nav,momentum_nav_gross,bs_deviation_nav,bs_deviation_nav_gross
2019-02-22,2019-01-25,0.056231682462920984,0.08000944490743049,0.0806094449074305,1.0,0.05008350697408854,0.05068350697408854,1.0,0.07660991720629834,0.07720991720629834,1.0,0.06780547590168656,0.06840547590168657,1.0,0.06581424335295474,0.06641424335295475,1.0,0.08793767304308418,0.08853767304308419,1.0,0.09191023127508716,0.09251023127508716,1.0,1.056231682462921,1.0800094449074304,1.0806094449074304,1.0500835069740886,1.0506835069740885,1.0766099172062984,1.0772099172062983,1.0678054759016866,1.0684054759016866,1.0658142433529547,1.0664142433529546,1.087937673043084,1.0885376730430842,1.0919102312750872,1.0925102312750872
2019-03-29,2019-02-22,0.054042180953750046,0.1060128499485687,0.10624142137714013,0.38095238095238093,0.07500735617722155,0.0751502133200787,0.23809523809523808,0.10599662306054074,0.10611090877482646,0.19047619047619047,0.06944698436002893,0.06984698436002892,0.6666666666666666,0.10493116816325768,0.10510259673468625,0.2857142857142857,0.09515599197331519,0.09544170625902948,0.47619047619047616,0.10954899434506894,0.10966328005935466,0.19047619047619047,1.113312746175666,1.1945043241334388,1.1954149282879583,1.12884749459752,1.1296425966550798,1.1907269327836543,1.1915136404623141,1.1419613460861844,1.143030376467161,1.1776513769530188,1.1784971495242056,1.191461461526639,1.19242956588555,1.2115278990263647,1.2123184867351173
2019-04-30,2019-03-29,-0.024140111468356804,-0.039182256689017717,-0.03885498396174499,0.5454545454545454,-0.048295409347476934,-0.0481590457111133,0.22727272727272727,-0.04021592770773027,-0.03997047316227572,0.4090909090909091,-0.054437241440754125,-0.053973605077117764,0.7727272727272727,-0.039763321585036246,-0.0395178670395817,0.4090909090909091,-0.06676955959476966,-0.06636046868567874,0.6818181818181818,-0.02821752896775926,-0.028026619876850168,0.3181818181818182,1.086437252383843,1.1477009490891008,1.148967100421699,1.074329342755059,1.0752400872055472,1.1428407445351794,1.1438882764737297,1.0797961205732822,1.0813369063365732,1.1308240465361752,1.131925455862782,1.1119081044663646,1.1132993810187244,1.1773415754403398,1.1783412973377139
2019-05-31,2019-04-30,-0.0239851051629653,-0.03357098478080916,-0.03325898478080916,0.52,-0.044437156553434894,-0.044245156553434896,0.32,-0.03576622604852729,-0.035526226048527294,0.4,-0.03151801210545543,-0.03099001210545543,0.88,-0.03150457573412637,-0.03124057573412637,0.44,-0.03223836670891097,-0.03180636670891097,0.72,-0.017776610100110654,-0.017560610100110653,0.36,1.0603789406324535,1.1091714979943104,1.1107536211151234,1.0265892015611036,1.0276659212146089,1.101965644128667,1.1032502429894637,1.0457630933736297,1.047826262519127,1.095197914720105,1.0965634529335153,1.0760620032479677,1.0778893726492391,1.1564124332990868,1.1576489052503076
2019-06-28,2019-05-31,0.012601469574789968,0.013867707092241902,0.014167707092241901,0.5,0.022526631508515124,0.022783774365657983,0.42857142857142855,0.0069312626435150135,0.007102691214943585,0.2857142857142857,-0.00033902485218128,8.954657639014853e-05,0.7142857142857143,0.018064127062812473,0.018364127062812475,0.5,0.004078007896813111,0.004378007896813111,0.5,0.01599452498577868,0.016230239271492967,0.39285714285714285,1.0737412735905814,1.1245531634435586,1.1264904530707296,1.0497147982152912,1.0510800296868386,1.1096036574322528,1.1110862887982293,1.045408553695482,1.0479200917735874,1.1149817090105363,1.116700883515623,1.0804501925946735,1.0826083808345885,1.1749087008573542,1.176437823974902
2019-07-26,2019-06-28,0.01837719558528106,-0.01083116554092594,-0.010595451255211654,0.39285714285714285,-0.0025272181267762582,-0.002312932412490544,0.35714285714285715,-0.01265431484088033,-0.01248288626945176,0.2857142857142857,0.013396970536250248,0.013868399107678819,0.7857142857142857,-0.014513796924046647,-0.014363796924046646,0.25,-0.002039962984200045,-0.0016756772699143309,0.6071428571428571,-0.007162430500323555,-0.007012430500323555,0.25,1.093473626983344,1.1123729419707296,1.1145547783857574,1.0470619399492962,1.0486489526180545,1.0955623834025128,1.0972167250196139,1.0594138612876844,1.062453065839259,1.098799090911931,1.100660818799901,1.0782461141955084,1.0807942785786053,1.166493498943238,1.1681881354963262
2019-08-30,2019-07-26,0.013109368829750133,0.025501522897393387,0.025729109104289938,0.3793103448275862,0.02737738339797869,0.027542900639358,0.27586206896551724,0.025207413378773063,0.025372930620152372,0.27586206896551724,0.0157377274634282,0.01613083091170406,0.6551724137931034,0.013306046902155429,0.013450874488362324,0.2413793103448276,0.038690127593043126,0.03906254138614657,0.6206896551724138,0.026980817023131685,0.027208403230028235,0.3793103448275862,1.1078083760650732,1.140740146020837,1.1432312798815523,1.0757277561207195,1.0775317865255802,1.1231786772831738,1.1250563288588074,1.0760866279076082,1.0795913165959337,1.113419763151651,1.1154656693278366,1.1199635939304355,1.1230128498154925,1.1979664465968982,1.1999726693354449
2019-09-30,2019-08-30,0.004349450306704206,0.0053390990345724655,0.005619099034572465,0.4666666666666667,0.017681148967669383,0.01788114896766938,0.3333333333333333,0.0074350633532848055,0.007555063353284806,0.2,0.005251631335459351,0.0057316313354593505,0.8,0.006812368955157307,0.006972368955157306,0.26666666666666666,-0.0024645317424654657,-0.0021445317424654657,0.5333333333333333,0.006521532356707874,0.006701532356707874,0.3,1.112626733546119,1.146830670633155,1.1496552096626276,1.0947478588253465,1.096799292917843,1.1315295819058326,1.1335562006993496,1.0817378381623965,1.0857791360156248,1.121004789380204,1.1232431075312017,1.1172034081027884,1.1206045131118667,1.2057790235406303,1.2080143250061615
2019-10-25,2019-09-30,0.013105165756585775,0.02205172452351909,0.02225172452351909,0.3333333333333333,0.026377650560661037,0.02667765056066104,0.5,0.025448685563088307,0.02549868556308831,0.08333333333333333,0.009571075133487083,0.010071075133487083,0.8333333333333334,0.011025101372801068,0.011225101372801069,0.3333333333333333,0.029965862332662758,0.030315862332662757,0.5833333333333334,0.03342565936968343,0.033475659369683435,0.08333333333333333,1.1272078913144494,1.1721202646570799,1.175237020685069,1.1236247352974733,1.1260593211894852,1.1603255224410869,1.1624603938290714,1.0920912322861847,1.0967140992728108,1.1333639808225162,1.1358516252795396,1.1506813716275783,1.1545766052607265,1.2460829824566089,1.2484534010637658
2019-11-29,2019-10-25,-0.003354186117488216,-0.007410815541491364,-0.00705909140356033,0.5862068965517241,-0.016435883543171017,-0.01602209043972274,0.6896551724137931,-0.010222603854174601,-0.009850190061071153,0.6206896551724138,-0.004468375646720272,-0.003930444612237513,0.896551724137931,-0.006608627073696367,-0.006236213280592919,0.6206896551724138,0.0008617048768594815,0.0012961876354801712,0.7241379310344828,-0.005834195592547911,-0.005441092144272049,0.6551724137931034,1.1234270262538795,1.163433897583262,1.1669409151352053,1.1051569700018977,1.1080174969048944,1.1484639742832834,1.1510099380113874,1.0872113584198404,1.0924035252501592,1.1258740009345003,1.1287682122891884,1.1516729193772213,1.1560731531806803,1.2388130906124115,1.241660451070748
2019-12-27,2019-11-29,0.0444815871885692,0.07896917583149307,0.07921745169356204,0.41379310344827586,0.0697495140373237,0.06997710024422026,0.3793103448275862,0.07152569468712172,0.07169121192850103,0.27586206896551724,0.04419909054559479,0.04465426295938789,0.7586206896551724,0.06543481952644818,0.06555895745748266,0.20689655172413793,0.07048429416260261,0.07081532864536123,0.5517241379310345,0.06648857773668496,0.06665409497806427,0.27586206896551724,1.1733988434721863,1.2553093136098339,1.2593830007091693,1.1822411315944912,1.1855533483581582,1.2306086578670279,1.2335272354091724,1.135265111692838,1.141183999524442,1.1995453629951696,1.2027690794980141,1.2328477722057087,1.2379408534612493,1.3211800110888179,1.3244222047069238
2020-01-23,2019-12-27,0.012208923458741463,0.06087645795325334,0.06115881089442981,0.47058823529411764,0.04599087747539212,0.046184995122450945,0.3235294117647059,0.06282501441688115,0.06301913206393997,0.3235294117647059,0.027191728290550013,0.027685845937608835,0.8235294117647058,0.0481030819619531,0.04827955255018839,0.29411764705882354,0.03673263806981352,0.03701499101098999,0.47058823529411764,0.04860419631449666,0.048798313961555484,0.3235294117647059,1.1877247801387139,1.33172809825813,1.336405367493201,1.2366134386240224,1.240308123969485,1.3079216645390628,1.3112630511618897,1.1661349321477306,1.1727786439217398,1.257247191908407,1.2608382324773804,1.2781335232173168,1.2837632230242548,1.3853949037145679,1.389051775269868
2020-02-28,2020-01-23,0.020087077294582558,0.047715443909825773,0.04791544390982577,0.3333333333333333,0.033289930583924196,0.03342326391725753,0.2222222222222222,0.02105971169703864,0.021243045030371974,0.3055555555555556,0.057769993332594874,0.05821999333259487,0.75,0.039612341065328016,0.03979567439866135,0.3055555555555556,0.06907268614870972,0.06940601948204306,0.5555555555555556,0.07618709181998692,0.0764037584866536,0.3611111111111111,1.2115826996020511,1.3952720956337048,1.4004398239201115,1.277780214154964,1.2817632697356358,1.3354661177165663,1.3391182712043848,1.233502539402811,1.2410578087514732,1.3070496964777085,1.311014140246434,1.366417638922651,1.3728641182918064,1.4909441124508116,1.495180551633044
2020-03-27,2020-02-28,-0.016696818946168757,0.04737906806903728,0.04760012070061623,0.3684210526315789,0.04865079552264001,0.04876132183842948,0.18421052631578946,0.040052119158656634,0.04024159284286716,0.3157894736842105,0.04751057820182061,0.04793689399129429,0.7105263157894737,0.019523520591762336,0.019728783749657072,0.34210526315789475,0.01126256010164456,0.01156256010164456,0.5,0.030022201896641912,0.030195886107168227,0.2894736842105263,1.1913531226284855,1.4613787872275625,1.4671009285726586,1.3399452380766923,1.344263741051893,1.3889543657956989,1.3930065234426359,1.2921069582632525,1.3005502653666605,1.3325679081413477,1.3368788547120984,1.3818069997049645,1.3887379421709465,1.5357055376114193,1.5403288532798085
2020-04-30,2020-03-27,0.005361956990544411,0.11099994344213923,0.11124318668538248,0.40540540540540543,0.07458075800891016,0.07471048773863989,0.21621621621621623,0.10508226373193115,0.10527685832652574,0.32432432432432434,0.04853713903504352,0.048958760656665136,0.7027027027027027,0.04517995548172509,0.04534211764388725,0.2702702702702703,0.07243529968656408,0.07272719157845597,0.4864864864864865,0.019368240286075585,0.019595267313102613,0.3783783783783784,1.19774110683257,1.6235917499573638,1.6303059110561648,1.4398793696228815,1.4446943407952486,1.5349088347738595,1.5396578738590325,1.354822133344623,1.364223594530709,1.3927732669075494,1.3974957730180797,1.4818986038375854,1.4897369525434836,1.5654494514725341,1.5705120089099112
2020-05-29,2020-04-30,-0.032477548924032096,-0.05139736417134075,-0.05119736417134075,0.3333333333333333,-0.05149580921157826,-0.05137273228850134,0.20512820512820512,-0.037136103335554,-0.03701302641247708,0.20512820512820512,-0.02916320605596865,-0.02873243682519942,0.717948717948718,-0.024141397431025873,-0.023972166661795104,0.28205128205128205,-0.04799546267583532,-0.047672385752758395,0.5384615384615384,-0.031787380245941466,-0.0316181494767107,0.28205128205128205,1.1588414114370909,1.5401434135192207,1.5468385456171327,1.365731616317094,1.3704764451868614,1.4779083016750427,1.4826704763077099,1.3153111763007068,1.325026126285409,1.3591497739398262,1.363994771438136,1.4107741947077261,1.418717637871692,1.5156879145027762,1.5208553254572283
2020-06-24,2020-05-29,0.004223132552955096,0.015722502579188405,0.015865359722045547,0.23809523809523808,-0.004722843399419625,-0.00463712911370534,0.14285714285714285,0.025472440512418027,0.025572440512418027,0.16666666666666666,0.02247038261326643,0.022856096898980716,0.6428571428571429,0.007632830292441177,0.007789973149584035,0.2619047619047619,0.013634999255528557,0.013934999255528557,0.5,0.05322090313249857,0.053420903132498566,0.3333333333333333,1.1637353523254432,1.5643583223105968,1.5713796955752743,1.359281479767592,1.364121368963238,1.515554232972269,1.5205859788626073,1.3448667216876893,1.3553110518214695,1.3695239335063185,1.3746202540838122,1.4300100998022847,1.4384874670992394,1.5963541941796273,1.6021007904770235
2020-07-31,2020-06-24,0.07508333418281536,0.08325607176030496,0.08341704737006106,0.2682926829268293,0.052824517748236995,0.05295622506531016,0.21951219512195122,0.06505592832751206,0.06512909905921938,0.12195121951219512,0.07700574785048406,0.07737160150902064,0.6097560975609756,0.05821566539572391,0.05834737271279708,0.21951219512195122,0.08962828343727174,0.08986242977873515,0.3902439024390244,0.07108076219415078,0.07122710365756542,0.24390243902439024,1.2511124826844509,1.6946006510517182,1.702459550077429,1.431084868420425,1.4363600871944544,1.6141500205289705,1.61962037370801,1.4484291893504786,1.4601736384437718,1.449251680570758,1.4548257343874,1.558179450345525,1.5677534460990354,1.7098242670337445,1.7162137895501979
2020-08-28,2020-07-31,0.006793071527589063,0.05275601945980394,0.05296471511197785,0.34782608695652173,0.10625635501084307,0.1064128767499735,0.2608695652173913,0.10759902140870807,0.10779467358262111,0.32608695652173914,0.050321654881044994,0.050778176620175426,0.7608695652173914,0.06849301603070346,0.06866258124809477,0.2826086956521739,0.008797477048858823,0.009123564005380561,0.5434782608695652,0.00334476909671736,0.0035665082271521425,0.3695652173913043,1.2596113792683858,1.7840010359751992,1.792629835136946,1.5831467302499513,1.589207296121659,1.7878309831447339,1.7942068232196278,1.5213165431366051,1.5343185933527936,1.548515299160615,1.554717824576594,1.5718874982979432,1.582056945009176,1.7155432344029364,1.7223346801501804
2020-09-30,2020-08-28,-0.033423242677734194,-0.06479568473858553,-0.06452068473858553,0.4583333333333333,-0.06032224841863527,-0.06017224841863527,0.25,-0.09516804213745145,-0.09501804213745145,0.25,-0.05144162551872061,-0.050979125518720615,0.7708333333333334,-0.040030025840150925,-0.039842525840150925,0.3125,-0.06835967403763668,-0.06802217403763668,0.5625,-0.04338274436342885,-0.04322024436342885,0.2708333333333333,1.217511082459463,1.6684054672748403,1.6769681306910926,1.4876477599046636,1.493581119910719,1.6176866088061745,1.6237248036876422,1.4430575472291371,1.4561003731965547,1.4865281917213466,1.4927739394767578,1.4644337812904595,1.47444199215831,1.641118260820424,1.6478949543984815
2020-10-30,2020-09-30,0.018460665611766215,0.08784826150210565,0.08809608758906216,0.41304347826086957,0.08796775884574698,0.08813732406313829,0.2826086956521739,0.10162451869885099,0.10170277956841621,0.13043478260869565,0.06937987306718338,0.06981030784979207,0.717391304347826,0.08004549203560132,0.08020201377473175,0.2608695652173913,0.053506987071326596,0.053820030549587464,0.5217391304347826,0.039325165306986216,0.03950777400263839,0.30434782608695654,1.2399871474313668,1.8149719870555432,1.824702462016521,1.6185127992953727,1.625221363090875,1.7820832318316784,1.7888621294768563,1.5431766966845355,1.5577511885096034,1.6055180722524744,1.6124974155332332,1.5427912206927819,1.553796505219865,1.705655507715501,1.712999615836945
2020-11-27,2020-10-30,0.006960622801485936,-0.011647632273081224,-0.01138880874366946,0.43137254901960786,0.0024068908369075117,0.0026539496604369235,0.4117647058823529,-0.03440882240424375,-0.034244116521890806,0.27450980392156865,-0.025033089499318362,-0.02458603067578895,0.7450980392156863,-0.009449390398361856,-0.009296449221891268,0.2549019607843137,0.000981279775248792,0.001228338598778204,0.4117647058823529,0.0011322001358360556,0.0013674942534831144,0.39215686274509803,1.2486182302433273,1.7938318607643768,1.8039212746625122,1.6224083829214142,1.6295346187755848,1.7207638463980015,1.727604126273453,1.504546216323169,1.5194522700036597,1.5903469051961354,1.5975069151892978,1.5443051305150792,1.5557050934418732,1.7075866511130258,1.715342132967821
2020-12-31,2020-11-27,-0.00024050585493312623,0.09511673597639463,0.09537058213024079,0.4230769230769231,-0.0077277119895059155,-0.007589250451044377,0.23076923076923078,0.039555563994606115,0.03970556399460611,0.25,0.05212952053293449,0.05255644360985756,0.7115384615384616,0.07248396977384945,0.0725878159276956,0.17307692307692307,0.06019908055853343,0.06051061902007189,0.5192307692307693,-4.521465547150302e-05,0.00016247765222080464,0.34615384615384615,1.2483179302483776,1.9644552922507468,1.975962296744202,1.6098708782088373,1.6171676724350497,1.7888296308438023,1.7961996224665489,1.5829774891997366,1.599309277549977,1.7056215622023072,1.7134664530922794,1.637270879473913,1.64984177165872,1.707509443170908,1.715620837730341
2021-01-29,2020-12-31,-0.014464232574607345,-0.03233134053455267,-0.03214245164566378,0.3148148148148148,-0.04233898168816952,-0.04216120391039174,0.2962962962962963,-0.04454570459222349,-0.044401260147779044,0.24074074074074073,-0.03991851998207739,-0.03955185331541072,0.6111111111111112,-0.0399211388493895,-0.03975447218272283,0.2777777777777778,-0.018838010676528794,-0.018493566232084348,0.5740740740740741,-0.05916533624070623,-0.058987558462928455,0.2962962962962963,1.2302619693782124,1.9009418192320837,1.912450024167447,1.541710584576036,1.5489859364402219,1.709144954542418,1.716446095752069,1.5197873706659382,1.536053631598345,1.6375312069931163,1.6453484986467934,1.6064279531660137,1.61933031358209,1.6064840728315202,1.6144205532645042
2021-02-26,2021-01-29,0.006801030596097083,-0.012017479833388054,-0.011754321938651212,0.43859649122807015,-0.007184334337471186,-0.007026439600629081,0.2631578947368421,-0.019292031438678497,-0.019144663017625865,0.24561403508771928,-0.013682807017020127,-0.013282807017020127,0.6666666666666666,-0.014560483171562139,-0.014381535803141086,0.2982456140350877,-0.009938972602631862,-0.009623183128947652,0.5263157894736842,0.00537968047656588,0.005558627844986933,0.2982456140350877,1.2386290186731683,1.878097289255018,1.8899704708918015,1.5306344202848234,1.5381020803156007,1.676172076346127,1.6835853136609762,1.4989924133662118,1.5156505276420313,1.6136879614107853,1.6216858603048603,1.5904617097513947,1.6037472014282335,1.6151264438340458,1.6233945163053993
2021-03-26,2021-02-26,0.002326765049542622,0.03842442473466649,0.03868156759180935,0.42857142857142855,0.05376304101665739,0.05388089815951453,0.19642857142857142,-0.0013588543010187432,-0.0012409971581616003,0.19642857142857142,0.01213921203648324,0.012524926322197526,0.6428571428571429,0.0013453217467738181,0.001463178889630961,0.19642857142857142,0.012167786883155313,0.012521358311726741,0.5892857142857143,0.04685886440958334,0.046944578695297626,0.14285714285714285,1.2415110173831663,1.9502620971903788,1.9630774914081264,1.612925981404104,1.620976401864023,1.6738944027109364,1.6814959890712002,1.5171890001131438,1.5346339388309478,1.6158588909177782,1.6240586768212713,1.6098141088814686,1.6238282947787455,1.6908094348699978,1.6996040879296126
2021-04-30,2021-03-26,0.014005989189537549,0.03953787516935149,0.039827160883637205,0.48214285714285715,0.033720813409952095,0.03389224198138067,0.2857142857142857,0.03831235687812161,0.03849449973526447,0.30357142857142855,0.0288529905304517,0.029335133387594556,0.8035714285714286,0.055635512005925154,0.05577479772021087,0.23214285714285715,0.02866733948289214,0.029074482340034995,0.6785714285714286,0.07741036042082625,0.07757107470654054,0.26785714285714285,1.2588996072713265,2.02737131653661,2.0412612944854844,1.6673151574670955,1.6759149263221063,1.738025242443888,1.74622433597735,1.5609644399663138,1.5796526301276834,1.705758027643315,1.7146402210067309,1.6559631964451234,1.6710402618585394,1.8216956026262179,1.8314442036059424
2021-05-28,2021-04-30,0.03067817984640709,0.053285912609270486,0.053627291919615315,0.5689655172413793,0.03586986515843724,0.03602503757223035,0.25862068965517243,0.06918228955048175,0.06932711713668865,0.2413793103448276,0.060094308683750354,0.06060120523547449,0.8448275862068966,0.045596010842710546,0.04578221773926227,0.3103448275862069,0.0482598239523681,0.04864258257305776,0.6379310344827587,0.051038728817377754,0.051266315024274305,0.3793103448275862,1.2975203558317676,2.135401647336121,2.150728609809069,1.7271215273420588,1.736289824510722,1.8582658080126873,1.8672850350645882,1.6547695188660072,1.6753814833668084,1.7835337891667802,1.7931402529493576,1.735879688777166,1.7523239757788975,1.914672630476467,1.9253355990973857
2021-06-25,2021-05-28,0.0023428875638619494,0.03022451421005294,0.030458412515137687,0.3898305084745763,0.017433022931839046,0.017544887338618708,0.1864406779661017,0.017512962492484314,0.017624826899263975,0.1864406779661017,0.027929357714604912,0.028305628901045588,0.6271186440677966,0.024335667435503278,0.024437362350757514,0.1694915254237288,0.031180123953777002,0.03150554768259056,0.5423728813559322,0.04733699422630482,0.04748953659918618,0.2542372881355932,1.3005603001373036,2.1999431247702024,2.216236389014742,1.7572304765342859,1.7667528338689527,1.8908095474094795,1.9001956105791877,1.7009861686936405,1.7228042099026724,1.826937274319926,1.83695987105641,1.7900046326420818,1.8075319023531462,2.0053074777305953,2.016768894496437
2021-07-30,2021-06-25,0.027965540058235882,0.14536342205502983,0.14557698137706374,0.3559322033898305,0.07908662568816784,0.07922899856952377,0.23728813559322035,0.12002590697056978,0.12017844934345114,0.2542372881355932,0.10507637951130237,0.10549332866384474,0.6949152542372882,0.13146885007199235,0.13163156193639913,0.2711864406779661,0.15165290058948877,0.15197832431830233,0.5423728813559322,0.10481159889828949,0.10496414127117085,0.2542372881355932,1.3369311713089447,2.5197343857132344,2.538869392545512,1.896203905479794,1.906730891616258,2.117755678245915,2.128558172507827,1.8797196368987696,1.90454856064139,2.0671226169284265,2.0787617680980515,2.0614640272508757,2.082237572024651,2.2154869607542347,2.228457309649664
2021-08-27,2021-07-30,0.03119743417284855,0.07898906417839523,0.07920906417839522,0.36666666666666664,0.040462132172229014,0.04061213217222901,0.25,0.07965955535530211,0.07980955535530211,0.25,0.05115907865829896,0.05151907865829896,0.6,0.07076200462558638,0.07092200462558637,0.26666666666666666,0.06835032597851813,0.06861032597851813,0.43333333333333335,0.05160956395457101,0.051779563954571006,0.2833333333333333,1.3786399935194846,2.7187658468188465,2.7399708612002125,1.972928358528814,1.9841672986034495,2.2864551539261506,2.2984374538035715,1.975884361658423,2.0026691477456238,2.21339635710917,2.2261917198305934,2.2023657655064617,2.22510057060598,2.3298272767457986,2.3438458574347
2021-09-30,2021-08-27,0.0022146194384976086,-0.018902167484691926,-0.018702167484691928,0.3333333333333333,-0.011720938985827252,-0.011600938985827251,0.2,-0.02073334683952212,-0.020643346839522122,0.15,-0.012957068677214212,-0.012517068677214213,0.7333333333333333,-0.0008374273188315081,-0.0007474273188315081,0.15,-0.027827618344301246,-0.027627618344301247,0.3333333333333333,0.0031330515774010952,0.003283051577401095,0.25,1.381693156447823,2.6673752794306163,2.6887274672508705,1.9498037856150894,1.9611490948346773,2.239049286186787,2.2509900122557562,1.9502826922861811,1.9776016004855537,2.211542798532325,2.2245278033222355,2.141079171529393,2.163626341263591,2.337126745770279,2.3515408242741365
2021-10-29,2021-09-30,0.0011502446692329524,0.024699362013322103,0.024919362013322104,0.36666666666666664,0.016263206271666757,0.01639320627166676,0.21666666666666667,0.019751624213234446,0.019861624213234445,0.18333333333333332,0.011238996151744235,0.011658996151744235,0.7,0.026354409865638646,0.026514409865638647,0.26666666666666666,0.007389622867592012,0.007699622867592013,0.5166666666666667,-0.0076932908219769286,-0.007513290821976929,0.3,1.3832824416355427,2.733257747082659,2.755728840362458,1.9815138467698243,1.9932986164757946,2.283274146282459,2.295698329986924,1.972201911959599,2.000658449935298,2.2698267038802475,2.28350984525703,2.1569009391366514,2.1802854481177087,2.3191465500272477,2.3338730141816133
2021-11-26,2021-10-29,0.045543567561898805,0.11553598142733838,0.11567598142733838,0.23333333333333334,0.0828999572821094,0.0830299572821094,0.21666666666666667,0.1355050206785009,0.1355650206785009,0.1,0.09872633347920233,0.09910633347920234,0.6333333333333333,0.07153532705892801,0.07167532705892801,0.23333333333333334,0.10057746866464935,0.10084746866464936,0.45,0.1013944502367879,0.1015144502367879,0.2,1.4462820589733592,3.04904736338573,3.0745004785190067,2.145781260020951,2.1588021154522674,2.5926692566891503,2.606914721563201,2.166910175608043,2.1989363734525695,2.4321994995094096,2.44718116025811,2.373836575755421,2.4001617165267506,2.5542951394858036,2.570794850138735
2021-12-31,2021-11-26,0.02263629090203484,0.018654032695740824,0.01886759201777472,0.3559322033898305,0.027074133774297772,0.027226676147179128,0.2542372881355932,0.007701648416268439,0.007833851806098947,0.22033898305084745,0.016723762984198982,0.017171220611317626,0.7457627118644068,0.009349444843439303,0.009512156707846083,0.2711864406779661,0.02935659540051394,0.029610832688649533,0.423728813559322,0.026750619873556376,0.026903162246437733,0.2542372881355932,1.479020520386674,3.1059243925931894,3.1325088992061567,2.203876428905139,2.2175791215155316,2.612637083763838,2.6273369051630646,2.203149067792961,2.2366947950313745,2.4549392145783133,2.4704591309469737,2.4435243356568144,2.471232503540526,2.6226241178070606,2.639957361094324
2022-01-28,2021-12-31,-0.023600051057857948,-0.07426876552795218,-0.07400876552795219,0.43333333333333335,-0.051217207905156145,-0.05100720790515614,0.35,-0.08235264803021894,-0.08222264803021893,0.21666666666666667,-0.060149139860010255,-0.059719139860010255,0.7166666666666667,-0.04379781290522329,-0.04360781290522329,0.31666666666666665,-0.062353617260476044,-0.06203361726047604,0.5333333333333333,-0.03680550626143127,-0.03658550626143127,0.36666666666666664,1.444115560589929,2.8752512221321385,2.9006757825705844,2.0910000316486315,2.104466602218255,2.397479501573937,2.411310307553037,2.070631546381831,2.103121305742739,2.3474182461645166,2.3627278113746373,2.29116175446461,2.3179330122542448,2.5260971094177322,2.543373184530096
2022-02-25,2022-01-28,-0.008513401807311183,0.007445600657939156,0.007681666231709648,0.39344262295081966,0.010323470673861907,0.010510355919763546,0.3114754098360656,0.01674352805923846,0.016871396911697475,0.21311475409836064,-0.0044424929618820976,-0.004049050338931278,0.6557377049180327,-0.005332377603775279,-0.005194672685742492,0.22950819672131148,0.01475606474077203,0.015021638511263834,0.4426229508196721,0.013472979481316672,0.013650028661644541,0.29508196721311475,1.4318212245664363,2.8966591945233855,2.9229578057786947,2.1125864091544004,2.1265852952288244,2.4376217668799898,2.4519924808290314,2.0614327803103785,2.0946056617069075,2.3349009256819757,2.350454213749045,2.3249702856450707,2.352752164057653,2.5601311639407305,2.5780903013961898
2022-03-25,2022-02-25,-0.05926682023406278,-0.07671313294182232,-0.07650022971601586,0.3548387096774194,-0.06059836202270458,-0.06043384589367232,0.27419354838709675,-0.10671251914060272,-0.1066060675276995,0.1774193548387097,-0.059270141361430224,-0.058863689748527,0.6774193548387096,-0.062085519177114246,-0.06195971272550134,0.20967741935483872,-0.10749881126090542,-0.10722784351896994,0.45161290322580644,-0.07755763789168978,-0.07738344434330267,0.2903225806451613,1.3469617334427417,2.674447392646761,2.6993508621864026,1.9845671331282164,1.9980675672172161,2.177497007424259,2.1905952048403603,1.9392513680142962,1.9713094438906842,2.1899373894838856,2.2048207458907103,2.075038743721298,2.100471623171161,2.361573438172585,2.3785887940460895
2022-04-29,2022-03-25,-0.0078104142043400274,-0.07770486154582516,-0.07752099057808323,0.3064516129032258,-0.04909270937795689,-0.04894754808763431,0.24193548387096775,-0.08597262864179425,-0.08585649960953619,0.1935483870967742,-0.033922472065506214,-0.033525697871957826,0.6612903225806451,-0.04964349946189448,-0.04950801559092674,0.22580645161290322,-0.05445391604752357,-0.05418294830558809,0.45161290322580644,-0.046936851462518185,-0.04673362565606657,0.3387096774193548,1.336441404387158,2.4666298282895514,2.4900945094319096,1.8871393556205078,1.9002670588885089,1.9902918658363546,2.002518368491332,1.8734671676548365,1.905219919062668,2.08122123386746,2.0956644460279543,1.9620447581753397,1.9866618777955234,2.2507286164872498,2.267428715755425
2022-05-27,2022-04-29,0.020357016231745514,0.05481757314556543,0.055046144574136854,0.38095238095238093,0.049983747535587986,0.050145652297492745,0.2698412698412698,0.07968069065256007,0.07978545255732197,0.1746031746031746,0.04889859740022188,0.049279549781174256,0.6349206349206349,0.053458686523375716,0.05364916271385191,0.31746031746031744,0.04221726867480106,0.04256964962718201,0.5873015873015873,0.048372959764788254,0.04853486452669301,0.2698412698412698,1.363647363749044,2.601844489324847,2.627164611801363,1.9814656527363155,1.9955571900959113,2.1488796963063677,2.162290202775763,1.9650770844285241,1.9991082989082014,2.1924805873945736,2.2080950888865427,2.044876928883213,2.071233377860958,2.3596030212940446,2.377478061298548
2022-06-24,2022-05-27,0.03003915708617989,0.11955010068632159,0.11974394684016774,0.3230769230769231,0.07239378483415099,0.07252301560338176,0.2153846153846154,0.1344635408917412,0.13454661781481814,0.13846153846153847,0.07741201847788061,0.077836633862496,0.7076923076923077,0.09301975467004937,0.09312129313158783,0.16923076923076924,0.107028648518876,0.10731480236502985,0.47692307692307695,0.05806474197623821,0.05820320351469975,0.23076923076923078,1.4046101811188567,2.9128952599937836,2.941751671417275,2.124911450856769,2.140281015330678,2.437825669222091,2.4532190362933592,2.1171976679987647,2.1547121596217966,2.3964245937528625,2.413715758921166,2.263737342969013,2.29350737845796,2.4966127618918352,2.5158549007520414
2022-07-29,2022-06-24,0.020537202187764964,0.07721808876698953,0.07741193492083569,0.3230769230769231,0.03579979305565925,0.03595671613258233,0.26153846153846155,0.05898746808215648,0.0590705450052334,0.13846153846153847,0.039593087659083114,0.0400177030436985,0.7076923076923077,0.04900449503675209,0.04914295657521363,0.23076923076923078,0.08304004629933022,0.08332620014548407,0.47692307692307695,0.034714189351267466,0.03486188165895977,0.24615384615384617,1.433456944403488,3.1378234647489265,3.1694783603582892,2.2009828410590417,2.217238492242878,2.581626833075191,2.5981320217844215,2.2010240608594462,2.240938790970188,2.513860170863375,2.532332887646738,2.4517181967386827,2.4846166333104924,2.5832806500449395,2.6035623365731735
2022-08-26,2022-07-29,-0.008966844452452067,-0.053560285370002673,-0.05335720844692575,0.3384615384615385,-0.024811031198486953,-0.02472795427541003,0.13846153846153847,-0.07013765512777892,-0.07003611666624046,0.16923076923076924,-0.04230006118652157,-0.04190313810959849,0.6615384615384615,-0.041397022158344315,-0.0412216375429597,0.2923076923076923,-0.05650315423741635,-0.05624469269895481,0.4307692307692308,-0.01696918605530447,-0.016793801439919855,0.2923076923076923,1.4206033589537346,2.9697607445362832,3.0003638428166317,2.1463741871221913,2.162410720189017,2.4005575805883432,2.4161689443924326,2.1079206084120856,2.1470364233170076,2.409793845667165,2.427945979214048,2.3131883853216766,2.344870134295232,2.539444480061259,2.55983862765631
2022-09-30,2022-08-26,-0.03933768899755785,-0.07182460719279805,-0.07160642537461624,0.36363636363636365,-0.05595200042508506,-0.05582472769781233,0.21212121212121213,-0.08807624921054759,-0.08794897648327486,0.21212121212121213,-0.057477134791427936,-0.05708622570051885,0.6515151515151515,-0.06217599720285758,-0.062030542657403036,0.24242424242424243,-0.06592281029574625,-0.06558644665938261,0.5606060606060606,-0.07015254080394585,-0.07005254080394585,0.16666666666666666,1.3647201058303264,2.7564588456033734,2.785518513209286,2.0262802576919388,2.0416947305636346,2.1891254728761753,2.2036693587224434,1.9867633714727555,2.0244702174682985,2.2599625102595,2.2773391725805405,2.1606965062177923,2.1910784343090985,2.3612959975544063,2.3805154277408995
2022-10-28,2022-09-30,-0.0077447933624856065,0.0025880373192692175,0.002829828364045337,0.40298507462686567,0.006364516450435833,0.006471979137002998,0.1791044776119403,-0.010408486991325168,-0.0103099795286386,0.16417910447761194,0.004687055345511015,0.005081085196257283,0.6567164179104478,-0.0024534628132134705,-0.0023818210221686945,0.11940298507462686,0.003300979790318805,0.0036502335216620886,0.582089552238806,-0.005122793372574874,-0.004988465014365919,0.22388059701492538,1.354150630613041,2.763592663964825,2.793401052506539,2.0391765517252125,2.054908536263971,2.1663399888693653,2.180949572746127,1.9960754413532822,2.0347567231205406,2.2544177762813216,2.27191495826468,2.1678289217178297,2.1990763822586046,2.349199566067447,2.368640309813456
2022-11-25,2022-10-28,0.002824094433833328,0.015985017038600714,0.01622325233271836,0.39705882352941174,0.017725406815254943,0.017804818579960826,0.1323529411764706,0.0016261672274105554,0.001696755462704673,0.11764705882352941,0.023136820696748047,0.023489761873218634,0.5882352941176471,0.003093627125358307,0.003243627125358307,0.25,-0.003932803379035054,-0.0036151563202115244,0.5294117647058824,0.008010224090242518,0.008151400560830753,0.23529411764705882,1.3579748798715272,2.8077687397860545,2.8387191026478336,2.0753217856726707,2.091495809950564,2.1698628199626935,2.1846501108475676,2.0422582809370553,2.0825526740165725,2.2613921042659153,2.279284203249815,2.159303276809328,2.1911263773766545,2.3680171810243476,2.3879480457632756
2022-12-30,2022-11-25,-0.01995833817956912,-0.04540348434310767,-0.04517739738658593,0.37681159420289856,-0.03615426411719748,-0.03602382933458878,0.21739130434782608,-0.05431095007156544,-0.054206602245478484,0.17391304347826086,-0.041163674942686385,-0.04075497929051247,0.6811594202898551,-0.04233820074928822,-0.042199070314505614,0.2318840579710145,-0.043613599577881676,-0.04325707783875124,0.5942028985507246,-0.0213419597863705,-0.021176742395066152,0.2753623188405797,1.3308719579796915,2.680286255770111,2.7104731616786197,2.000290053705287,2.016152121838897,2.0520155086855536,2.066227651243313,1.9581914249115528,1.9976782829156259,2.16564883138265,2.183100528890134,2.065128288327358,2.0963446531159318,2.3174790535734915,2.337379085145345
2023-01-20,2022-12-30,0.044494932233683095,0.0745244673885823,0.07474732453143945,0.37142857142857144,0.0556166002208052,0.0557966002208052,0.3,0.09392831861552892,0.09405689004410034,0.21428571428571427,0.06076004708659753,0.06115433280088325,0.6571428571428571,0.060999603359399315,0.061128174787970745,0.21428571428571427,0.07173799692287924,0.07215799692287925,0.7,0.06717698222886741,0.0673569822288674,0.3,1.3900890155617072,2.8800331614303163,2.9130737787283683,2.111539385947867,2.1286465557654703,2.244757875189377,2.260570598242385,2.07717122809375,2.119844965458145,2.297752551112738,2.316549479599842,2.213276455120737,2.2476126841447654,2.4731603027711704,2.494817886645606
2023-02-24,2023-01-20,-0.011161840345549453,-0.010419318042827488,-0.010216501141419037,0.3380281690140845,-0.0030592663884549745,-0.002966308641976101,0.15492957746478872,0.007193165602261049,0.007269221940289218,0.1267605633802817,-0.007426481775406202,-0.007012397268363949,0.6901408450704225,-0.011221511861966927,-0.011086300594361293,0.22535211267605634,-0.012762985587576447,-0.012433408122787714,0.5492957746478874,-0.0041241830000502445,-0.003980521028219258,0.23943661971830985,1.3745730639039053,2.850025179947484,2.883312357142952,2.105079624476538,2.1223323330913906,2.2609047903225936,2.277003187632701,2.0617451538239138,2.1049797704130113,2.2719682936045618,2.2908675157272866,2.185028439622709,2.219667198340839,2.4629605370940824,2.4848872115862357
2023-03-31,2023-02-24,0.0023779952099818886,-0.00567236938509832,-0.005418848258337756,0.4225352112676056,0.012165488716947222,0.012300699984552856,0.22535211267605634,-0.005863059911607265,-0.005736299348226983,0.2112676056338028,-0.0031028295374002568,-0.0026380408050058904,0.7746478873239436,-0.006165023666359952,-0.006105868736782487,0.09859154929577464,0.002404980497862192,0.002776811483777685,0.6197183098591549,-0.0040392343879538505,-0.0039209245287989206,0.19718309859154928,1.377841792065639,2.8338587843699905,2.8676881249982045,2.1306889468963823,2.1484385063882643,2.2476489700824924,2.263941615731573,2.055347910062037,2.0994267478849498,2.25796155530527,2.2768797793828965,2.1902833904072754,2.2258307957073566,2.453012062196479,2.4751441563670284
2023-04-28,2023-03-31,0.005579360817443649,-0.01857727518624398,-0.018371560900529695,0.34285714285714286,-0.019725808299726037,-0.019597236871154607,0.21428571428571427,-0.028196116959394002,-0.028041831245108288,0.2571428571428571,-0.0013789011419787834,-0.0009160439991216405,0.7714285714285715,-0.018169889345750076,-0.018101317917178648,0.11428571428571428,0.00022296125264013915,0.0005915326812115677,0.6142857142857143,-0.013766641890062138,-0.013638070461490709,0.21428571428571427,1.3855292685729264,2.781213409893794,2.815004217966074,2.088659385183559,2.106335048075464,2.184273996838385,2.20045654699445,2.0525137884816886,2.0975035806109545,2.2169346436984156,2.2356652546370914,2.1907717387356374,2.227147447365865,2.419242323584217,2.441387965960148
2023-05-26,2023-04-28,-0.011117112647700109,-0.025137385971121206,-0.024900766252811346,0.39436619718309857,-0.021150855069185775,-0.021032545210030847,0.19718309859154928,-0.03075164840391036,-0.030641789248980783,0.18309859154929578,-0.01999512807720808,-0.019564142161715124,0.7183098591549296,-0.016902905725881975,-0.016700088824473526,0.3380281690140845,-0.017946927808356643,-0.017625801047793262,0.5352112676056338,-0.009373725234877181,-0.009187809741919436,0.30985915492957744,1.3701261836175156,2.711300974941236,2.744908455933823,2.044482453238647,2.0620334609493445,2.117103970869807,2.1330306212299064,2.011473512400762,2.0564677223751753,2.1794620064155397,2.198329446302863,2.151454116495961,2.1878921895544936,2.3965650107663525,2.4189569578226946
2023-06-30,2023-05-26,0.0041282437128267605,0.028088856643621186,0.028302555273758172,0.3561643835616438,0.0277999721631243,0.027915040656274988,0.1917808219178082,0.03428990420317873,0.03439675351824722,0.1780821917808219,0.020219044012844342,0.02063000291695393,0.684931506849315,0.014481638426598947,0.014621364453996206,0.2328767123287671,0.01831520185038799,0.018586434727100316,0.4520547945205479,0.01274333324160575,0.012907716803249586,0.273972602739726,1.375782398420814,2.7874583193440707,2.822596379229296,2.1013190085266777,2.1195952088463446,2.189699263219102,2.2063999497552254,2.0521435838786632,2.0988926574863966,2.2110241871569594,2.2304720223272088,2.190858432911433,2.2285573049255807,2.4271052373337207,2.45018016919352
2023-07-28,2023-06-30,0.01698042785504611,-0.005372850397381811,-0.005141421825953239,0.38571428571428573,0.007558088565905919,0.007703802851620204,0.24285714285714285,-0.013126992985926893,-0.01302413584306975,0.17142857142857143,-0.002627610057231957,-0.002181895771517671,0.7428571428571429,0.0033770863173398064,0.0034970863173398063,0.2,-0.011088356668254615,-0.010754070953968901,0.5571428571428572,0.014485950021173984,0.014640235735459698,0.2571428571428571,1.3991437721814408,2.772481722805298,2.80808422059927,2.1172009636983438,2.135924152460536,2.160955096349536,2.177663497085471,2.0467513507587793,2.0943130924721576,2.2184910066867145,2.2382721755176984,2.1665654131976577,2.2045912415434255,2.462264162497867,2.486051384464862
2023-08-25,2023-07-28,-0.022787977742302,-0.042296378178835276,-0.04207029122231354,0.37681159420289856,-0.03839830202301251,-0.038259171588229904,0.2318840579710145,-0.05830516355578332,-0.058166033121000715,0.2318840579710145,-0.035361888567808517,-0.03497058421998243,0.6521739130434783,-0.03732109498319613,-0.037173268896239606,0.2463768115942029,-0.04447949860769746,-0.044036020346827895,0.7391304347826086,-0.02985933140532664,-0.029702809666196206,0.2608695652173913,1.3672601150426897,2.655215787363616,2.6899472996618754,2.0359040416508414,2.054205463812104,2.0349602560201725,2.050997449987603,1.974374357567236,2.0210737400888483,2.135694493106793,2.155068282074208,2.070197669917847,2.107509816774381,2.388742600862384,2.4122086733717185
2023-09-28,2023-08-25,0.0009997667293597044,0.0019770723038875153,0.0022221427264227265,0.4084507042253521,0.007518923528436603,0.007671036204492941,0.2535211267605634,8.117742952910682e-05,0.0002079379929093885,0.2112676056338028,0.009207905782236207,0.009630440993503813,0.704225352112676,0.0032040432324912625,0.0033308037958715443,0.2112676056338028,0.001977524550073844,0.0023578062402146893,0.6338028169014085,0.020119189978363518,0.020254401245969153,0.22535211267605634,1.36862705621609,2.6604653409576575,2.6959247464882794,2.0512118484512487,2.069963348296474,2.03512544886295,2.0514239302808157,1.9925542106305782,2.040537571486294,2.142537350594101,2.162246391688503,2.0742915366336154,2.1124789165716855,2.4368021670585445,2.461066515731196
2023-10-27,2023-09-28,-0.019947627201165736,-0.024086319450745783,-0.023818751883178214,0.44594594594594594,-0.023303112047721352,-0.023157166101775407,0.24324324324324326,-0.03977654896667997,-0.03967925166938267,0.16216216216216217,-0.030634597834074385,-0.030212976212452763,0.7027027027027027,-0.018392295824146383,-0.018246349878200438,0.24324324324324326,-0.01948580164905961,-0.019104720567978527,0.6351351351351351,-0.02811861697513101,-0.02798077913729317,0.22972972972972974,1.3413261939212626,2.596384522867714,2.631711183855955,2.0034122289131755,2.022028863215385,1.9541751817929167,1.970024963870609,1.931513113725319,1.9788868583783623,2.1031311698276918,2.122793287502878,2.03387230318845,2.0721205971648375,2.3682826602788563,2.392203957112334
2023-11-24,2023-10-27,-0.01180085237222374,0.0011917614332072543,0.0013782479196937408,0.3108108108108108,-0.0019851909557320403,-0.0019041098746509593,0.13513513513513514,-0.0031856184595148375,-0.0030964292703256485,0.14864864864864866,0.0040791180281246385,0.004492631541638152,0.6891891891891891,-0.012624207554763579,-0.012453937284493309,0.28378378378378377,-0.00017250535270540702,7.073789053783619e-05,0.40540540540540543,-0.0031046936929684512,-0.002991180179454938,0.1891891891891892,1.325497401523801,2.5994787938078443,2.6353383343203394,1.9994350730757342,2.0181786980901073,1.9479499252606716,1.963924920909208,1.939391983689075,1.9877772678956465,2.076580805424894,2.096356153032374,2.033521449329431,2.072267174604821,2.360929868040322,2.385048444050606
2023-12-29,2023-11-24,-0.0007116327535175742,0.002655689614449911,0.0028940457788334726,0.3972602739726027,-0.0012729884436965776,-0.0011003857039705502,0.2876712328767123,-0.003149715998087775,-0.003001770792608323,0.2465753424657534,-0.0025980649111247566,-0.00224464025359051,0.589041095890411,0.0018130680742420532,0.0019445749235571218,0.2191780821917808,0.0006013815760894179,0.0008561760966373631,0.4246575342465753,-0.0001734005924032727,-4.189374308820421e-05,0.2191780821917808,1.3245541341581741,2.6063822026435424,2.6429651241025773,1.996889815333787,2.015957923102671,1.9418144362176042,1.9580296684427472,1.9343533174273357,1.9833154230249557,2.080345787786794,2.1004326746384057,2.03474437166364,2.074041400225564,2.360520481402581,2.384948525443838
2024-01-26,2023-12-29,-0.020892582336175875,-0.06425930845752473,-0.06408430845752473,0.2916666666666667,-0.03539093544878274,-0.03522426878211607,0.2777777777777778,-0.07453928679581188,-0.07439762012914522,0.2361111111111111,-0.04391409456814036,-0.04348076123480703,0.7222222222222222,-0.049762631254597615,-0.04964596458793095,0.19444444444444445,-0.061094188189995104,-0.06071085485666177,0.6388888888888888,-0.04295440446269005,-0.04279607112935671,0.2638888888888889,1.2968807778515523,2.438897884725668,2.4735925318471077,1.9262180167809775,1.944947279365866,1.7970729730521324,1.8123569209683477,1.8494079429176358,1.8970793586630972,1.9768223074671043,1.9961546684539744,1.9104333161026883,1.9481245738097623,2.259125729901951,2.282882098709089
2024-02-23,2024-01-26,0.012156407177177836,4.731886764658942e-06,0.0002797318867646589,0.4583333333333333,-0.002427757862274668,-0.0022944245289413345,0.2222222222222222,0.004973041623346679,0.005081374956680013,0.18055555555555555,0.004260365919863752,0.004635365919863753,0.625,-0.003839443079241498,-0.003714443079241498,0.20833333333333334,-0.003223919283513073,-0.0028239192835130726,0.6666666666666666,0.011354774957705748,0.011463108291039081,0.18055555555555555,1.3126461886473708,2.4389094253142893,2.4742844745531283,1.9215416258462823,1.9404847446205913,1.806009891747312,1.821566186039122,1.8572870974895672,1.905873015669521,1.9692324107398096,1.98874006556064,1.904274233295039,1.942623227259095,2.28477759416615,2.309051023422266
2024-03-29,2024-02-23,0.0008631977461321784,0.005054011063757642,0.0053005864062233956,0.410958904109589,0.0035789593233340965,0.003661151104156014,0.136986301369863,0.010035923060367517,0.010192087443929162,0.2602739726027397,-0.0006063819996893868,-0.0001789847394154143,0.7123287671232876,-0.006786664493795466,-0.00671269189105574,0.1232876712328767,0.0009829379298589421,0.001328143409310997,0.5753424657534246,-0.0043828109933526935,-0.004259523322119817,0.2054794520547945,1.3137792618788802,2.4512357005333305,2.4873996332040744,1.9284187451632795,1.9475891524859568,1.8241348680671505,1.8401317478921373,1.8561608720253941,1.9055318934844523,1.9558678910578104,1.9753902662491334,1.9061460166677977,1.945203309495154,2.2747638458090726,2.2992155667360343
2024-04-30,2024-03-29,0.018655615156474775,0.02479248092592101,0.025062903461132276,0.4507042253521127,0.030940277167855086,0.031067037731235366,0.2112676056338028,0.011090956902886525,0.011259970987393567,0.28169014084507044,0.024727894566166485,0.025167331185884795,0.7323943661971831,0.012493607166332127,0.012595015617036352,0.16901408450704225,0.03774171959072335,0.038122001280864196,0.6338028169014085,0.01482981333802865,0.015057982352113156,0.38028169014084506,1.33828862218905,2.5120079148837395,2.549741090080324,1.9880845556343187,2.008094978171183,1.844366269273936,1.8608515779863846,1.9020598223666816,1.9534890457330418,1.9803037361579294,2.0002703375022826,1.9780872451278477,2.0193583525512695,2.3084981690305173,2.333837114163649
2024-05-31,2024-04-30,0.01623340114029148,0.013338076972909374,0.013642554584849672,0.5074626865671642,0.018810385729171628,0.018935758863499987,0.208955223880597,0.013456555009785856,0.013644614711278393,0.31343283582089554,0.018254100728105203,0.018755593265418636,0.835820895522388,0.014498586791515373,0.014767243507933283,0.44776119402985076,0.015081610274247124,0.015412953557829213,0.5522388059701493,0.006780341875766837,0.00695049112949818,0.2835820895522388,1.3600135982345327,2.5455132698090166,2.584526072078979,2.025481192988009,2.046119780452838,1.8691850854346141,1.886242180802883,1.9367802139550447,1.9901278917232617,2.0090153417501773,2.0298088166578747,2.007919986047325,2.0504826290557565,2.324150575836126,2.3500584283233374
2024-06-28,2024-05-31,-0.026752988926523502,-0.040596313440276595,-0.04032278402851189,0.45588235294117646,-0.04279749947870678,-0.04261220536105972,0.3088235294117647,-0.05051802819714834,-0.05035038113832481,0.27941176470588236,-0.04419430491743582,-0.043770775505671114,0.7058823529411765,-0.05145583228545626,-0.051358773461926854,0.16176470588235295,-0.034588497987235185,-0.034235556810764595,0.5882352941176471,-0.05690113272022416,-0.05675113272022416,0.25,1.323629169501043,2.4421748152414664,2.4803107854584803,1.9387956626869745,1.9589301041748552,1.7747575405829392,1.791269168080273,1.851185558621459,1.9030184505470682,1.9056397852661715,1.9255603254721212,1.9384690496513977,1.9802832145192322,2.191903775458689,2.2166899505572784
2024-07-26,2024-06-28,-0.033789450152910946,-0.058091151756799755,-0.05784192098756898,0.4153846153846154,-0.04983886423623059,-0.04964501808238443,0.3230769230769231,-0.06407682766418092,-0.06386451997187323,0.35384615384615387,-0.050336984646011385,-0.04995852310754985,0.6307692307692307,-0.04163669227272015,-0.041424384580412456,0.35384615384615387,-0.04917502751014337,-0.048833489048604906,0.5692307692307692,-0.06273537799960788,-0.06256922415345403,0.27692307692307694,1.2789044676572485,2.30030606743264,2.3368448449813757,1.8421682888725255,1.8616789837309673,1.6610367075093007,1.6768706225204097,1.7580024595802126,1.8079464593113188,1.8262952479443915,1.84579517401698,1.8431447808072288,1.8835790758498712,2.0543938635665207,2.0779933801621513
2024-08-30,2024-07-26,-0.015993870549005643,-0.009754446471434792,-0.009548196471434792,0.34375,-0.01176744572248801,-0.01162682072248801,0.234375,-0.003237795944211585,-0.003087795944211585,0.25,-0.0068949325556124826,-0.006473057555612482,0.703125,-0.012594111136629081,-0.012481611136629081,0.1875,-0.019574878368791508,-0.019265503368791508,0.515625,-0.005099969457782417,-0.005006219457782417,0.15625,1.2584498351569935,2.277867855029952,2.314532191278234,1.8204906735215294,1.8400335759443036,1.6556586095945405,1.6716927882132235,1.7458811511888062,1.796243517822731,1.8032946826234821,1.8227566764170335,1.8070654459068545,1.8472909768187002,2.043916517608076,2.0675904892692403
2024-09-27,2024-08-30,0.03215780402913178,0.03990892791360875,0.04014330291360875,0.390625,0.037746384034876554,0.037933884034876554,0.3125,0.04198603543941819,0.042136035439418185,0.25,0.033478405275095297,0.0338534052750953,0.625,0.03846970923113789,0.038629084231137895,0.265625,0.03100811470565034,0.03137373970565034,0.609375,0.052136281076530386,0.05224878107653039,0.1875,1.2989188183364653,2.3687751190530686,2.4074451581360146,1.8892076136161842,1.9098331962344541,1.7251731506525547,1.7421312947811958,1.804330467930455,1.8570524776043469,1.8726669047220645,1.8931680976032161,1.863099138534151,1.9052474030860067,2.150478723667054,2.1756195720989853
2024-10-25,2024-09-27,0.0439335773638236,0.05800832025186678,0.058294474098020625,0.47692307692307695,0.03628026703169534,0.03637257472400303,0.15384615384615385,0.06105027530399579,0.0612256599193804,0.2923076923076923,0.050351339209057225,0.050794416132134146,0.7384615384615385,0.04931561028053946,0.049490994895924074,0.2923076923076923,0.054814843259037876,0.05511945864365326,0.5076923076923077,0.09694625171231744,0.09703855940462514,0.15384615384615385,1.3559849687311767,2.506183784763753,2.54778590754938,1.9577485703164912,1.9792987468748735,1.8304954464469552,1.848794432970379,1.8951809233664585,1.9513803739309927,1.965018615980602,1.9868628702588234,1.965224625788949,2.0102636085263335,2.3589595753136634,2.386738561187978
2024-11-29,2024-10-25,0.0209592131327839,0.038477048744186185,0.03870204874418619,0.375,0.027382002744538832,0.027475752744538832,0.15625,0.03326932318031806,0.03347557318031806,0.34375,0.0321466568037587,0.0324747818037587,0.546875,0.032898646334122796,0.03298302133412279,0.140625,0.027618901223435435,0.027965776223435435,0.578125,0.03055726980839897,0.03070726980839897,0.25,1.3844053466956645,2.602614340411997,2.646390441933107,2.011355647042014,2.033681469851583,1.8913947910348996,1.9106838863066433,1.9561046540909506,2.014751025790539,2.029665068467715,2.052395610696547,2.019501970610477,2.0664821907524966,2.4310429395236293,2.4600287861484875
2024-12-27,2024-11-29,0.02154350345670456,0.02693541499139698,0.02714493880092079,0.3492063492063492,0.02268396330331163,0.022817296636644963,0.2222222222222222,0.02649644422667507,0.02665834898857983,0.2698412698412698,0.030856963960374302,0.031237916341326683,0.6349206349206349,0.018834168740295212,0.018967502073628545,0.2222222222222222,0.026067572041076847,0.02642947680298161,0.6031746031746031,0.033027703843284385,0.03318008479566534,0.25396825396825395,1.414230288067683,2.672716837733555,2.718226548522723,2.056981164729424,2.0800845832136345,1.9415100276261796,1.9616195641546619,2.016464104904956,2.0776876497827863,2.067892122853519,2.09132442869834,2.072145483716462,2.121098233876764,2.5113347057605235,2.541652749872672
2025-01-24,2024-12-27,0.010936074378055905,0.019007199461891708,0.019264342319034566,0.42857142857142855,0.012911626692325637,0.0130735314542304,0.2698412698412698,0.0114643277555013,0.011626232517406063,0.2698412698412698,0.02083234923166978,0.021289492088812638,0.7619047619047619,0.01552367240362142,0.015666529546478562,0.23809523809523808,0.01936859281472406,0.019701926148057394,0.5555555555555556,0.017186393140573686,0.017281631235811782,0.15873015873015872,1.4296964156856906,2.7235176997735127,2.7705913952541525,2.0835401376415557,2.1072786344397376,1.9637681349234786,1.9844258093182168,2.0584717893514624,2.121920564565861,2.099993402734726,2.1240882246518153,2.1122800258434355,2.162887954633379,2.5544954913212905,2.5855766554254584
2025-02-28,2025-01-24,0.019105997128600335,0.027682761204192677,0.027892285013716486,0.3492063492063492,0.012783950350691062,0.012898236064976776,0.19047619047619047,0.02713384336362951,0.027219557649343796,0.14285714285714285,0.01929848550354116,0.019669914074969732,0.6190476190476191,0.02282588252375255,0.02305445395232398,0.38095238095238093,0.02939807721049409,0.029683791496208374,0.47619047619047616,0.03167657066648761,0.031781332571249515,0.1746031746031746,1.4570121912985516,2.7989121898917353,2.847869520107132,2.110176011314837,2.1344588117214234,2.017052711898979,2.0384410020357997,2.09819717733771,2.1636585597447824,2.1479276054462044,2.1730579188177246,2.1743769971333653,2.227090669708377,2.6354131482693535,2.6677497269999937
2025-03-28,2025-02-28,-0.0005606288720612008,-0.0060142108292779465,-0.005842782257849375,0.2857142857142857,-0.00829482323755117,-0.008180537523265455,0.19047619047619047,-0.00704482711068027,-0.006882922348775508,0.2698412698412698,-0.009098063331299236,-0.008726634759870665,0.6190476190476191,0.0006042361650556973,0.0007470933079128401,0.23809523809523808,-0.0018279673959399017,-0.001504157872130378,0.5396825396825397,-0.002832221069588851,-0.002708411545779327,0.20634920634920634,1.4561953481971646,2.78207894188909,2.8312300386023797,2.09267247430086,2.1169977913202715,2.002842924270522,2.0244105709062272,2.0791076465367384,2.1447771017488217,2.1492254609853365,2.17468139584658,2.170402306876124,2.223740773745587,2.6279490756237536,2.6605243628381374
2025-04-30,2025-03-28,-0.01795414416104525,-0.005892163102978305,-0.005679259877171854,0.3548387096774194,-0.01499092470525141,-0.014903827931057862,0.14516129032258066,-0.009271803740784729,-0.009155674708526665,0.1935483870967742,-0.01212231682650528,-0.011764252310376248,0.5967741935483871,-0.01600980086342284,-0.01588399441180994,0.20967741935483872,-0.017414928313139188,-0.017037508958300477,0.6290322580645161,-0.017311454623937683,-0.017205003011034458,0.1774193548387097,1.4300506069889891,2.765686478998118,2.8151507474411015,2.0613013788058634,2.0854464205080046,1.9842729577530664,2.005875726242507,2.05390404492901,2.1195454027743312,2.114816789344363,2.140138768707486,2.132604906291204,2.1858537703919585,2.582455454447074,2.6147500331645768
2025-05-30,2025-04-30,0.01750522670546082,0.026298143154591683,0.026544044793935944,0.4098360655737705,0.024830751458764865,0.024978292442371423,0.2459016393442623,0.02100349033759878,0.021111687058910252,0.18032786885245902,0.023775565488364455,0.024218188439184128,0.7377049180327869,0.021260779866350117,0.021427992981104215,0.2786885245901639,0.021880671891455074,0.022264278448832123,0.639344262295082,0.02813806032443836,0.028226584914602296,0.14754098360655737,1.4550839670646132,2.838418897943529,2.8898762349828604,2.112485041024601,2.13753731107235,2.0259496156483916,2.0482231468540033,2.1027367750560364,2.1708769527441265,2.159779443560275,2.185997647221939,2.179267734519869,2.2345202273843943,2.6551207418094807,2.6885554970061563
2025-06-27,2025-05-30,0.0298200232701421,0.0421066559122466,0.042264032961426924,0.26229508196721313,0.037631906303143475,0.03771059482773364,0.13114754098360656,0.04063954684517532,0.04070839930419171,0.11475409836065574,0.03667430940061692,0.03707758808914151,0.6721311475409836,0.03730088743984808,0.03741892022673333,0.19672131147540983,0.037585688258577964,0.03786109809464354,0.45901639344262296,0.045341047731417596,0.0454394083871553,0.16393442622950818,1.4984746048224904,2.9579352258140554,3.0120140594326203,2.1919818801552307,2.2181451145393627,2.108283289959499,2.131603032580224,2.1798531941324972,2.2513678341901837,2.240341133479415,2.267795318799164,2.2611770122215105,2.31912161690786,2.775506698096541,2.81072186820615
2025-07-25,2025-06-27,0.04854069395807454,0.08022200048487804,0.0804495866917746,0.3793103448275862,0.05333743164338219,0.05343053509165806,0.15517241379310345,0.0985569977822588,0.09865010123053466,0.15517241379310345,0.0665370841411856,0.06695087724463387,0.6896551724137931,0.06992635446842099,0.07006083722704168,0.22413793103448276,0.09071505823267584,0.09102540306026205,0.5172413793103449,0.08231626767074464,0.0824093711190205,0.15517241379310345,1.5712116020191256,3.195226706933548,3.2543293456237885,2.3088965638515426,2.336661794920148,2.3160693614924113,2.341885887527578,2.3248942695259234,2.402098885689568,2.397000021709281,2.4266789574937992,2.466299816559573,2.530220596832664,3.0039760503790007,3.0423516897554976
2025-08-29,2025-07-25,0.02706271965512683,0.07133556917139351,0.07159271202853637,0.42857142857142855,0.04444963875885817,0.04458892447314389,0.23214285714285715,0.0916383037126991,0.0917883037126991,0.25,0.05432804614229886,0.054788760428013145,0.7678571428571429,0.02581971919796236,0.025926862055105217,0.17857142857142858,0.06369775170179479,0.0639870374160805,0.48214285714285715,0.04274908590456459,0.042909800190278874,0.26785714285714285,1.6137328611234518,3.42316002270429,3.487315609311048,2.4115261820463125,2.440851031213123,2.52831002906053,2.5568436206324434,2.4512012326766937,2.5337069060620108,2.458889889187324,2.4895951280767674,2.6233975698969667,2.692121916833133,3.132393280611907,3.172898392871463
2025-09-30,2025-08-29,0.01970057528359867,0.026794285223954818,0.027013515993185588,0.36538461538461536,0.020265008409346273,0.020368854563192425,0.17307692307692307,0.04158259765427894,0.04170952073120202,0.21153846153846154,0.01016056292951604,0.010610562929516041,0.75,0.028145848282780373,0.028249694436626525,0.17307692307692307,0.04671588848373535,0.047004350022196884,0.4807692307692308,0.05419870530997389,0.054348705309973884,0.25,1.6455243268416313,3.514881148719869,3.581520265296458,2.46039578040484,2.4905683708783215,2.633443727744232,2.6634883426336535,2.4761068170542124,2.5605909626337313,2.5280974309524527,2.5599254297158502,2.7459519182207757,2.818663357714385,3.3021649409427343,3.3453413126041234
2025-10-31,2025-09-30,-0.0010529509506528743,-0.032231531275579636,-0.03200353127557964,0.38,-0.013395234503164027,-0.013275234503164026,0.2,-0.023535356175490182,-0.023463356175490183,0.12,-0.0009607954318768205,-0.0004447954318768206,0.86,-0.009412992728152126,-0.009268992728152126,0.24,-0.03502390802731489,-0.03480790802731489,0.36,-0.017219956384797556,-0.017051956384797555,0.28,1.643791670437361,3.401591147044959,3.4668989694719206,2.427438201955722,2.4575054917087487,2.571464691643661,2.600993966981174,2.473727784935548,2.5594520234706466,2.5043004682188372,2.5361974995232024,2.6497779507895824,2.7205515827991,3.245301804684293,3.2882966984493365
2025-11-28,2025-10-31,-0.006916346293621441,0.008085521306976444,0.008285521306976445,0.3333333333333333,0.0017172359345264422,0.0018600930773835852,0.23809523809523808,0.012109012275086511,0.012266155132229369,0.2619047619047619,0.0012360983525679828,0.0016646697811394113,0.7142857142857143,0.009725151258387932,0.010039436972673647,0.5238095238095238,0.005441879954347362,0.0056990228114902185,0.42857142857142855,0.006771691902858252,0.006900263331429681,0.21428571428571427,1.6324226380100457,3.4290947847420132,3.4956240347526144,2.431606686064963,2.462076680661508,2.6026025891597255,2.632898162478158,2.476785555775208,2.563712665910394,2.5286551690687173,2.5616594944699185,2.664197724303456,2.7360560683293076,3.267277988637405,3.310986811580508
2025-12-26,2025-11-28,0.024130904566851682,0.06417791793955148,0.06437291793955148,0.325,0.051643133476328006,0.051838133476328006,0.325,0.0799286690163007,0.08000366901630071,0.125,0.043689813646610745,0.044169813646610746,0.8,0.04746250731174398,0.04780750731174398,0.575,0.059095259200387315,0.05939525920038732,0.5,0.030562308553737618,0.030652308553737618,0.15,1.6718144729006343,3.64916694844413,3.7206475538892687,2.5571824747153475,2.589706140262594,2.8106251500896406,2.8435396756226865,2.5849958551496446,2.6769513766071116,2.6486714835195206,2.6841260494819874,2.8216391793822506,2.898564827694519,3.3671335466569765,3.4124762009464296
2026-01-30,2025-12-26,0.05533530407443055,0.12798716977265417,0.12822401187791732,0.39473684210526316,0.07756649137220178,0.07775596505641232,0.3157894736842105,0.1420918218428377,0.14213919026389032,0.07894736842105263,0.0727485635263327,0.07315908984212217,0.6842105263157895,0.08965403646215346,0.08998561540952188,0.5526315789473685,0.14959656996924953,0.1498649910218811,0.4473684210526316,0.06250925953181526,0.06260399637392051,0.15789473684210525,1.7643248351146246,4.1162134982034075,4.1977239100327095,2.755534147077501,2.791071240411229,3.209991998183177,3.2477181025989403,2.7730505903333054,2.8727947028713037,2.8861355732792457,2.925658783881353,3.243746722308683,3.3329582195732983,3.5776105714032393,3.6261108486565696
