date,rebalance_date,benchmark_return,long_return_ew,long_return_ew_gross,ew_turnover,liquidity_return,liquidity_return_gross,liquidity_turnover,volatility_return,volatility_return_gross,volatility_turnover,price_volume_return,price_volume_return_gross,price_volume_turnover,valuation_return,valuation_return_gross,valuation_turnover,momentum_return,momentum_return_gross,momentum_turnover,bs_deviation_return,bs_deviation_return_gross,bs_deviation_turnover,benchmark_nav,long_nav,long_nav_gross,liquidity_nav,liquidity_nav_gross,volatility_nav,volatility_nav_gross,price_volume_nav,price_volume_nav_gross,valuation_nav,valuation_nav_gross,momentum_nav,momentum_nav_gross,bs_deviation_nav,bs_deviation_nav_gross
2019-02-22,2019-01-25,0.056231682462920984,0.07892088972630758,0.07952088972630758,1.0,0.05008350697408854,0.05068350697408854,1.0,0.07660991720629834,0.07720991720629834,1.0,0.04980189277178587,0.050401892771785875,1.0,0.06581424335295474,0.06641424335295475,1.0,0.08793767304308418,0.08853767304308419,1.0,0.08999100710823765,0.09059100710823766,1.0,1.056231682462921,1.0789208897263076,1.0795208897263076,1.0500835069740886,1.0506835069740885,1.0766099172062984,1.0772099172062983,1.0498018927717858,1.050401892771786,1.0658142433529547,1.0664142433529546,1.087937673043084,1.0885376730430842,1.0899910071082377,1.0905910071082376
2019-03-29,2019-02-22,0.054042180953750046,0.10989538588357751,0.11015252874072037,0.42857142857142855,0.07500735617722155,0.0751502133200787,0.23809523809523808,0.10599662306054074,0.10611090877482646,0.19047619047619047,0.06933269864574321,0.06984698436002892,0.8571428571428571,0.10493116816325768,0.10510259673468625,0.2857142857142857,0.09515599197331519,0.09544170625902948,0.47619047619047616,0.12924932098693867,0.12933503527265294,0.14285714285714285,1.113312746175666,1.1974893172406331,1.1984328455580926,1.12884749459752,1.1296425966550798,1.1907269327836543,1.1915136404623141,1.122587491041063,1.1237692973479616,1.1776513769530188,1.1784971495242056,1.191461461526639,1.19242956588555,1.230871604658847,1.2316426334806196
2019-04-30,2019-03-29,-0.024140111468356804,-0.039761630504605586,-0.03951617595915104,0.4090909090909091,-0.048295409347476934,-0.0481590457111133,0.22727272727272727,-0.04021592770773027,-0.03997047316227572,0.4090909090909091,-0.054437241440754125,-0.053973605077117764,0.7727272727272727,-0.039763321585036246,-0.0395178670395817,0.4090909090909091,-0.06676955959476966,-0.06636046868567874,0.6818181818181818,-0.026579855936003018,-0.0263616741178212,0.36363636363636365,1.086437252383843,1.1498751894752988,1.151075362357793,1.074329342755059,1.0752400872055472,1.1428407445351794,1.1438882764737297,1.0614769247528901,1.0631154170951125,1.1308240465361752,1.131925455862782,1.1119081044663646,1.1132993810187244,1.1981552147312982,1.1991744717471884
2019-05-31,2019-04-30,-0.0239851051629653,-0.031206456368635362,-0.030870456368635363,0.56,-0.044437156553434894,-0.044245156553434896,0.32,-0.03576622604852729,-0.035526226048527294,0.4,-0.03151801210545543,-0.03099001210545543,0.88,-0.03150457573412637,-0.03124057573412637,0.44,-0.03223836670891097,-0.03180636670891097,0.72,-0.020538029278422153,-0.02034602927842215,0.32,1.0603789406324535,1.1139916595455615,1.1155411406071156,1.0265892015611036,1.0276659212146089,1.101965644128667,1.1032502429894637,1.0280212821888668,1.0301694574498388,1.095197914720105,1.0965634529335153,1.0760620032479677,1.0778893726492391,1.1735474678510525,1.1747760328350838
2019-06-28,2019-05-31,0.012601469574789968,0.013271233681998734,0.013549805110570162,0.4642857142857143,0.022526631508515124,0.022783774365657983,0.42857142857142855,0.0069312626435150135,0.007102691214943585,0.2857142857142857,-0.00033902485218128,8.954657639014853e-05,0.7142857142857143,0.018064127062812473,0.018364127062812475,0.5,0.004078007896813111,0.004378007896813111,0.5,0.005648682235125803,0.005841539377982946,0.32142857142857145,1.0737412735905814,1.128775703179188,1.1306565056551652,1.0497147982152912,1.0510800296868386,1.1096036574322528,1.1110862887982293,1.0276727574256335,1.0302617055978551,1.1149817090105363,1.116700883515623,1.0804501925946735,1.0826083808345885,1.1801764645847796,1.1816385332912005
2019-07-26,2019-06-28,0.01837719558528106,-0.010887668170048813,-0.010651953884334528,0.39285714285714285,-0.0025272181267762582,-0.002312932412490544,0.35714285714285715,-0.01265431484088033,-0.01248288626945176,0.2857142857142857,0.013396970536250248,0.013868399107678819,0.7857142857142857,-0.014513796924046647,-0.014363796924046646,0.25,-0.002039962984200045,-0.0016756772699143309,0.6071428571428571,-0.0035528675210130763,-0.0034028675210130764,0.25,1.093473626983344,1.1164859678845596,1.1186128046979036,1.0470619399492962,1.0486489526180545,1.0955623834025128,1.0972167250196139,1.0414404590777717,1.0445497861164441,1.098799090911931,1.100660818799901,1.0782461141955084,1.0807942785786053,1.1759834539546925,1.1776175739046864
2019-08-30,2019-07-26,0.013109368829750133,0.011724550539237976,0.011931447090962114,0.3448275862068966,0.02737738339797869,0.027542900639358,0.27586206896551724,0.025207413378773063,0.025372930620152372,0.27586206896551724,0.0157377274634282,0.01613083091170406,0.6551724137931034,0.013306046902155429,0.013450874488362324,0.2413793103448276,0.038690127593043126,0.03906254138614657,0.6206896551724138,0.00882626930650296,0.009074545168571925,0.41379310344827586,1.1078083760650732,1.1295762640413722,1.1319594741924295,1.0757277561207195,1.0775317865255802,1.1231786772831738,1.1250563288588074,1.0578303651921253,1.0613992420951452,1.113419763151651,1.1154656693278366,1.1199635939304355,1.1230128498154925,1.186363000619288,1.1883039177703885
2019-09-30,2019-08-30,0.004349450306704206,0.007458260542879865,0.0077182605428798646,0.43333333333333335,0.017681148967669383,0.01788114896766938,0.3333333333333333,0.0074350633532848055,0.007555063353284806,0.2,0.005251631335459351,0.0057316313354593505,0.8,0.006812368955157307,0.006972368955157306,0.26666666666666666,-0.0024645317424654657,-0.0021445317424654657,0.5333333333333333,0.010980590830866537,0.011160590830866537,0.3,1.112626733546119,1.1380009381216456,1.140696232338228,1.0947478588253465,1.096799292917843,1.1315295819058326,1.1335562006993496,1.0633857002855687,1.0674827912505707,1.121004789380204,1.1232431075312017,1.1172034081027884,1.1206045131118667,1.1993899673059674,1.2015660915793394
2019-10-25,2019-09-30,0.013105165756585775,0.026122944679063762,0.026372944679063762,0.4166666666666667,0.026377650560661037,0.02667765056066104,0.5,0.025448685563088307,0.02549868556308831,0.08333333333333333,0.009571075133487083,0.010071075133487083,0.8333333333333334,0.011025101372801068,0.011225101372801069,0.3333333333333333,0.029965862332662758,0.030315862332662757,0.5833333333333334,0.01410702087522544,0.01420702087522544,0.16666666666666666,1.1272078913144494,1.16772887367292,1.1707797509693003,1.1236247352974733,1.1260593211894852,1.1603255224410869,1.1624603938290714,1.0735634447188775,1.0782334906449598,1.1333639808225162,1.1358516252795396,1.1506813716275783,1.1545766052607265,1.2163097866122885,1.21863676612537
2019-11-29,2019-10-25,-0.003354186117488216,-0.008624238567431877,-0.008251824774328429,0.6206896551724138,-0.016435883543171017,-0.01602209043972274,0.6896551724137931,-0.010222603854174601,-0.009850190061071153,0.6206896551724138,-0.004468375646720272,-0.003930444612237513,0.896551724137931,-0.006608627073696367,-0.006236213280592919,0.6206896551724138,0.0008617048768594815,0.0012961876354801712,0.7241379310344828,-0.012541682810348403,-0.012169269017244955,0.6206896551724138,1.1234270262538795,1.1576581012842864,1.16111868161497,1.1051569700018977,1.1080174969048944,1.1484639742832834,1.1510099380113874,1.0687663599672865,1.0739955536309203,1.1258740009345003,1.1287682122891884,1.1516729193772213,1.1560731531806803,1.2010552150694747,1.203806847484085
2019-12-27,2019-11-29,0.0444815871885692,0.08423958778751851,0.08448786364958748,0.41379310344827586,0.0697495140373237,0.06997710024422026,0.3793103448275862,0.07152569468712172,0.07169121192850103,0.27586206896551724,0.04419909054559479,0.04465426295938789,0.7586206896551724,0.06543481952644818,0.06555895745748266,0.20689655172413793,0.07048429416260261,0.07081532864536123,0.5517241379310345,0.07135355462638467,0.0715397615229364,0.3103448275862069,1.1733988434721863,1.2551787425353562,1.2592191184682442,1.1822411315944912,1.1855533483581582,1.2306086578670279,1.2335272354091724,1.1160048610835664,1.1219540334999687,1.1995453629951696,1.2027690794980141,1.2328477722057087,1.2379408534612493,1.2867547739672385,1.2899269022727742
2020-01-23,2019-12-27,0.012208923458741463,0.04670114970193453,0.04700114970193453,0.5,0.04599087747539212,0.046184995122450945,0.3235294117647059,0.06282501441688115,0.06301913206393997,0.3235294117647059,0.027191728290550013,0.027685845937608835,0.8235294117647058,0.0481030819619531,0.04827955255018839,0.29411764705882354,0.03673263806981352,0.03701499101098999,0.47058823529411764,0.04380017065741413,0.044011935363296485,0.35294117647058826,1.1877247801387139,1.3137970328931858,1.3184038647629082,1.2366134386240224,1.240308123969485,1.3079216645390628,1.3112630511618897,1.1463509620370838,1.1530162800205277,1.257247191908407,1.2608382324773804,1.2781335232173168,1.2837632230242548,1.3431148526612458,1.3466990817189806
2020-02-28,2020-01-23,0.020087077294582558,0.05960764579945118,0.05980764579945118,0.3333333333333333,0.033289930583924196,0.03342326391725753,0.2222222222222222,0.02105971169703864,0.021243045030371974,0.3055555555555556,0.057769993332594874,0.05821999333259487,0.75,0.039612341065328016,0.03979567439866135,0.3055555555555556,0.06907268614870972,0.06940601948204306,0.5555555555555556,0.06364332666699468,0.06379332666699468,0.25,1.2115826996020511,1.392109381082253,1.3972544961272757,1.277780214154964,1.2817632697356358,1.3354661177165663,1.3391182712043848,1.2125756494707798,1.2201448801556962,1.3070496964777085,1.311014140246434,1.366417638922651,1.3728641182918064,1.428595149980458,1.4326094961612215
2020-03-27,2020-02-28,-0.016696818946168757,0.040582177156320114,0.04085059820895169,0.4473684210526316,0.04865079552264001,0.04876132183842948,0.18421052631578946,0.040052119158656634,0.04024159284286716,0.3157894736842105,0.04751057820182061,0.04793689399129429,0.7105263157894737,0.019523520591762336,0.019728783749657072,0.34210526315789475,0.01126256010164456,0.01156256010164456,0.5,0.026767231368734493,0.02697249452662923,0.34210526315789475,1.1913531226284855,1.4486042106063082,1.4543331781442224,1.3399452380766923,1.344263741051893,1.3889543657956989,1.3930065234426359,1.2701858196905846,1.2786348359297404,1.3325679081413477,1.3368788547120984,1.3818069997049645,1.3887379421709465,1.4668346868922368,1.471250547955227
2020-04-30,2020-03-27,0.005361956990544411,0.10784652834440397,0.10808977158764722,0.40540540540540543,0.07458075800891016,0.07471048773863989,0.21621621621621623,0.10508226373193115,0.10527685832652574,0.32432432432432434,0.04853713903504352,0.048958760656665136,0.7027027027027027,0.04517995548172509,0.04534211764388725,0.2702702702702703,0.07243529968656408,0.07272719157845597,0.4864864864864865,0.023798081635904616,0.02399267623049921,0.32432432432432434,1.19774110683257,1.6048311456652842,1.6115317191821683,1.4398793696228815,1.4446943407952486,1.5349088347738595,1.5396578738590325,1.3318370054212474,1.3412352128292988,1.3927732669075494,1.3974957730180797,1.4818986038375854,1.4897369525434836,1.501742538517275,1.506549786006261
2020-05-29,2020-04-30,-0.032477548924032096,-0.052186637765432836,-0.05198663776543284,0.3333333333333333,-0.05149580921157826,-0.05137273228850134,0.20512820512820512,-0.037136103335554,-0.03701302641247708,0.20512820512820512,-0.02916320605596865,-0.02873243682519942,0.717948717948718,-0.024141397431025873,-0.023972166661795104,0.28205128205128205,-0.04799546267583532,-0.047672385752758395,0.5384615384615384,-0.026863013360652492,-0.02663224412988326,0.38461538461538464,1.1588414114370909,1.5210804039917654,1.5277536034495396,1.365731616317094,1.3704764451868614,1.4779083016750427,1.4826704763077099,1.2929963683991832,1.302698256808948,1.3591497739398262,1.363994771438136,1.4107741947077261,1.418717637871692,1.4614012086408252,1.466426984311519
2020-06-24,2020-05-29,0.004223132552955096,0.01689051699109892,0.017047659848241775,0.2619047619047619,-0.004722843399419625,-0.00463712911370534,0.14285714285714285,0.025472440512418027,0.025572440512418027,0.16666666666666666,0.02247038261326643,0.022856096898980716,0.6428571428571429,0.007632830292441177,0.007789973149584035,0.2619047619047619,0.013634999255528557,0.013934999255528557,0.5,0.04713484173200825,0.04732055601772254,0.30952380952380953,1.1637353523254432,1.5467722384002158,1.553798227213073,1.359281479767592,1.364121368963238,1.515554232972269,1.5205859788626073,1.3220504915146767,1.3324728543967068,1.3695239335063185,1.3746202540838122,1.4300100998022847,1.4384874670992394,1.5302841233170763,1.5358191245685322
2020-07-31,2020-06-24,0.07508333418281536,0.07900109122246428,0.07914743268587891,0.24390243902439024,0.052824517748236995,0.05295622506531016,0.21951219512195122,0.06505592832751206,0.06512909905921938,0.12195121951219512,0.07700574785048406,0.07737160150902064,0.6097560975609756,0.05821566539572391,0.05834737271279708,0.21951219512195122,0.08962828343727174,0.08986242977873515,0.3902439024390244,0.06181075923182595,0.06189856410987473,0.14634146341463414,1.2511124826844509,1.6689689331064466,1.6767773678088578,1.431084868420425,1.4363600871944544,1.6141500205289705,1.61962037370801,1.4238559783098643,1.4355684131086761,1.449251680570758,1.4548257343874,1.558179450345525,1.5677534460990354,1.624872146819714,1.6308841231118094
2020-08-28,2020-07-31,0.006793071527589063,0.05252131973110963,0.05273001538328354,0.34782608695652173,0.10625635501084307,0.1064128767499735,0.2608695652173913,0.10759902140870807,0.10779467358262111,0.32608695652173914,0.050321654881044994,0.050778176620175426,0.7608695652173914,0.06849301603070346,0.06866258124809477,0.2826086956521739,0.008797477048858823,0.009123564005380561,0.5434782608695652,0.0062109871483713875,0.006354465409240953,0.2391304347826087,1.2596113792683858,1.7566253840634192,1.7651938642077605,1.5831467302499513,1.589207296121659,1.7878309831447339,1.7942068232196278,1.4955067674506861,1.5084639595398532,1.548515299160615,1.554717824576594,1.5718874982979432,1.582056945009176,1.6349642068413577,1.6412475198586036
2020-09-30,2020-08-28,-0.033423242677734194,-0.0627009771084015,-0.062438477108401495,0.4375,-0.06032224841863527,-0.06017224841863527,0.25,-0.09516804213745145,-0.09501804213745145,0.25,-0.05144162551872061,-0.050979125518720615,0.7708333333333334,-0.040030025840150925,-0.039842525840150925,0.3125,-0.06835967403763668,-0.06802217403763668,0.5625,-0.042750694585117405,-0.042563194585117405,0.3125,1.217511082459463,1.6464832560692217,1.6549778475255335,1.4876477599046636,1.493581119910719,1.6176866088061745,1.6237248036876422,1.4185754683587755,1.4315637860060046,1.4865281917213466,1.4927739394767578,1.4644337812904595,1.47444199215831,1.5650683513770842,1.5713907823085207
2020-10-30,2020-09-30,0.018460665611766215,0.09226382688127169,0.0924725225334456,0.34782608695652173,0.08796775884574698,0.08813732406313829,0.2826086956521739,0.10162451869885099,0.10170277956841621,0.13043478260869565,0.06937987306718338,0.06981030784979207,0.717391304347826,0.08004549203560132,0.08020201377473175,0.2608695652173913,0.053506987071326596,0.053820030549587464,0.5217391304347826,0.04095312320517856,0.041122688422569866,0.2826086956521739,1.2399871474313668,1.7983941021701049,1.8080178238231914,1.6185127992953727,1.625221363090875,1.7820832318316784,1.7888621294768563,1.5169960542897274,1.5315016946136977,1.6055180722524744,1.6124974155332332,1.5427912206927819,1.553796505219865,1.6291627883955555,1.6360105958394924
2020-11-27,2020-10-30,0.006960622801485936,-0.012993778680223831,-0.01274671985669442,0.4117647058823529,0.0024068908369075117,0.0026539496604369235,0.4117647058823529,-0.03440882240424375,-0.034244116521890806,0.27450980392156865,-0.025033089499318362,-0.02458603067578895,0.7450980392156863,-0.009449390398361856,-0.009296449221891268,0.2549019607843137,0.000981279775248792,0.001228338598778204,0.4117647058823529,-0.0015419482146764687,-0.0013301835087941158,0.35294117647058826,1.2486182302433273,1.7750261672266867,1.784971527127007,1.6224083829214142,1.6295346187755848,1.7207638463980015,1.727604126273453,1.4790209562925798,1.4938481469699025,1.5903469051961354,1.5975069151892978,1.5443051305150792,1.5557050934418732,1.6266507037425717,1.6338344015246942
2020-12-31,2020-11-27,-0.00024050585493312623,0.08146771389042361,0.08173309850580822,0.4423076923076923,-0.0077277119895059155,-0.007589250451044377,0.23076923076923078,0.039555563994606115,0.03970556399460611,0.25,0.05212952053293449,0.05255644360985756,0.7115384615384616,0.07248396977384945,0.0725878159276956,0.17307692307692307,0.06019908055853343,0.06051061902007189,0.5192307692307693,-0.04493158366775188,-0.0448046605908288,0.21153846153846154,1.2483179302483776,1.9196334911663258,1.9308627807837417,1.6098708782088373,1.6171676724350497,1.7888296308438023,1.7961996224665489,1.556121609602274,1.5723594928678164,1.7056215622023072,1.7134664530922794,1.637270879473913,1.64984177165872,1.5535627115491548,1.5606310057027604
2021-01-29,2020-12-31,-0.014464232574607345,-0.03869488368462425,-0.03850599479573536,0.3148148148148148,-0.04233898168816952,-0.04216120391039174,0.2962962962962963,-0.04454570459222349,-0.044401260147779044,0.24074074074074073,-0.03991851998207739,-0.03955185331541072,0.6111111111111112,-0.0399211388493895,-0.03975447218272283,0.2777777777777778,-0.018838010676528794,-0.018493566232084348,0.5740740740740741,-0.0662125960309623,-0.06604592936429564,0.2777777777777778,1.2302619693782124,1.8453534965085356,1.856512988595604,1.541710584576036,1.5489859364402219,1.709144954542418,1.716446095752069,1.4940035380348233,1.510169760846815,1.6375312069931163,1.6453484986467934,1.6064279531660137,1.61933031358209,1.4506972913205842,1.4575576805363861
2021-02-26,2021-01-29,0.006801030596097083,-0.009006581658659793,-0.008775002711291372,0.38596491228070173,-0.007184334337471186,-0.007026439600629081,0.2631578947368421,-0.019292031438678497,-0.019144663017625865,0.24561403508771928,-0.013682807017020127,-0.013282807017020127,0.6666666666666666,-0.014560483171562139,-0.014381535803141086,0.2982456140350877,-0.009938972602631862,-0.009623183128947652,0.5263157894736842,0.012244126696728029,0.01239149511778066,0.24561403508771928,1.2386290186731683,1.8287331695531381,1.8402220820871298,1.5306344202848234,1.5381020803156007,1.676172076346127,1.6835853136609762,1.4735613759411477,1.4901104673505474,1.6136879614107853,1.6216858603048603,1.5904617097513947,1.6037472014282335,1.4684598127541135,1.4756189994186364
2021-03-26,2021-02-26,0.002326765049542622,0.03600208435661478,0.03623779864232907,0.39285714285714285,0.05376304101665739,0.05388089815951453,0.19642857142857142,-0.0013588543010187432,-0.0012409971581616003,0.19642857142857142,0.01213921203648324,0.012524926322197526,0.6428571428571429,0.0013453217467738181,0.001463178889630961,0.19642857142857142,0.012167786883155313,0.012521358311726741,0.5892857142857143,0.044615493891797746,0.04471192246322632,0.16071428571428573,1.2415110173831663,1.89457137538913,1.9069076793549706,1.612925981404104,1.620976401864023,1.6738944027109364,1.6814959890712002,1.4914492499324692,1.5087739911660485,1.6158588909177782,1.6240586768212713,1.6098141088814686,1.6238282947787455,1.5339758725603951,1.5415967617059063
2021-04-30,2021-03-26,0.014005989189537549,0.03958963592958688,0.03988963592958688,0.5,0.033720813409952095,0.03389224198138067,0.2857142857142857,0.03831235687812161,0.03849449973526447,0.30357142857142855,0.0288529905304517,0.029335133387594556,0.8035714285714286,0.055635512005925154,0.05577479772021087,0.23214285714285715,0.02866733948289214,0.029074482340034995,0.6785714285714286,0.03937623141807261,0.03950480284664404,0.21428571428571427,1.2588996072713265,1.9695767663834023,1.9829735324357738,1.6673151574670955,1.6759149263221063,1.738025242443888,1.74622433597735,1.5344820210174202,1.553034077448638,1.705758027643315,1.7146402210067309,1.6559631964451234,1.6710402618585394,1.594378061508073,1.602497237846123
2021-05-28,2021-04-30,0.03067817984640709,0.05572423273913227,0.05604492239430468,0.5344827586206896,0.03586986515843724,0.03602503757223035,0.25862068965517243,0.06918228955048175,0.06932711713668865,0.2413793103448276,0.060094308683750354,0.06060120523547449,0.8448275862068966,0.045596010842710546,0.04578221773926227,0.3103448275862069,0.0482598239523681,0.04864258257305776,0.6379310344827587,0.043936411141176794,0.0441019283825561,0.27586206896551724,1.2975203558317676,2.0793299205109386,2.094109130171097,1.7271215273420588,1.736289824510722,1.8582658080126873,1.8672850350645882,1.6266956572581062,1.6471498143137888,1.7835337891667802,1.7931402529493576,1.735879688777166,1.7523239757788975,1.6644293115329643,1.6731704562628569
2021-06-25,2021-05-28,0.0023428875638619494,0.029635513401967684,0.029889750690103276,0.423728813559322,0.017433022931839046,0.017544887338618708,0.1864406779661017,0.017512962492484314,0.017624826899263975,0.1864406779661017,0.027929357714604912,0.028305628901045588,0.6271186440677966,0.024335667435503278,0.024437362350757514,0.1694915254237288,0.031180123953777002,0.03150554768259056,0.5423728813559322,0.036225091254883685,0.036336955661663346,0.1864406779661017,1.3005603001373036,2.1409519302373528,2.15670152998978,1.7572304765342859,1.7667528338689527,1.8908095474094795,1.9001956105791877,1.6721282221624623,1.6937734257021808,1.826937274319926,1.83695987105641,1.7900046326420818,1.8075319023531462,1.724723415230549,1.7339683769464853
2021-07-30,2021-06-25,0.027965540058235882,0.14329064296973518,0.14353471076634536,0.4067796610169492,0.07908662568816784,0.07922899856952377,0.23728813559322035,0.12002590697056978,0.12017844934345114,0.2542372881355932,0.10507637951130237,0.10549332866384474,0.6949152542372882,0.13146885007199235,0.13163156193639913,0.2711864406779661,0.15165290058948877,0.15197832431830233,0.5423728813559322,0.09991365832566215,0.10003569222396724,0.2033898305084746,1.3369311713089447,2.4477303088883584,2.466263060306198,1.896203905479794,1.906730891616258,2.117755678245915,2.128558172507827,1.8478294018259644,1.8724552223818671,2.0671226169284265,2.0787617680980515,2.0614640272508757,2.082237572024651,1.8970468412461632,1.9074271038287958
2021-08-27,2021-07-30,0.03119743417284855,0.07438158344001618,0.07459158344001618,0.35,0.040462132172229014,0.04061213217222901,0.25,0.07965955535530211,0.07980955535530211,0.25,0.05115907865829896,0.05151907865829896,0.6,0.07076200462558638,0.07092200462558637,0.26666666666666666,0.06835032597851813,0.06861032597851813,0.43333333333333335,0.05229160732392719,0.052421607323927186,0.21666666666666667,1.3786399935194846,2.629796365097594,2.650225527154057,1.972928358528814,1.9841672986034495,2.2864551539261506,2.2984374538035715,1.9423626515410963,1.968922390267901,2.21339635710917,2.2261917198305934,2.2023657655064617,2.22510057060598,1.9962464697437041,2.0074174984647244
2021-09-30,2021-08-27,0.0022146194384976086,-0.011492422698438576,-0.011302422698438577,0.31666666666666665,-0.011720938985827252,-0.011600938985827251,0.2,-0.02073334683952212,-0.020643346839522122,0.15,-0.012957068677214212,-0.012517068677214213,0.7333333333333333,-0.0008374273188315081,-0.0007474273188315081,0.15,-0.027827618344301246,-0.027627618344301247,0.3333333333333333,-0.003994752764124241,-0.0038747527641242413,0.2,1.381693156447823,2.5995736336590753,2.6202715579999696,1.9498037856150894,1.9611490948346773,2.239049286186787,2.2509900122557562,1.9171953252690224,1.9442772534888129,2.211542798532325,2.2245278033222355,2.141079171529393,2.163626341263591,1.9882719586408222,1.9996392519637969
2021-10-29,2021-09-30,0.0011502446692329524,0.023332147239047644,0.023542147239047642,0.35,0.016263206271666757,0.01639320627166676,0.21666666666666667,0.019751624213234446,0.019861624213234445,0.18333333333333332,0.011238996151744235,0.011658996151744235,0.7,0.026354409865638646,0.026514409865638647,0.26666666666666666,0.007389622867592012,0.007699622867592013,0.5166666666666667,-0.0002786935955214092,-0.00010869359552140923,0.2833333333333333,1.3832824416355427,2.6602272684383554,2.6819583768246935,1.9815138467698243,1.9932986164757946,2.283274146282459,2.295698329986924,1.9387426761518631,1.9669455745051627,2.2698267038802475,2.28350984525703,2.1569009391366514,2.1802854481177087,1.9877178399797941,1.999421903983755
2021-11-26,2021-10-29,0.045543567561898805,0.116338582130019,0.11646858213001901,0.21666666666666667,0.0828999572821094,0.0830299572821094,0.21666666666666667,0.1355050206785009,0.1355650206785009,0.1,0.09872633347920233,0.09910633347920234,0.6333333333333333,0.07153532705892801,0.07167532705892801,0.23333333333333334,0.10057746866464935,0.10084746866464936,0.45,0.08031818003714639,0.08042818003714639,0.18333333333333332,1.4462820589733592,2.969714336992087,2.994322266305193,2.145781260020951,2.1588021154522674,2.5926692566891503,2.606914721563201,2.130147632127993,2.1618823385475125,2.4321994995094096,2.44718116025811,2.373836575755421,2.4001617165267506,2.1473677193143392,2.1602317688475745
2021-12-31,2021-11-26,0.02263629090203484,0.019356401572529984,0.01955979140303846,0.3389830508474576,0.027074133774297772,0.027226676147179128,0.2542372881355932,0.007701648416268439,0.007833851806098947,0.22033898305084745,0.016723762984198982,0.017171220611317626,0.7457627118644068,0.009349444843439303,0.009512156707846083,0.2711864406779661,0.02935659540051394,0.029610832688649533,0.423728813559322,0.022990970889331382,0.023102835296111044,0.1864406779661017,1.479020520386674,3.0271973202546056,3.0528905852275963,2.203876428905139,2.2175791215155316,2.612637083763838,2.6273369051630646,2.165771716249054,2.1990044971184233,2.4549392145783133,2.4704591309469737,2.4435243356568144,2.471232503540526,2.1967377880377854,2.210139247604687
2022-01-28,2021-12-31,-0.023600051057857948,-0.07414658945248098,-0.07389658945248098,0.4166666666666667,-0.051217207905156145,-0.05100720790515614,0.35,-0.08235264803021894,-0.08222264803021893,0.21666666666666667,-0.060149139860010255,-0.059719139860010255,0.7166666666666667,-0.04379781290522329,-0.04360781290522329,0.31666666666666665,-0.062353617260476044,-0.06203361726047604,0.5333333333333333,-0.03795020778273443,-0.037780207782734436,0.2833333333333333,1.444115560589929,2.802740963358037,2.827292383007688,2.0910000316486315,2.104466602218255,2.397479501573937,2.411310307553037,2.0355024103835353,2.0676818400022166,2.3474182461645166,2.3627278113746373,2.29116175446461,2.3179330122542448,2.113371132537567,2.1266397276014057
2022-02-25,2022-01-28,-0.008513401807311183,0.0070325693652620955,0.0072489628078850465,0.36065573770491804,0.010323470673861907,0.010510355919763546,0.3114754098360656,0.01674352805923846,0.016871396911697475,0.21311475409836064,-0.0044424929618820976,-0.004049050338931278,0.6557377049180327,-0.005332377603775279,-0.005194672685742492,0.22950819672131148,0.01475606474077203,0.015021638511263834,0.4426229508196721,0.008208398679412482,0.00837561179416658,0.2786885245901639,1.4318212245664363,2.822451433595714,2.847787320339128,2.1125864091544004,2.1265852952288244,2.4376217668799898,2.4519924808290314,2.0264597052515123,2.0593096921471536,2.3349009256819757,2.350454213749045,2.3249702856450707,2.352752164057653,2.1307185253509973,2.1444516363858477
2022-03-25,2022-02-25,-0.05926682023406278,-0.07846137020796409,-0.07824846698215764,0.3548387096774194,-0.06059836202270458,-0.06043384589367232,0.27419354838709675,-0.10671251914060272,-0.1066060675276995,0.1774193548387097,-0.059270141361430224,-0.058863689748527,0.6774193548387096,-0.062085519177114246,-0.06195971272550134,0.20967741935483872,-0.10749881126090542,-0.10722784351896994,0.45161290322580644,-0.08575231688913941,-0.08556844592139748,0.3064516129032258,1.3469617334427417,2.6009980267703616,2.6249523282313647,1.9845671331282164,1.9980675672172161,2.177497007424259,2.1905952048403603,1.9063511520580128,1.938091125332469,2.1899373894838856,2.2048207458907103,2.075038743721298,2.100471623171161,1.9480044751635386,1.960954242506713
2022-04-29,2022-03-25,-0.0078104142043400274,-0.0815120100197741,-0.08133781647138699,0.2903225806451613,-0.04909270937795689,-0.04894754808763431,0.24193548387096775,-0.08597262864179425,-0.08585649960953619,0.1935483870967742,-0.033922472065506214,-0.033525697871957826,0.6612903225806451,-0.04964349946189448,-0.04950801559092674,0.22580645161290322,-0.05445391604752357,-0.05418294830558809,0.45161290322580644,-0.052457281466306814,-0.052292765337274554,0.27419354838709675,1.336441404387158,2.388985449550843,2.411444437511542,1.8871393556205078,1.9002670588885089,1.9902918658363546,2.002518368491332,1.841683008355279,1.87311526781625,2.08122123386746,2.0956644460279543,1.9620447581753397,1.9866618777955234,1.8458174561122596,1.8584105224661764
2022-05-27,2022-04-29,0.020357016231745514,0.05308256530393658,0.05332066054203182,0.3968253968253968,0.049983747535587986,0.050145652297492745,0.2698412698412698,0.07968069065256007,0.07978545255732197,0.1746031746031746,0.04889859740022188,0.049279549781174256,0.6349206349206349,0.053458686523375716,0.05364916271385191,0.31746031746031744,0.04221726867480106,0.04256964962718201,0.5873015873015873,0.053100390027250303,0.053271818598678876,0.2857142857142857,1.363647363749044,2.5157989256867803,2.5400242477800656,1.9814656527363155,1.9955571900959113,2.1488796963063677,2.162290202775763,1.9317387243196733,1.9654215449024783,2.1924805873945736,2.2080950888865427,2.044876928883213,2.071233377860958,1.9438310829509273,1.9574114307008708
2022-06-24,2022-05-27,0.03003915708617989,0.11444721913739864,0.1146687575989371,0.36923076923076925,0.07239378483415099,0.07252301560338176,0.2153846153846154,0.1344635408917412,0.13454661781481814,0.13846153846153847,0.07741201847788061,0.077836633862496,0.7076923076923077,0.09301975467004937,0.09312129313158783,0.16923076923076924,0.107028648518876,0.10731480236502985,0.47692307692307695,0.06270363279109667,0.06285132509878898,0.24615384615384617,1.4046101811188567,2.8037251166404875,2.8312856725441806,2.124911450856769,2.140281015330678,2.437825669222091,2.4532190362933592,2.0812785181411453,2.1184033420785138,2.3964245937528625,2.413715758921166,2.263737342969013,2.29350737845796,2.065716353384202,2.0804373328839367
2022-07-29,2022-06-24,0.020537202187764964,0.07221011308978574,0.0724039592436319,0.3230769230769231,0.03579979305565925,0.03595671613258233,0.26153846153846155,0.05898746808215648,0.0590705450052334,0.13846153846153847,0.039593087659083114,0.0400177030436985,0.7076923076923077,0.04900449503675209,0.04914295657521363,0.23076923076923078,0.08304004629933022,0.08332620014548407,0.47692307692307695,0.042174537477640044,0.04232222978533235,0.24615384615384617,1.433456944403488,3.0061824243857695,3.036281964986148,2.2009828410590417,2.217238492242878,2.581626833075191,2.5981320217844215,2.163682760952874,2.20317697794859,2.513860170863375,2.532332887646738,2.4517181967386827,2.4846166333104924,2.152836985148178,2.1684860797402346
2022-08-26,2022-07-29,-0.008966844452452067,-0.054955948556555716,-0.054743640864248024,0.35384615384615387,-0.024811031198486953,-0.02472795427541003,0.13846153846153847,-0.07013765512777892,-0.07003611666624046,0.16923076923076924,-0.04230006118652157,-0.04190313810959849,0.6615384615384615,-0.041397022158344315,-0.0412216375429597,0.2923076923076923,-0.05650315423741635,-0.05624469269895481,0.4307692307692308,-0.01649725548301374,-0.016321870867629124,0.2923076923076923,1.4206033589537346,2.8409748177196033,2.8700648355323533,2.1463741871221913,2.162410720189017,2.4005575805883432,2.4161689443924326,2.072158847776346,2.1108569487617226,2.409793845667165,2.427945979214048,2.3131883853216766,2.344870134295232,2.1173210833909075,2.133092329968463
2022-09-30,2022-08-26,-0.03933768899755785,-0.074974450301358,-0.07473808666499437,0.3939393939393939,-0.05595200042508506,-0.05582472769781233,0.21212121212121213,-0.08807624921054759,-0.08794897648327486,0.21212121212121213,-0.057477134791427936,-0.05708622570051885,0.6515151515151515,-0.06217599720285758,-0.062030542657403036,0.24242424242424243,-0.06592281029574625,-0.06558644665938261,0.5606060606060606,-0.06840878378563534,-0.06830878378563533,0.16666666666666666,1.3647201058303264,2.6279742924410754,2.6555616811201834,2.0262802576919388,2.0416947305636346,2.1891254728761753,2.2036693587224434,1.9530570943734549,1.9903560925632025,2.2599625102595,2.2773391725805405,2.1606965062177923,2.1910784343090985,1.9724777231924517,1.9873833872058504
2022-10-28,2022-09-30,-0.0077447933624856065,0.0006955582431619162,0.0009104836162962445,0.3582089552238806,0.006364516450435833,0.006471979137002998,0.1791044776119403,-0.010408486991325168,-0.0103099795286386,0.16417910447761194,0.004687055345511015,0.005081085196257283,0.6567164179104478,-0.0024534628132134705,-0.0023818210221686945,0.11940298507462686,0.003300979790318805,0.0036502335216620886,0.582089552238806,-0.007721992547469093,-0.007578708965379541,0.23880597014925373,1.354150630613041,2.6298022016230003,2.6579795265229076,2.0391765517252125,2.054908536263971,2.1663399888693653,2.180949572746127,1.962211181067726,2.0004692614404056,2.2544177762813216,2.27191495826468,2.1678289217178297,2.1990763822586046,1.9572462649139108,1.972321586911587
2022-11-25,2022-10-28,0.002824094433833328,0.012219690929280925,0.012457926223398572,0.39705882352941174,0.017725406815254943,0.017804818579960826,0.1323529411764706,0.0016261672274105554,0.001696755462704673,0.11764705882352941,0.023136820696748047,0.023489761873218634,0.5882352941176471,0.003093627125358307,0.003243627125358307,0.25,-0.003932803379035054,-0.0036151563202115244,0.5294117647058824,0.015258892081953041,0.015417715611364806,0.2647058823529412,1.3579748798715272,2.6619375717319755,2.691092439367634,2.0753217856726707,2.091495809950564,2.1698628199626935,2.1846501108475676,2.007610509333244,2.047459808026334,2.2613921042659153,2.279284203249815,2.159303276809328,2.1911263773766545,1.9871116744480377,2.0027302802327456
2022-12-30,2022-11-25,-0.01995833817956912,-0.04483578814274638,-0.04457491857752899,0.43478260869565216,-0.03615426411719748,-0.03602382933458878,0.21739130434782608,-0.05431095007156544,-0.054206602245478484,0.17391304347826086,-0.041163674942686385,-0.04075497929051247,0.6811594202898551,-0.04233820074928822,-0.042199070314505614,0.2318840579710145,-0.043613599577881676,-0.04325707783875124,0.5942028985507246,-0.029470663087882962,-0.02931414134875253,0.2608695652173913,1.3308719579796915,2.542587502716584,2.571137212998218,2.000290053705287,2.016152121838897,2.0520155086855536,2.066227651243313,1.9249698829155295,1.9640156259520645,2.16564883138265,2.183100528890134,2.065128288327358,2.0963446531159318,1.9285501757723806,1.944021961714576
2023-01-20,2022-12-30,0.044494932233683095,0.07471586140615259,0.07494728997758117,0.38571428571428573,0.0556166002208052,0.0557966002208052,0.3,0.09392831861552892,0.09405689004410034,0.21428571428571427,0.06076004708659753,0.06115433280088325,0.6571428571428571,0.060999603359399315,0.061128174787970745,0.21428571428571427,0.07173799692287924,0.07215799692287925,0.7,0.06489100814562095,0.0650881510027638,0.32857142857142857,1.3900890155617072,2.732559118182572,2.7638369792729454,2.111539385947867,2.1286465557654703,2.244757875189377,2.260570598242385,2.041931143641759,2.084123691167672,2.297752551112738,2.316549479599842,2.213276455120737,2.2476126841447654,2.053695740937665,2.0705547567113434
2023-02-24,2023-01-20,-0.011161840345549453,-0.010713751712344835,-0.010502484106711032,0.352112676056338,-0.0030592663884549745,-0.002966308641976101,0.15492957746478872,0.007193165602261049,0.007269221940289218,0.1267605633802817,-0.007426481775406202,-0.007012397268363949,0.6901408450704225,-0.011221511861966927,-0.011086300594361293,0.22535211267605634,-0.012762985587576447,-0.012433408122787714,0.5492957746478874,-0.00160127760330314,-0.001457615631472154,0.23943661971830985,1.3745730639039053,2.70328315825106,2.734809825324591,2.105079624476538,2.1223323330913906,2.2609047903225936,2.277003187632701,2.026766779216869,2.069508987888795,2.2719682936045618,2.2908675157272866,2.185028439622709,2.219667198340839,2.0504072039437022,2.067536683732142
2023-03-31,2023-02-24,0.0023779952099818886,-0.010117555478667157,-0.009864034351906593,0.4225352112676056,0.012165488716947222,0.012300699984552856,0.22535211267605634,-0.005863059911607265,-0.005736299348226983,0.2112676056338028,-0.0031028295374002568,-0.0026380408050058904,0.7746478873239436,-0.006165023666359952,-0.006105868736782487,0.09859154929577464,0.002404980497862192,0.002776811483777685,0.6197183098591549,-0.010826777233033477,-0.010632411035850378,0.323943661971831,1.377841792065639,2.6759325409229087,2.7078335672616576,2.1306889468963823,2.1484385063882643,2.2476489700824924,2.263941615731573,2.0204780673888934,2.064049538732418,2.25796155530527,2.2768797793828965,2.1902833904072754,2.2258307957073566,2.028207901909597,2.045553783879003
2023-04-28,2023-03-31,0.005579360817443649,-0.0233883844816791,-0.02315695591025053,0.38571428571428573,-0.019725808299726037,-0.019597236871154607,0.21428571428571427,-0.028196116959394002,-0.028041831245108288,0.2571428571428571,-0.0013789011419787834,-0.0009160439991216405,0.7714285714285715,-0.018169889345750076,-0.018101317917178648,0.11428571428571428,0.00022296125264013915,0.0005915326812115677,0.6142857142857143,-0.015293980654850705,-0.015131123511993562,0.2714285714285714,1.3855292685729264,2.6133468018087673,2.6451283847322826,2.088659385183559,2.106335048075464,2.184273996838385,2.20045654699445,2.0176920278744275,2.0621587785385724,2.2169346436984156,2.2356652546370914,2.1907717387356374,2.227147447365865,1.9971885294937763,2.014602256924704
2023-05-26,2023-04-28,-0.011117112647700109,-0.02621342546365474,-0.02597680574534488,0.39436619718309857,-0.021150855069185775,-0.021032545210030847,0.19718309859154928,-0.03075164840391036,-0.030641789248980783,0.18309859154929578,-0.01999512807720808,-0.019564142161715124,0.7183098591549296,-0.016902905725881975,-0.016700088824473526,0.3380281690140845,-0.017946927808356643,-0.017625801047793262,0.5352112676056338,-0.014689486257497464,-0.014486669356089013,0.3380281690140845,1.3701261836175156,2.544842030208873,2.5764163985105943,2.044482453238647,2.0620334609493445,2.117103970869807,2.1330306212299064,1.9773480173567166,2.021814411035215,2.1794620064155397,2.198329446302863,2.151454116495961,2.1878921895544936,1.967850856036146,1.9854173801446053
2023-06-30,2023-05-26,0.0041282437128267605,0.030073109060458503,0.03029502686867768,0.3698630136986301,0.0277999721631243,0.027915040656274988,0.1917808219178082,0.03428990420317873,0.03439675351824722,0.1780821917808219,0.020219044012844342,0.02063000291695393,0.684931506849315,0.014481638426598947,0.014621364453996206,0.2328767123287671,0.01831520185038799,0.018586434727100316,0.4520547945205479,0.011386317388793648,0.011558920128519676,0.2876712328767123,1.375782398420814,2.6213733421249827,2.6544690025283746,2.1013190085266777,2.1195952088463446,2.189699263219102,2.2063999497552254,2.0173281039483624,2.0635244482324113,2.2110241871569594,2.2304720223272088,2.190858432911433,2.2285573049255807,1.9902574304567828,2.0083666610634716
2023-07-28,2023-06-30,0.01698042785504611,-0.0023398476583061214,-0.0021169905154489787,0.37142857142857144,0.007558088565905919,0.007703802851620204,0.24285714285714285,-0.013126992985926893,-0.01302413584306975,0.17142857142857143,-0.002627610057231957,-0.002181895771517671,0.7428571428571429,0.0033770863173398064,0.0034970863173398063,0.2,-0.011088356668254615,-0.010754070953968901,0.5571428571428572,0.006999953764071713,0.00713709662121457,0.22857142857142856,1.3991437721814408,2.6152397278488655,2.6488495168264685,2.1172009636983438,2.135924152460536,2.160955096349536,2.177663497085471,2.012027352333691,2.05902205296439,2.2184910066867145,2.2382721755176984,2.1665654131976577,2.2045912415434255,2.0041891404485805,2.0227005679743075
2023-08-25,2023-07-28,-0.022787977742302,-0.042838993903479346,-0.04258681999043587,0.42028985507246375,-0.03839830202301251,-0.038259171588229904,0.2318840579710145,-0.05830516355578332,-0.058166033121000715,0.2318840579710145,-0.035361888567808517,-0.03497058421998243,0.6521739130434783,-0.03732109498319613,-0.037173268896239606,0.2463768115942029,-0.04447949860769746,-0.044036020346827895,0.7391304347826086,-0.0343273936545525,-0.03422304582846555,0.17391304347826086,1.3672601150426897,2.503205489091411,2.5360434392716265,2.0359040416508414,2.054205463812104,2.0349602560201725,2.050997449987603,1.940878265305084,1.9870168488503976,2.135694493106793,2.155068282074208,2.070197669917847,2.107509816774381,1.9353905508662228,1.9534775937392594
2023-09-28,2023-08-25,0.0009997667293597044,-0.0014023970545301665,-0.001140425223544251,0.43661971830985913,0.007518923528436603,0.007671036204492941,0.2535211267605634,8.117742952910682e-05,0.0002079379929093885,0.2112676056338028,0.009207905782236207,0.009630440993503813,0.704225352112676,0.0032040432324912625,0.0033308037958715443,0.2112676056338028,0.001977524550073844,0.0023578062402146893,0.6338028169014085,0.018122585889372104,0.01826624786120309,0.23943661971830985,1.36862705621609,2.4996950010866255,2.533151271365477,2.0512118484512487,2.069963348296474,2.03512544886295,2.0514239302808157,1.9587496895068035,2.0061526973663493,2.142537350594101,2.162246391688503,2.0742915366336154,2.1124789165716855,1.970464832353775,1.9891602996578073
2023-10-27,2023-09-28,-0.019947627201165736,-0.023781316326302916,-0.023497532542519132,0.47297297297297297,-0.023303112047721352,-0.023157166101775407,0.24324324324324326,-0.03977654896667997,-0.03967925166938267,0.16216216216216217,-0.030634597834074385,-0.030212976212452763,0.7027027027027027,-0.018392295824146383,-0.018246349878200438,0.24324324324324326,-0.01948580164905961,-0.019104720567978527,0.6351351351351351,-0.020117927209775822,-0.01995576504761366,0.2702702702702703,1.3413261939212626,2.4402489635465066,2.4736284669314426,2.0034122289131755,2.022028863215385,1.9541751817929167,1.970024963870609,1.8987441805111445,1.9455408536422718,2.1031311698276918,2.122793287502878,2.03387230318845,2.0721205971648375,1.9308231642870588,1.9494650840757952
2023-11-24,2023-10-27,-0.01180085237222374,0.0007210964533932424,0.000915691047987837,0.32432432432432434,-0.0019851909557320403,-0.0019041098746509593,0.13513513513513514,-0.0031856184595148375,-0.0030964292703256485,0.14864864864864866,0.0040791180281246385,0.004492631541638152,0.6891891891891891,-0.012624207554763579,-0.012453937284493309,0.28378378378378377,-0.00017250535270540702,7.073789053783619e-05,0.40540540540540543,-0.0008980997761063435,-0.0007764781544847219,0.20270270270270271,1.325497401523801,2.4420086184195164,2.47589354637466,1.9994350730757342,2.0181786980901073,1.9479499252606716,1.963924920909208,1.9064893821286641,1.954281451846891,2.076580805424894,2.096356153032374,2.033521449329431,2.072267174604821,1.9290890924355117,1.9479513670250796
2023-12-29,2023-11-24,-0.0007116327535175742,0.0011362067174955277,0.0013992204161256646,0.4383561643835616,-0.0012729884436965776,-0.0011003857039705502,0.2876712328767123,-0.003149715998087775,-0.003001770792608323,0.2465753424657534,-0.0025980649111247566,-0.00224464025359051,0.589041095890411,0.0018130680742420532,0.0019445749235571218,0.2191780821917808,0.0006013815760894179,0.0008561760966373631,0.4246575342465753,0.0019234932292067504,0.002096095968932778,0.2876712328767123,1.3245541341581741,2.444783245015947,2.4793578671729013,1.996889815333787,2.015957923102671,1.9418144362176042,1.9580296684427472,1.9015361989615236,1.9498947930332302,2.080345787786794,2.1004326746384057,2.03474437166364,2.074041400225564,1.932799682243348,1.9520344600331778
2024-01-26,2023-12-29,-0.020892582336175875,-0.06376842124426754,-0.06357675457760087,0.3194444444444444,-0.03539093544878274,-0.03522426878211607,0.2777777777777778,-0.07453928679581188,-0.07439762012914522,0.2361111111111111,-0.04391409456814036,-0.04348076123480703,0.7222222222222222,-0.049762631254597615,-0.04964596458793095,0.19444444444444445,-0.061094188189995104,-0.06071085485666177,0.6388888888888888,-0.05591101086935216,-0.05575267753601882,0.2638888888888889,1.2968807778515523,2.2888832771968426,2.321728340541606,1.9262180167809775,1.944947279365866,1.7970729730521324,1.8123569209683477,1.818031958495585,1.865111883104359,1.9768223074671043,1.9961546684539744,1.9104333161026883,1.9481245738097623,1.8247348982011597,1.8432033122437514
2024-02-23,2024-01-26,0.012156407177177836,-0.0019770641067088446,-0.0017103974400421778,0.4444444444444444,-0.002427757862274668,-0.0022944245289413345,0.2222222222222222,0.004973041623346679,0.005081374956680013,0.18055555555555555,0.004260365919863752,0.004635365919863753,0.625,-0.003839443079241498,-0.003714443079241498,0.20833333333333334,-0.003223919283513073,-0.0028239192835130726,0.6666666666666666,0.007234209637850104,0.007359209637850104,0.20833333333333334,1.3126461886473708,2.2843580082250505,2.31775726233147,1.9215416258462823,1.9404847446205913,1.806009891747312,1.821566186039122,1.8257774398927826,1.8737573591640337,1.9692324107398096,1.98874006556064,1.904274233295039,1.942623227259095,1.8379354129882481,1.8567678318237328
2024-03-29,2024-02-23,0.0008631977461321784,0.005522866055491477,0.005761222219875039,0.3972602739726027,0.0035789593233340965,0.003661151104156014,0.136986301369863,0.010035923060367517,0.010192087443929162,0.2602739726027397,-0.0006063819996893868,-0.0001789847394154143,0.7123287671232876,-0.006786664493795466,-0.00671269189105574,0.1232876712328767,0.0009829379298589421,0.001328143409310997,0.5753424657534246,-0.00521675666541648,-0.005109907350347987,0.1780821917808219,1.3137792618788802,2.296974211527267,2.331110376971491,1.9284187451632795,1.9475891524859568,1.8241348680671505,1.8401317478921373,1.8246703213177926,1.873421985191376,1.9558678910578104,1.9753902662491334,1.9061460166677977,1.945203309495154,1.8283473511719368,1.847279920232007
2024-04-30,2024-03-29,0.018655615156474775,0.027311283501209937,0.027590156740646556,0.4647887323943662,0.030940277167855086,0.031067037731235366,0.2112676056338028,0.011090956902886525,0.011259970987393567,0.28169014084507044,0.024727894566166485,0.025167331185884795,0.7323943661971831,0.012493607166332127,0.012595015617036352,0.16901408450704225,0.03774171959072335,0.038122001280864196,0.6338028169014085,0.01884216865559595,0.019349210909117075,0.8450704225352113,1.33828862218905,2.3597075254132562,2.395426077651882,1.9880845556343187,2.008094978171183,1.844366269273936,1.8608515779863846,1.869790576641352,1.9205710167436054,1.9803037361579294,2.0002703375022826,1.9780872451278477,2.0193583525512695,1.8627973803237305,1.883023329016753
2024-05-31,2024-04-30,0.01623340114029148,0.012326616330308661,0.012631093942248959,0.5074626865671642,0.018810385729171628,0.018935758863499987,0.208955223880597,0.013456555009785856,0.013644614711278393,0.31343283582089554,0.018254100728105203,0.018755593265418636,0.835820895522388,0.014498586791515373,0.014767243507933283,0.44776119402985076,0.015081610274247124,0.015412953557829213,0.5522388059701493,0.010578814286966517,0.010578814286966517,0.0,1.3600135982345327,2.3887947347307676,2.425682929470416,2.025481192988009,2.046119780452838,1.8691850854346141,1.886242180802883,1.9039219221678252,1.956592465571,2.0090153417501773,2.0298088166578747,2.007919986047325,2.0504826290557565,1.882503567864423,1.9029434831124468
2024-06-28,2024-05-31,-0.026752988926523502,-0.04239741968082999,-0.04213271379847705,0.4411764705882353,-0.04279749947870678,-0.04261220536105972,0.3088235294117647,-0.05051802819714834,-0.05035038113832481,0.27941176470588236,-0.04419430491743582,-0.043770775505671114,0.7058823529411765,-0.05145583228545626,-0.051358773461926854,0.16176470588235295,-0.034588497987235185,-0.034235556810764595,0.5882352941176471,-0.036720330964611206,-0.036702683905787674,0.029411764705882353,1.323629169501043,2.2875160018310305,2.3234823248371876,1.9387956626869745,1.9589301041748552,1.7747575405829392,1.791269168080273,1.8197794162005498,1.8709508960044043,1.9056397852661715,1.9255603254721212,1.9384690496513977,1.9802832145192322,1.81337741381038,1.833100349961192
2024-07-26,2024-06-28,-0.033789450152910946,-0.0550201260683476,-0.054743202991424524,0.46153846153846156,-0.04983886423623059,-0.04964501808238443,0.3230769230769231,-0.06407682766418092,-0.06386451997187323,0.35384615384615387,-0.050336984646011385,-0.04995852310754985,0.6307692307692307,-0.04163669227272015,-0.041424384580412456,0.35384615384615387,-0.04917502751014337,-0.048833489048604906,0.5692307692307692,-0.03892825084028206,-0.03892825084028206,0.0,1.2789044676572485,2.1616565830269248,2.1962874602816385,1.8421682888725255,1.8616789837309673,1.6610367075093007,1.6768706225204097,1.7281772076681352,1.777480952433277,1.8262952479443915,1.84579517401698,1.8431447808072288,1.8835790758498712,1.7427858029774674,1.7617409597224938
2024-08-30,2024-07-26,-0.015993870549005643,-0.0091882297026921,-0.0090101047026921,0.296875,-0.01176744572248801,-0.01162682072248801,0.234375,-0.0032377959442115847,-0.0030877959442115847,0.25,-0.0068949325556124826,-0.006473057555612482,0.703125,-0.012594111136629081,-0.012481611136629081,0.1875,-0.019574878368791508,-0.019265503368791508,0.515625,-0.013575867242845423,-0.013575867242845423,0.0,1.2584498351569935,2.1417947858037367,2.176498680307291,1.8204906735215294,1.8400335759443036,1.6556586095945405,1.6716927882132235,1.7162615423771168,1.7659752159241717,1.8032946826234821,1.8227566764170335,1.8070654459068545,1.8472909768187002,1.7191259742835296,1.7378237983370182
2024-09-27,2024-08-30,0.03215780402913178,0.037633828485320105,0.037877578485320106,0.40625,0.037746384034876554,0.037933884034876554,0.3125,0.04198603543941819,0.042136035439418185,0.25,0.033478405275095297,0.0338534052750953,0.625,0.03846970923113789,0.038629084231137895,0.265625,0.03100811470565034,0.03137373970565034,0.609375,0.03303502316178606,0.03305377316178606,0.03125,1.2989188183364653,2.2223987234234275,2.258939179893826,1.8892076136161842,1.9098331962344541,1.7251731506525547,1.7421312947811958,1.7737192418508783,1.8257594906146268,1.8726669047220645,1.8931680976032161,1.863099138534151,1.9052474030860067,1.775917340662014,1.7952654319624035
2024-10-25,2024-09-27,0.0439335773638236,0.043452207624480085,0.04373836147063393,0.47692307692307695,0.03628026703169534,0.03637257472400303,0.15384615384615385,0.06105027530399579,0.0612256599193804,0.2923076923076923,0.050351339209057225,0.050794416132134146,0.7384615384615385,0.04931561028053946,0.049490994895924074,0.2923076923076923,0.054814843259037876,0.05511945864365326,0.5076923076923077,0.04059720579132346,0.04060643656055423,0.015384615384615385,1.3559849687311767,2.3189668541780017,2.357741478284199,1.9577485703164912,1.9792987468748735,1.8304954464469552,1.848794432970379,1.8630283810589439,1.9184978779380994,1.965018615980602,1.9868628702588234,1.965224625788949,2.0102636085263335,1.8480146224092497,1.868164763834741
2024-11-29,2024-10-25,0.0209592131327839,0.036983390970755065,0.037227140970755065,0.40625,0.027382002744538832,0.027475752744538832,0.15625,0.03326932318031806,0.03347557318031806,0.34375,0.0321466568037587,0.0324747818037587,0.546875,0.032898646334122796,0.03298302133412279,0.140625,0.027618901223435435,0.027965776223435435,0.578125,0.02313600976913478,0.02313600976913478,0.0,1.3844053466956645,2.4047301119942888,2.4455134526688815,2.011355647042014,2.033681469851583,1.8913947910348996,1.9106838863066433,1.922918515040508,1.9808006779151135,2.029665068467715,2.052395610696547,2.019501970610477,2.0664821907524966,1.8907703067668142,1.9113866420611751
2024-12-27,2024-11-29,0.02154350345670456,0.028315767600066283,0.028525291409590092,0.3492063492063492,0.02268396330331163,0.022817296636644963,0.2222222222222222,0.02649644422667507,0.02665834898857983,0.2698412698412698,0.030856963960374302,0.031237916341326683,0.6349206349206349,0.018834168740295212,0.018967502073628545,0.2222222222222222,0.026067572041076847,0.02642947680298161,0.6031746031746031,0.03080501324497518,0.03081453705449899,0.015873015873015872,1.414230288067683,2.4728218909864004,2.5152724365523342,2.056981164729424,2.0800845832136345,1.9415100276261796,1.9616195641546619,1.9822539423578496,2.042676763780669,2.067892122853519,2.09132442869834,2.072145483716462,2.121098233876764,1.9490155111099716,1.9702851365684437
2025-01-24,2024-12-27,0.010936074378055905,0.01679720324365051,0.017063869910317175,0.4444444444444444,0.012911626692325637,0.0130735314542304,0.2698412698412698,0.0114643277555013,0.011626232517406063,0.2698412698412698,0.02083234923166978,0.021289492088812638,0.7619047619047619,0.01552367240362142,0.015666529546478562,0.23809523809523808,0.01936859281472406,0.019701926148057394,0.5555555555555556,0.011033829086240933,0.011081448133859981,0.07936507936507936,1.4296964156856906,2.514358382874647,2.55819271819867,2.0835401376415557,2.1072786344397376,1.9637681349234786,1.9844258093182168,2.0235489487509026,2.086164314583179,2.099993402734726,2.1240882246518153,2.1122800258434355,2.162887954633379,1.9705206151459913,1.992118749118242
2025-02-28,2025-01-24,0.019105997128600335,0.026860504271951822,0.02708907570052325,0.38095238095238093,0.012783950350691062,0.012898236064976776,0.19047619047619047,0.02713384336362951,0.027219557649343796,0.14285714285714285,0.01929848550354116,0.019669914074969732,0.6190476190476191,0.02282588252375255,0.02305445395232398,0.38095238095238093,0.02939807721049409,0.029683791496208374,0.47619047619047616,0.00597920677125727,0.00597920677125727,0.0,1.4570121912985516,2.5818953169590695,2.6274917943984812,2.110176011314837,2.1344588117214234,2.017052711898979,2.0384410020357997,2.062600378804078,2.127198987397298,2.1479276054462044,2.1730579188177246,2.1743769971333653,2.227090669708377,1.9823027653509742,2.004030039032118
2025-03-28,2025-02-28,-0.0005606288720612008,-0.004582490433774571,-0.004382490433774571,0.3333333333333333,-0.00829482323755117,-0.008180537523265455,0.19047619047619047,-0.00704482711068027,-0.006882922348775508,0.2698412698412698,-0.009098063331299236,-0.008726634759870665,0.6190476190476191,0.0006042361650556973,0.0007470933079128401,0.23809523809523808,-0.0018279673959399017,-0.001504157872130378,0.5396825396825397,0.0007777781469631266,0.0007873019564869361,0.015873015873015872,1.4561953481971646,2.5700638063680974,2.6159768367447085,2.09267247430086,2.1169977913202715,2.002842924270522,2.0244105709062272,2.043834709930557,2.1086356987727153,2.1492254609853365,2.17468139584658,2.170402306876124,2.223740773745587,1.9838445571225287,2.005607815802707
2025-04-30,2025-03-28,-0.01795414416104525,-0.006496979476279781,-0.006332463347247523,0.27419354838709675,-0.01499092470525141,-0.014903827931057862,0.14516129032258066,-0.009271803740784729,-0.009155674708526665,0.1935483870967742,-0.01212231682650528,-0.011764252310376248,0.5967741935483871,-0.01600980086342284,-0.01588399441180994,0.20967741935483872,-0.017414928313139188,-0.017037508958300477,0.6290322580645161,-0.01878050067832242,-0.01878050067832242,0.0,1.4300506069889891,2.5533661545653943,2.599411259308774,2.0613013788058634,2.0854464205080046,1.9842729577530664,2.005875726242507,2.0190586980357703,2.0838291763816863,2.114816789344363,2.140138768707486,2.132604906291204,2.1858537703919585,1.946586963071803,1.9679414968575757
2025-05-30,2025-04-30,0.01750522670546082,0.02865434971414995,0.02890025135349421,0.4098360655737705,0.024830751458764865,0.024978292442371423,0.2459016393442623,0.02100349033759878,0.021111687058910252,0.18032786885245902,0.023775565488364455,0.024218188439184128,0.7377049180327869,0.021260779866350117,0.021427992981104215,0.2786885245901639,0.021880671891455074,0.022264278448832123,0.639344262295082,0.017146084373729175,0.017155920439302946,0.01639344262295082,1.4550839670646132,2.6265312013065856,2.6745348980739,2.112485041024601,2.13753731107235,2.0259496156483916,2.0482231468540033,2.0670629603357717,2.134295744050368,2.159779443560275,2.185997647221939,2.179267734519869,2.2345202273843943,1.9799633073814333,2.001703344606867
2025-06-27,2025-05-30,0.0298200232701421,0.045062112701890214,0.04524899794779185,0.3114754098360656,0.037631906303143475,0.03771059482773364,0.13114754098360656,0.04063954684517532,0.04070839930419171,0.11475409836065574,0.03667430940061692,0.03707758808914151,0.6721311475409836,0.03730088743984808,0.03741892022673333,0.19672131147540983,0.037585688258577964,0.03786109809464354,0.45901639344262296,0.025462344131072946,0.025462344131072946,0.0,1.4984746048224904,2.744888246314894,2.7955549221881437,2.1919818801552307,2.2181451145393627,2.108283289959499,2.131603032580224,2.1428710668936812,2.213430282508675,2.240341133479415,2.267795318799164,2.2611770122215105,2.31912161690786,2.0303778144808766,2.0526714040155665
2025-07-25,2025-06-27,0.04854069395807454,0.08002193613268344,0.08021848785682137,0.3275862068965517,0.05333743164338219,0.05343053509165806,0.15517241379310345,0.0985569977822588,0.09865010123053466,0.15517241379310345,0.0665370841411856,0.06695087724463387,0.6896551724137931,0.06992635446842099,0.07006083722704168,0.22413793103448276,0.09071505823267584,0.09102540306026205,0.5172413793103449,0.05335750018149972,0.05336784500908593,0.017241379310344827,1.5712116020191256,2.9645395182528578,3.01981011076677,2.3088965638515426,2.336661794920148,2.3160693614924113,2.341885887527578,2.2854514593752984,2.3616213816424687,2.397000021709281,2.4266789574937992,2.466299816559573,2.530220596832664,2.1387136990855526,2.162218053359652
2025-08-29,2025-07-25,0.02706271965512683,0.06748779548011594,0.06773422405154451,0.4107142857142857,0.04444963875885817,0.04458892447314389,0.23214285714285715,0.0916383037126991,0.0917883037126991,0.25,0.05432804614229886,0.054788760428013145,0.7678571428571429,0.02581971919796236,0.025926862055105217,0.17857142857142858,0.06369775170179479,0.0639870374160805,0.48214285714285715,0.025050242242580904,0.025071670814009475,0.03571428571428571,1.6137328611234518,3.164609754953428,3.2243546054025662,2.4115261820463125,2.440851031213123,2.52831002906053,2.5568436206324434,2.4096155717162238,2.491011689742951,2.458889889187324,2.4895951280767674,2.6233975698969667,2.692121916833133,2.192288995335172,2.2164284726215935
2025-09-30,2025-08-29,0.01970057528359867,0.025368443281500144,0.02557613558919245,0.34615384615384615,0.020265008409346273,0.020368854563192425,0.17307692307692307,0.04158259765427894,0.04170952073120202,0.21153846153846154,0.01016056292951604,0.010610562929516041,0.75,0.028145848282780373,0.028249694436626525,0.17307692307692307,0.04671588848373535,0.047004350022196884,0.4807692307692308,0.02152471702714796,0.021536255488686422,0.019230769230769232,1.6455243268416313,3.244890978030046,3.3068211359779793,2.46039578040484,2.4905683708783215,2.633443727744232,2.6634883426336535,2.4340986223685883,2.517442726035129,2.5280974309524527,2.5599254297158502,2.7459519182207757,2.818663357714385,2.2394773956014924,2.264162042480371
2025-10-31,2025-09-30,-0.0010529509506528743,-0.029034203797265942,-0.028806203797265943,0.38,-0.013395234503164027,-0.013275234503164026,0.2,-0.023535356175490182,-0.023463356175490183,0.12,-0.0009607954318768205,-0.0004447954318768206,0.86,-0.009412992728152126,-0.009268992728152126,0.24,-0.03502390802731489,-0.03480790802731489,0.36,0.001927111513147398,0.001927111513147398,0.0,1.643791670437361,3.150678152074012,3.2115641724138912,2.427438201955722,2.4575054917087487,2.571464691643661,2.600993966981174,2.431759951531479,2.5163229790105768,2.5043004682188372,2.5361974995232024,2.6497779507895824,2.7205515827991,2.2437931182739894,2.2685253352200663
2025-11-28,2025-10-31,-0.006916346293621441,0.009032017034800142,0.009227017034800142,0.325,0.0013485389175276045,0.0014985389175276045,0.25,0.01390386697095201,0.014053866970952011,0.25,0.0026244895184023846,0.0030594895184023847,0.725,0.01214987647541855,0.01244987647541855,0.5,0.009239607042965656,0.009569607042965656,0.55,-0.012641324163717018,-0.012641324163717018,0.0,1.6324226380100457,3.1791351308147173,3.241197329741108,2.4307116968409526,2.4611881593281124,2.6072179946367746,2.6375479901853764,2.438142080035544,2.5240216427897746,2.534727409565029,2.567772845109532,2.674260857805993,2.7465861923866055,2.2154286021095704,2.2398481710839446
2025-12-26,2025-11-28,0.024130904566851682,0.053600582055238134,0.05380058205523813,0.3333333333333333,0.04907796406031416,0.04927796406031416,0.3333333333333333,0.07114221811177922,0.07126529503485614,0.20512820512820512,0.03874661013016984,0.03922353320709292,0.7948717948717948,0.04731846709816991,0.04767231325201607,0.5897435897435898,0.048720960280291874,0.04901326797259956,0.48717948717948717,0.015402675843436187,0.015418060458820802,0.02564102564102564,1.6718144729006343,3.3495386242586416,3.4155756326370628,2.5500060781394978,2.582470500989154,2.7927012658761794,2.8255136258745295,2.532611820652643,2.6230226895111604,2.6546668250973613,2.690184516541614,2.8045534148382982,2.8812053574438923,2.249552130722141,2.274382285604296
2026-01-30,2025-12-26,0.05533530407443055,0.133585244230445,0.13382848747368822,0.40540540540540543,0.07588257121216009,0.07606094959053847,0.2972972972972973,0.13005498022544867,0.13011984509031355,0.10810810810810811,0.07471608494042023,0.07512149034582563,0.6756756756756757,0.09116776384410515,0.0915245206008619,0.5945945945945946,0.13886899362712715,0.13916088551901903,0.4864864864864865,0.053416210196417305,0.053416210196417305,0.0,1.7643248351146246,3.796987559439541,3.8726769534048664,2.743507095955359,2.7788956595839425,3.1559059737852913,3.1931690211738935,2.721838660565638,2.8200680631581547,2.8966868632926177,2.9364023647459465,3.1940189251304156,3.282156446347926,2.369714680184593,2.395871167839143
2026-02-27,2026-01-30,0.008949878146567468,0.020986311137130793,0.021261986812806468,0.4594594594594595,0.013816465859002662,0.01404349288602969,0.3783783783783784,0.024164379375214987,0.024342757753593364,0.2972972972972973,0.016103262987066956,0.016573533257337226,0.7837837837837838,0.04580030795210657,0.04586517281697144,0.10810810810810811,0.0029632798160191018,0.003287604140343426,0.5405405405405406,0.01866500042301412,0.018681216639230336,0.02702702702702703,1.7801153273998633,3.8766723217457546,3.9550177597184204,2.781412668080558,2.8179210610103285,3.2321664830083465,3.270899561122608,2.7656691443250927,2.866806554990861,3.029356013672241,3.071080966665183,3.2034836969432376,3.292946877470194,2.4139454056926617,2.4406289561652317
2026-03-27,2026-02-27,-0.05001045311691374,-0.10228829041199894,-0.10209369581740435,0.32432432432432434,-0.09516537699066253,-0.09500321482850037,0.2702702702702703,-0.11789384769576228,-0.11782898283089742,0.10810810810810811,-0.03267817373945772,-0.03220790346918745,0.7837837837837838,-0.06909898906810813,-0.06901790798702705,0.13513513513513514,-0.06859977377271383,-0.0681781521510922,0.7027027027027027,-0.03809947393533517,-0.03809947393533517,0.0,1.6910909532762328,3.480134137466867,3.551235379605296,2.516718482956067,2.5502095010814085,2.851113939933213,2.8854927928935026,2.6752921275209802,2.774472726202881,2.820030575600095,2.8591213830871753,2.9837254400483544,3.068439844232567,2.321975355627152,2.34764227686399
2026-04-03,2026-03-27,-0.015770941638677118,-0.01458485378930736,-0.014318187122640694,0.4444444444444444,-0.004198319609822785,-0.003981652943156118,0.3611111111111111,-0.014253397569483192,-0.014236730902816526,0.027777777777777776,-0.018505596314253386,-0.018022262980920054,0.8055555555555556,-0.012202122523478257,-0.01208545585681159,0.19444444444444445,-0.011531256554079473,-0.01119792322074614,0.5555555555555556,-0.008902817264753678,-0.008902817264753678,0.0,1.6644208565464185,3.429376889904735,3.5003881269235655,2.5061524943966695,2.540055451915763,2.8104758794314493,2.844412808479061,2.625784251386377,2.7244704490978626,2.785620216996668,2.8245675978226092,2.949319336512223,3.0340796904493725,2.301303233342742,2.3267416466700594
2026-05-29,2026-04-03,0.02510834041483878,0.09977786745841538,0.09989786745841538,0.2,0.025485519858665383,0.02557123414437967,0.14285714285714285,0.13341224198803822,0.13342938484518108,0.02857142857142857,0.10261049206208027,0.10283334920493742,0.37142857142857144,0.03737303596327103,0.0374244645346996,0.08571428571428572,0.022594417477755913,0.022748703192041628,0.2571428571428571,0.0057673697318682176,0.0057673697318682176,0.0,1.7062117020061436,3.7715528026906027,3.8500694360799868,2.57002309356146,2.605007804616409,3.1854277675597023,3.2239410597601763,2.895217265469994,3.0046368701884756,2.8897273015464995,2.930275527713183,3.015957488876598,3.103101068788407,2.3145756999545735,2.340160826016942
2026-06-05,2026-05-29,-0.0027769291006039215,-0.004156704598188414,-0.004156704598188414,0.0,0.004757902339760481,0.004757902339760481,0.0,-0.005348459237841374,-0.005348459237841374,0.0,-0.0018457025069054367,-0.0018457025069054367,0.0,-0.006043939569850867,-0.006043939569850867,0.0,0.02277490507510877,0.02277490507510877,0.0,0.0031943331906230683,0.0031943331906230683,0.0,1.7014736730790518,3.7558755718133483,3.8340658347516885,2.5822510124515548,2.617402177345088,3.1683906369898214,3.206697942416846,2.8898735557050803,2.999091204384828,2.8722619643626044,2.912565119500672,3.0846456343963258,3.1737739010685315,2.3219692259351477,2.3476360794148836
