model,factor,rebalance_date,return_date,n_obs,ic,rank_ic
LSM,liquidity,2019-01-25,2019-02-22,55,0.5986159563731449,0.4170995670995671
LSM,lsm_deviation,2019-01-25,2019-02-22,55,0.4277511846211351,0.5075757575757577
LSM,momentum,2019-01-25,2019-02-22,55,0.4803352841893327,0.256926406926407
LSM,price_volume,2019-01-25,2019-02-22,55,0.3809986608176022,0.3725108225108225
LSM,valuation,2019-01-25,2019-02-22,55,0.2946375473835311,0.3716450216450217
LSM,volatility,2019-01-25,2019-02-22,55,0.6264697026134801,0.386002886002886
LSM,liquidity,2019-02-22,2019-03-29,63,0.1318290974884905,0.1283602150537634
LSM,lsm_deviation,2019-02-22,2019-03-29,63,0.2373244475319846,0.2543202764976958
LSM,momentum,2019-02-22,2019-03-29,63,0.0216581589256486,-0.0265456989247311
LSM,price_volume,2019-02-22,2019-03-29,63,-0.0264442718939541,-0.0366263440860215
LSM,valuation,2019-02-22,2019-03-29,63,0.2177238457212399,0.2613767281105991
LSM,volatility,2019-02-22,2019-03-29,63,0.0904487587060163,0.0060963901689708
LSM,liquidity,2019-03-29,2019-04-30,81,-0.0441640646548986,-0.0542457091237579
LSM,lsm_deviation,2019-03-29,2019-04-30,81,0.0322403941053414,-0.0477642276422764
LSM,momentum,2019-03-29,2019-04-30,81,-0.0156094371944959,-0.2446251129177958
LSM,price_volume,2019-03-29,2019-04-30,81,-0.0726952036909074,-0.3096657633242999
LSM,valuation,2019-03-29,2019-04-30,81,0.0922270134795033,0.0175474254742547
LSM,volatility,2019-03-29,2019-04-30,81,-0.0609415217683478,-0.2634823848238482
LSM,liquidity,2019-04-30,2019-05-31,72,0.1903987228338444,-0.0151778249405106
LSM,lsm_deviation,2019-04-30,2019-05-31,72,-0.0118836992491397,-0.208888031384655
LSM,momentum,2019-04-30,2019-05-31,72,0.0148006377041799,-0.0536690462409158
LSM,price_volume,2019-04-30,2019-05-31,72,-0.1737574936261753,-0.3034600295838962
LSM,valuation,2019-04-30,2019-05-31,72,-0.2234671268986133,-0.1885008682230368
LSM,volatility,2019-04-30,2019-05-31,72,0.1038669148184515,-0.2170236028040389
LSM,liquidity,2019-05-31,2019-06-28,61,0.0376800793461722,0.0785298783712321
LSM,lsm_deviation,2019-05-31,2019-06-28,61,0.0604772938988216,0.1901110523532522
LSM,momentum,2019-05-31,2019-06-28,61,-0.1740291118985957,-0.2351665785298783
LSM,price_volume,2019-05-31,2019-06-28,61,0.0286728832559942,-0.1194606028556319
LSM,valuation,2019-05-31,2019-06-28,61,0.1378829516372144,0.2224748810153357
LSM,volatility,2019-05-31,2019-06-28,61,-0.1313253518891263,0.1833421470121628
LSM,liquidity,2019-06-28,2019-07-26,69,-0.50551517803535,-0.2584947022287176
LSM,lsm_deviation,2019-06-28,2019-07-26,69,0.0728773281461106,-0.0124588966021191
LSM,momentum,2019-06-28,2019-07-26,69,-0.6415362582872608,-0.3025575447570333
LSM,price_volume,2019-06-28,2019-07-26,69,-0.2988138970135982,-0.337522835221045
LSM,valuation,2019-06-28,2019-07-26,69,0.5489887906722857,0.2635367190354403
LSM,volatility,2019-06-28,2019-07-26,69,-0.6913953515797686,-0.4264523200584582
LSM,liquidity,2019-07-26,2019-08-30,70,0.050171302100216,0.07896072084682
LSM,lsm_deviation,2019-07-26,2019-08-30,70,0.1094513432450971,0.0534861341964832
LSM,momentum,2019-07-26,2019-08-30,70,0.1616246599471901,0.2538885486834047
LSM,price_volume,2019-07-26,2019-08-30,70,0.2236296190772205,0.1593386405388855
LSM,valuation,2019-07-26,2019-08-30,70,0.0450167130789511,-0.0366197183098591
LSM,volatility,2019-07-26,2019-08-30,70,0.1186938270116259,0.1207768349225789
LSM,liquidity,2019-08-30,2019-09-30,82,0.0029800082878531,-0.0271546892175749
LSM,lsm_deviation,2019-08-30,2019-09-30,82,-0.0852339780995116,-0.0503803833219055
LSM,momentum,2019-08-30,2019-09-30,82,0.0482782570432852,0.0287219338056834
LSM,price_volume,2019-08-30,2019-09-30,82,0.0590895093239302,0.096244054810026
LSM,valuation,2019-08-30,2019-09-30,82,-0.1542504390797268,-0.1032966554565144
LSM,volatility,2019-08-30,2019-09-30,82,0.0885657224577929,-0.1050598056181365
LSM,liquidity,2019-09-30,2019-10-25,48,0.0458179421477938,-0.0599218410768562
LSM,lsm_deviation,2019-09-30,2019-10-25,48,0.0997511568839865,0.0792444637429439
LSM,momentum,2019-09-30,2019-10-25,48,0.1030614053242054,0.0214937038645245
LSM,price_volume,2019-09-30,2019-10-25,48,-0.0908617229254773,-0.198762483716891
LSM,valuation,2019-09-30,2019-10-25,48,0.0660346913241813,0.1428571428571428
LSM,volatility,2019-09-30,2019-10-25,48,0.0229024535288435,-0.0639383412939643
LSM,liquidity,2019-10-25,2019-11-29,55,-0.152936428273962,-0.1187590187590187
LSM,lsm_deviation,2019-10-25,2019-11-29,55,0.0254986585761862,0.0186147186147186
LSM,momentum,2019-10-25,2019-11-29,55,0.2559794579994773,0.135064935064935
LSM,price_volume,2019-10-25,2019-11-29,55,-0.3024073398321929,-0.3533189033189033
LSM,valuation,2019-10-25,2019-11-29,55,0.3011758865165044,0.3056998556998557
LSM,volatility,2019-10-25,2019-11-29,55,-0.2536612651793571,-0.2881673881673882
LSM,liquidity,2019-11-29,2019-12-27,56,0.0818803535963617,0.1565960355434039
LSM,lsm_deviation,2019-11-29,2019-12-27,56,0.2345521255396193,0.1562542720437457
LSM,momentum,2019-11-29,2019-12-27,56,0.3871121680339789,0.361244019138756
LSM,price_volume,2019-11-29,2019-12-27,56,0.3254529660133978,0.3495557074504443
LSM,valuation,2019-11-29,2019-12-27,56,0.0773143705258013,0.0941900205058099
LSM,volatility,2019-11-29,2019-12-27,56,0.0444022874501139,0.2905673274094327
LSM,liquidity,2019-12-27,2020-01-23,98,0.3674396555887269,0.1857391503930531
LSM,lsm_deviation,2019-12-27,2020-01-23,98,0.2946572837377227,0.2354175034587405
LSM,momentum,2019-12-27,2020-01-23,98,0.2241242103853928,0.0985087568298171
LSM,price_volume,2019-12-27,2020-01-23,98,0.118952849342627,0.0957927688413697
LSM,valuation,2019-12-27,2020-01-23,98,0.0630442493509965,0.0427098674521354
LSM,volatility,2019-12-27,2020-01-23,98,0.2457594449904935,0.2239670001083844
LSM,liquidity,2020-01-23,2020-02-28,97,-0.0102339300024744,-0.1547180727961287
LSM,lsm_deviation,2020-01-23,2020-02-28,97,0.0945214483803295,-0.0012886597938144
LSM,momentum,2020-01-23,2020-02-28,97,0.0351919993784269,0.0532426888281085
LSM,price_volume,2020-01-23,2020-02-28,97,0.0276452416065984,0.0002235430254576
LSM,valuation,2020-01-23,2020-02-28,97,0.1348878898209081,0.0288501998737639
LSM,volatility,2020-01-23,2020-02-28,97,0.0101520246883822,-0.0734799074268882
LSM,liquidity,2020-02-28,2020-03-27,148,0.1062278071240164,-0.2808871054316884
LSM,lsm_deviation,2020-02-28,2020-03-27,148,0.3025468586009066,-0.0629162239900495
LSM,momentum,2020-02-28,2020-03-27,148,0.150291709405521,-0.0961475103373473
LSM,price_volume,2020-02-28,2020-03-27,148,0.0798866706354533,-0.0060598881308373
LSM,valuation,2020-02-28,2020-03-27,148,-0.0740077745923711,0.0063301213828538
LSM,volatility,2020-02-28,2020-03-27,148,0.3395777707992961,-0.2235273213221439
LSM,liquidity,2020-03-27,2020-04-30,154,0.2161874702645514,0.1705529132474104
LSM,lsm_deviation,2020-03-27,2020-04-30,154,-0.1543726266251314,0.044086842948323
LSM,momentum,2020-03-27,2020-04-30,154,0.305485155137821,-0.1236353779048276
LSM,price_volume,2020-03-27,2020-04-30,154,0.2083363037921797,0.015103050017661
LSM,valuation,2020-03-27,2020-04-30,154,-0.3294398611822322,-0.1015878492159327
LSM,volatility,2020-03-27,2020-04-30,154,0.3683427625719087,0.2177135957022105
LSM,liquidity,2020-04-30,2020-05-29,154,-0.0828938953796605,-0.2298906659437969
LSM,lsm_deviation,2020-04-30,2020-05-29,154,0.3709508397685853,0.2481201278165225
LSM,momentum,2020-04-30,2020-05-29,154,0.1106895747809604,-0.0697618636897574
LSM,price_volume,2020-04-30,2020-05-29,154,-0.0256521200990183,-0.2220245282863878
LSM,valuation,2020-04-30,2020-05-29,154,0.2853561763728811,0.0854448524277746
LSM,volatility,2020-04-30,2020-05-29,154,-0.1644415388625246,-0.230242243524976
LSM,liquidity,2020-05-29,2020-06-24,134,0.093693901744569,0.1067020785795334
LSM,lsm_deviation,2020-05-29,2020-06-24,134,0.3222823308737875,0.3422711006371651
LSM,momentum,2020-05-29,2020-06-24,134,0.0164782143877587,0.0068354967019538
LSM,price_volume,2020-05-29,2020-06-24,134,0.1413172775842198,0.022706018778289
LSM,valuation,2020-05-29,2020-06-24,134,-0.0001747333874353,0.1075250314841831
LSM,volatility,2020-05-29,2020-06-24,134,-0.1030253368016548,0.1868626790857741
LSM,liquidity,2020-06-24,2020-07-31,145,-0.0288994071822118,-0.1237049283577389
LSM,lsm_deviation,2020-06-24,2020-07-31,145,0.3351911105826695,0.1869784285939222
LSM,momentum,2020-06-24,2020-07-31,145,0.528103275735829,0.2032632656274602
LSM,price_volume,2020-06-24,2020-07-31,145,-0.0870808943997232,-0.0826995748700991
LSM,valuation,2020-06-24,2020-07-31,145,-0.028973323162652,0.166670603054637
LSM,volatility,2020-06-24,2020-07-31,145,-0.0199740577898527,-0.0706857187844434
LSM,liquidity,2020-07-31,2020-08-28,165,-0.0077371588887656,-0.2149119760639008
LSM,lsm_deviation,2020-07-31,2020-08-28,165,-0.271855946184667,-0.2762936446450992
LSM,momentum,2020-07-31,2020-08-28,165,-0.3365946132954331,-0.1335025245104587
LSM,price_volume,2020-07-31,2020-08-28,165,0.0684091663290705,-0.004739133919269
LSM,valuation,2020-07-31,2020-08-28,165,0.0469380488906039,-0.0865573157374509
LSM,volatility,2020-07-31,2020-08-28,165,-0.1340313837797744,-0.2487724734859616
LSM,liquidity,2020-08-28,2020-09-30,166,-0.4004047799703244,-0.3513336962438759
LSM,lsm_deviation,2020-08-28,2020-09-30,166,0.2374131689979078,0.02359661837333
LSM,momentum,2020-08-28,2020-09-30,166,-0.358015162175625,-0.1851696388165618
LSM,price_volume,2020-08-28,2020-09-30,166,-0.2741794757027184,-0.2718667812239704
LSM,valuation,2020-08-28,2020-09-30,166,0.2150442187360958,0.3105338064287635
LSM,volatility,2020-08-28,2020-09-30,166,-0.4661060549974082,-0.4688327616399185
LSM,liquidity,2020-09-30,2020-10-30,145,0.3831428130970417,0.2427688552983782
LSM,lsm_deviation,2020-09-30,2020-10-30,145,-0.180280187495672,0.1194654385136198
LSM,momentum,2020-09-30,2020-10-30,145,-0.0545854373265656,0.2350810895921901
LSM,price_volume,2020-09-30,2020-10-30,145,0.2646022752219437,0.2771217131160446
LSM,valuation,2020-09-30,2020-10-30,145,-0.2360017764992791,-0.236946937490159
LSM,volatility,2020-09-30,2020-10-30,145,0.3291782302391988,0.1930522752322468
LSM,liquidity,2020-10-30,2020-11-27,194,-0.4365127216146685,-0.3490387183459135
LSM,lsm_deviation,2020-10-30,2020-11-27,194,0.3167813192283155,0.2000262970830782
LSM,momentum,2020-10-30,2020-11-27,194,-0.4050959121154069,-0.1756160297157038
LSM,price_volume,2020-10-30,2020-11-27,194,-0.1652488394093398,-0.2226006993380531
LSM,valuation,2020-10-30,2020-11-27,194,0.2860944974524122,0.3390951338069548
LSM,volatility,2020-10-30,2020-11-27,194,-0.5517175801977667,-0.3731235593101946
LSM,liquidity,2020-11-27,2020-12-31,160,0.3475460562522264,0.2509346068205789
LSM,lsm_deviation,2020-11-27,2020-12-31,160,-0.0235686065240387,-0.0044708777686628
LSM,momentum,2020-11-27,2020-12-31,160,0.2123088355889592,0.0816360014063049
LSM,price_volume,2020-11-27,2020-12-31,160,0.0429305949490648,-0.0721434431032462
LSM,valuation,2020-11-27,2020-12-31,160,-0.4422137145952081,-0.339291573889605
LSM,volatility,2020-11-27,2020-12-31,160,0.322024938680385,0.2254336106879174
LSM,liquidity,2020-12-31,2021-01-29,210,-0.005190256951742,-0.0280582974022734
LSM,lsm_deviation,2020-12-31,2021-01-29,210,0.0780563183025403,-0.0837071135399895
LSM,momentum,2020-12-31,2021-01-29,210,0.0212643148213346,0.0722225641656921
LSM,price_volume,2020-12-31,2021-01-29,210,-0.0499766695157083,-0.1203856258483347
LSM,valuation,2020-12-31,2021-01-29,210,-0.1206847062423999,-0.0396491012105878
LSM,volatility,2020-12-31,2021-01-29,210,-0.0720790442595148,-0.1275033771416909
LSM,liquidity,2021-01-29,2021-02-26,200,-0.2731684020582141,-0.3267996699917498
LSM,lsm_deviation,2021-01-29,2021-02-26,200,0.1001909455745834,0.0534568364209105
LSM,momentum,2021-01-29,2021-02-26,200,-0.1305202532431002,-0.1939863496587414
LSM,price_volume,2021-01-29,2021-02-26,200,-0.1391736502217427,-0.2519492987324683
LSM,valuation,2021-01-29,2021-02-26,200,0.1280052732067875,0.3559723993099828
LSM,volatility,2021-01-29,2021-02-26,200,-0.2730664872562183,-0.3433990849771244
LSM,liquidity,2021-02-26,2021-03-26,178,-0.3061642825195209,-0.3968693380031896
LSM,lsm_deviation,2021-02-26,2021-03-26,178,0.0305081245767233,0.2168812750750322
LSM,momentum,2021-02-26,2021-03-26,178,0.0421686747960444,0.0086059691742674
LSM,price_volume,2021-02-26,2021-03-26,178,-0.0377985329160004,-0.1166183828778556
LSM,valuation,2021-02-26,2021-03-26,178,0.1852563784204657,0.3166526407845698
LSM,volatility,2021-02-26,2021-03-26,178,-0.1490048714277672,-0.2534010547605191
LSM,liquidity,2021-03-26,2021-04-30,193,0.1499141648835273,-0.0191028791197051
LSM,lsm_deviation,2021-03-26,2021-04-30,193,0.1778937417899877,0.1694053469365952
LSM,momentum,2021-03-26,2021-04-30,193,0.0002140298676652,-0.1276874899845093
LSM,price_volume,2021-03-26,2021-04-30,193,-0.0045986068144968,-0.187611839645318
LSM,valuation,2021-03-26,2021-04-30,193,0.0167820546229914,-0.0064549837081352
LSM,volatility,2021-03-26,2021-04-30,193,0.2021897877987272,-0.0613715880561935
LSM,liquidity,2021-04-30,2021-05-28,190,0.118115643359296,0.0177293145603975
LSM,lsm_deviation,2021-04-30,2021-05-28,190,-0.0076876832423277,0.0753515551531534
LSM,momentum,2021-04-30,2021-05-28,190,0.0429557660463416,-0.0225109020369422
LSM,price_volume,2021-04-30,2021-05-28,190,0.1566655151840256,0.1042860204612753
LSM,valuation,2021-04-30,2021-05-28,190,0.1783203195887972,0.0686016962126083
LSM,volatility,2021-04-30,2021-05-28,190,0.1557553294092172,0.0422251090203694
LSM,liquidity,2021-05-28,2021-06-25,223,-0.0273597437161224,-0.1139883477327423
LSM,lsm_deviation,2021-05-28,2021-06-25,223,0.1726607886433386,0.2149111795972782
LSM,momentum,2021-05-28,2021-06-25,223,0.0560614979532817,0.1810646328583548
LSM,price_volume,2021-05-28,2021-06-25,223,0.0912922882335007,0.0811286943573939
LSM,valuation,2021-05-28,2021-06-25,223,0.2158345645569221,0.1338322627560295
LSM,volatility,2021-05-28,2021-06-25,223,-0.1049289498900683,-0.0502882767456758
LSM,liquidity,2021-06-25,2021-07-30,224,0.1816122363189992,0.1537065325930368
LSM,lsm_deviation,2021-06-25,2021-07-30,224,0.0974030990568827,0.0877183663566031
LSM,momentum,2021-06-25,2021-07-30,224,0.1895489559360438,0.3314446752735211
LSM,price_volume,2021-06-25,2021-07-30,224,0.2193481709923377,0.2090530133069189
LSM,valuation,2021-06-25,2021-07-30,224,0.0168169342936654,-0.0142019042819523
LSM,volatility,2021-06-25,2021-07-30,224,0.0829719726557423,0.2322667713716641
LSM,liquidity,2021-07-30,2021-08-27,230,0.0832711588295965,0.0224051247783922
LSM,lsm_deviation,2021-07-30,2021-08-27,230,0.2021087602322892,0.2146198210371363
LSM,momentum,2021-07-30,2021-08-27,230,0.0429146941885561,0.0967321647405186
LSM,price_volume,2021-07-30,2021-08-27,230,0.0219735155684073,-0.091449579469325
LSM,valuation,2021-07-30,2021-08-27,230,0.0409936012508526,0.1419458081314925
LSM,volatility,2021-07-30,2021-08-27,230,0.1441419047392194,0.0746618864332933
LSM,liquidity,2021-08-27,2021-09-30,233,-0.1855563730530683,-0.2595437589887789
LSM,lsm_deviation,2021-08-27,2021-09-30,233,0.0639409157035444,0.0681505978605283
LSM,momentum,2021-08-27,2021-09-30,233,-0.1147025081782025,-0.1445433605415846
LSM,price_volume,2021-08-27,2021-09-30,233,-0.1653503704715746,-0.2341199819370605
LSM,valuation,2021-08-27,2021-09-30,233,0.2210662674355797,0.2833234670218539
LSM,volatility,2021-08-27,2021-09-30,233,-0.2494985021945434,-0.3505111508293393
LSM,liquidity,2021-09-30,2021-10-29,219,-0.0020033695695792,-0.1018942726244473
LSM,lsm_deviation,2021-09-30,2021-10-29,219,-0.0065540884647712,-0.1541193003301838
LSM,momentum,2021-09-30,2021-10-29,219,-0.1426014578034922,-0.154135295394564
LSM,price_volume,2021-09-30,2021-10-29,219,-0.0113857305305116,-0.0802175328755698
LSM,valuation,2021-09-30,2021-10-29,219,-0.0980009329823087,-0.2450455288082534
LSM,volatility,2021-09-30,2021-10-29,219,0.0379732250123108,-0.0483782147223142
LSM,liquidity,2021-10-29,2021-11-26,219,0.048913714677221,0.0002627760576736
LSM,lsm_deviation,2021-10-29,2021-11-26,219,0.0560788182926193,0.066899356769911
LSM,momentum,2021-10-29,2021-11-26,219,0.0997439573437266,0.028102185611297
LSM,price_volume,2021-10-29,2021-11-26,219,0.0078974038530308,0.0192169273481325
LSM,valuation,2021-10-29,2021-11-26,219,0.1235154640953119,0.0557348018325773
LSM,volatility,2021-10-29,2021-11-26,219,0.1349414124883586,0.1760405360631577
LSM,liquidity,2021-11-26,2021-12-31,241,-0.1468469747831133,-0.1576566304310552
LSM,lsm_deviation,2021-11-26,2021-12-31,241,0.0502589398069666,0.0156313226569733
LSM,momentum,2021-11-26,2021-12-31,241,0.047884673261112,-0.0532997839580261
LSM,price_volume,2021-11-26,2021-12-31,241,-0.1025330957460953,-0.152707383148726
LSM,valuation,2021-11-26,2021-12-31,241,0.2067863144824751,0.2028951339117314
LSM,volatility,2021-11-26,2021-12-31,241,-0.1247956243154546,-0.1373675456945921
LSM,liquidity,2021-12-31,2022-01-28,251,-0.4460166491950972,-0.4879294251565167
LSM,lsm_deviation,2021-12-31,2022-01-28,251,-0.1505478914165167,-0.1324932650350977
LSM,momentum,2021-12-31,2022-01-28,251,0.1540620099948052,0.1635902416221318
LSM,price_volume,2021-12-31,2022-01-28,251,-0.1948076378186977,-0.221123885410738
LSM,valuation,2021-12-31,2022-01-28,251,0.3224795327186924,0.4037427433124644
LSM,volatility,2021-12-31,2022-01-28,251,-0.4352956130611253,-0.5566655283627395
LSM,liquidity,2022-01-28,2022-02-25,234,0.0287438266605126,-0.0411488003671366
LSM,lsm_deviation,2022-01-28,2022-02-25,234,-0.0209845370855077,0.1400509027392417
LSM,momentum,2022-01-28,2022-02-25,234,-0.0520041648263362,-0.0254719801896052
LSM,price_volume,2022-01-28,2022-02-25,234,0.1392383306321006,0.0762178374999122
LSM,valuation,2022-01-28,2022-02-25,234,-0.1209409117126626,0.1565748591043085
LSM,volatility,2022-01-28,2022-02-25,234,0.0596787446451175,-0.0353083315187232
LSM,liquidity,2022-02-25,2022-03-25,259,-0.1358184806784852,-0.1456523991407712
LSM,lsm_deviation,2022-02-25,2022-03-25,259,0.0035547791479391,0.0029575703994308
LSM,momentum,2022-02-25,2022-03-25,259,0.0654612943081207,0.1325619612659763
LSM,price_volume,2022-02-25,2022-03-25,259,-0.0188361580452312,-0.0034300080811708
LSM,valuation,2022-02-25,2022-03-25,259,0.1809325093209677,0.2578950276624695
LSM,volatility,2022-02-25,2022-03-25,259,-0.1100600985048811,-0.306182441066162
LSM,liquidity,2022-03-25,2022-04-29,246,-0.1994065719241704,-0.2941963592981381
LSM,lsm_deviation,2022-03-25,2022-04-29,246,-0.0520439024086778,-0.0654838651170945
LSM,momentum,2022-03-25,2022-04-29,246,-0.0450159812126685,-0.0047071578705541
LSM,price_volume,2022-03-25,2022-04-29,246,-0.1659341807422808,-0.2861757717800263
LSM,valuation,2022-03-25,2022-04-29,246,0.1398561664325487,0.1689317101383853
LSM,volatility,2022-03-25,2022-04-29,246,-0.1833236527232888,-0.3626470357077361
LSM,liquidity,2022-04-29,2022-05-27,271,0.323143381574425,0.2419922581578757
LSM,lsm_deviation,2022-04-29,2022-05-27,271,-0.0774926928776885,0.0528006897716036
LSM,momentum,2022-04-29,2022-05-27,271,0.0166431634011118,-0.3224585775269518
LSM,price_volume,2022-04-29,2022-05-27,271,0.2000022577216288,0.1462454477485951
LSM,valuation,2022-04-29,2022-05-27,271,-0.3409448592707179,-0.0537485227793454
LSM,volatility,2022-04-29,2022-05-27,271,0.5134601777486356,0.3356480476569471
LSM,liquidity,2022-05-27,2022-06-24,249,0.2822389991404862,0.2011348620287602
LSM,lsm_deviation,2022-05-27,2022-06-24,249,-0.0807090371541697,-0.0077434900893898
LSM,momentum,2022-05-27,2022-06-24,249,0.2972189216502039,0.3732887679751263
LSM,price_volume,2022-05-27,2022-06-24,249,0.1667857340587085,0.1188869024485037
LSM,valuation,2022-05-27,2022-06-24,249,-0.3262169340356564,-0.258056743101438
LSM,volatility,2022-05-27,2022-06-24,249,0.3567977103759767,0.3161593470656821
LSM,liquidity,2022-06-24,2022-07-29,283,0.0349122092000542,-0.0931683628573939
LSM,lsm_deviation,2022-06-24,2022-07-29,283,0.3458078118761453,0.1389893378767454
LSM,momentum,2022-06-24,2022-07-29,283,0.1745424771092203,0.1776452262934799
LSM,price_volume,2022-06-24,2022-07-29,283,0.0833234215497696,-0.0406979883965094
LSM,valuation,2022-06-24,2022-07-29,283,0.1314528583613238,-0.0113048791205998
LSM,volatility,2022-06-24,2022-07-29,283,-0.1051525265357632,-0.0388205482802839
LSM,liquidity,2022-07-29,2022-08-26,275,-0.4382529643907231,-0.3612732410018849
LSM,lsm_deviation,2022-07-29,2022-08-26,275,0.2610695033732725,0.098637964663162
LSM,momentum,2022-07-29,2022-08-26,275,-0.2182763431144178,-0.1878618891350368
LSM,price_volume,2022-07-29,2022-08-26,275,-0.3190700135304105,-0.3495098741395083
LSM,valuation,2022-07-29,2022-08-26,275,0.3221491248589682,0.278990548309421
LSM,volatility,2022-07-29,2022-08-26,275,-0.4344464273242416,-0.4076103412495846
LSM,liquidity,2022-08-26,2022-09-30,272,-0.5016299313725071,-0.5545025844570015
LSM,lsm_deviation,2022-08-26,2022-09-30,272,-0.1464118662918409,-0.2190682120137296
LSM,momentum,2022-08-26,2022-09-30,272,0.0933390907188979,0.1211844374423058
LSM,price_volume,2022-08-26,2022-09-30,272,-0.3013102318051294,-0.3899077371510624
LSM,valuation,2022-08-26,2022-09-30,272,0.0594019215689775,0.0786881883039903
LSM,volatility,2022-08-26,2022-09-30,272,-0.496570916748137,-0.593912870285781
LSM,liquidity,2022-09-30,2022-10-28,230,-0.2612124230053551,-0.2725743973133378
LSM,lsm_deviation,2022-09-30,2022-10-28,230,-0.0398947171456247,-0.0141636605278146
LSM,momentum,2022-09-30,2022-10-28,230,0.0685622755040702,0.0505884470570249
LSM,price_volume,2022-09-30,2022-10-28,230,-0.0949527679052258,-0.091788864258961
LSM,valuation,2022-09-30,2022-10-28,230,0.0117404562772626,-0.0763099820248101
LSM,volatility,2022-09-30,2022-10-28,230,-0.1453738742319049,-0.1292423543800039
LSM,liquidity,2022-10-28,2022-11-25,273,-0.0466962910772364,-0.0768245816013098
LSM,lsm_deviation,2022-10-28,2022-11-25,273,-0.000536182812007,0.0879763752777922
LSM,momentum,2022-10-28,2022-11-25,273,0.0430250470799546,-0.1415949872368936
LSM,price_volume,2022-10-28,2022-11-25,273,0.0626256692457234,-0.0429309848588509
LSM,valuation,2022-10-28,2022-11-25,273,0.2359239835641126,0.2676967193390551
LSM,volatility,2022-10-28,2022-11-25,273,-0.0531999645329961,-0.0483116604305955
LSM,liquidity,2022-11-25,2022-12-30,270,-0.2340970899385356,-0.2406864291691244
LSM,lsm_deviation,2022-11-25,2022-12-30,270,0.1480899188686816,-0.0450068664255415
LSM,momentum,2022-11-25,2022-12-30,270,-0.1939837597873106,-0.0802233226793234
LSM,price_volume,2022-11-25,2022-12-30,270,-0.1921121846821444,-0.2081988626577715
LSM,valuation,2022-11-25,2022-12-30,270,0.28790512485001,0.0154902292517348
LSM,volatility,2022-11-25,2022-12-30,270,-0.3181320799414087,-0.3211429512064637
LSM,liquidity,2022-12-30,2023-01-20,242,0.2251123253571882,0.1773597494709025
LSM,lsm_deviation,2022-12-30,2023-01-20,242,0.1117201914479359,0.178217482253695
LSM,momentum,2022-12-30,2023-01-20,242,-0.1919309989577889,-0.3051805620647568
LSM,price_volume,2022-12-30,2023-01-20,242,0.052285906800641,0.0249652736764518
LSM,valuation,2022-12-30,2023-01-20,242,-0.2743250777098512,0.0424687801778207
LSM,volatility,2022-12-30,2023-01-20,242,0.3220210962146366,0.4410918354084456
LSM,liquidity,2023-01-20,2023-02-24,281,-0.1636452969645785,-0.2243188136161559
LSM,lsm_deviation,2023-01-20,2023-02-24,281,-0.0422532311309308,-0.0964272193317396
LSM,momentum,2023-01-20,2023-02-24,281,-0.1189473069590582,-0.2553537626150634
LSM,price_volume,2023-01-20,2023-02-24,281,-0.054537523889643,-0.1114068297115165
LSM,valuation,2023-01-20,2023-02-24,281,0.2229258627013819,0.1229110103949204
LSM,volatility,2023-01-20,2023-02-24,281,-0.1525154131655664,-0.2379441638092353
LSM,liquidity,2023-02-24,2023-03-31,293,-0.1281659491022521,-0.1584325910458218
LSM,lsm_deviation,2023-02-24,2023-03-31,293,-0.0576205499868664,-0.0764793361835977
LSM,momentum,2023-02-24,2023-03-31,293,0.1225804324212008,0.0943907480565007
LSM,price_volume,2023-02-24,2023-03-31,293,-0.0364039998885862,-0.0913806652690863
LSM,valuation,2023-02-24,2023-03-31,293,0.1311284197101453,0.1781063051323248
LSM,volatility,2023-02-24,2023-03-31,293,-0.2107179626040702,-0.250732811679476
LSM,liquidity,2023-03-31,2023-04-28,279,-0.0177922654271758,-0.104083369249301
LSM,lsm_deviation,2023-03-31,2023-04-28,279,0.0260830815141263,0.0397540032490136
LSM,momentum,2023-03-31,2023-04-28,279,0.2041321502171703,0.1210340483373669
LSM,price_volume,2023-03-31,2023-04-28,279,-0.0141602141643719,-0.0750273513907767
LSM,valuation,2023-03-31,2023-04-28,279,0.2553336979167898,0.1263496115549956
LSM,volatility,2023-03-31,2023-04-28,279,0.0252724760073802,-0.2281293858922078
LSM,liquidity,2023-04-28,2023-05-26,274,-0.2915254778658378,-0.2126792915114083
LSM,lsm_deviation,2023-04-28,2023-05-26,274,0.0741275891830888,0.0108064198575147
LSM,momentum,2023-04-28,2023-05-26,274,-0.1362517084897522,-0.0388000320847036
LSM,price_volume,2023-04-28,2023-05-26,274,-0.1369089033837573,-0.10424466044904
LSM,valuation,2023-04-28,2023-05-26,274,0.1703001766323282,0.1124367603199719
LSM,volatility,2023-04-28,2023-05-26,274,-0.3115095559031999,-0.1651577619460831
LSM,liquidity,2023-05-26,2023-06-30,290,0.1595259985115838,0.1383057160464821
LSM,lsm_deviation,2023-05-26,2023-06-30,290,-0.0997308569311177,0.0059361073217894
LSM,momentum,2023-05-26,2023-06-30,290,-0.1257526473427116,0.0963251438882991
LSM,price_volume,2023-05-26,2023-06-30,290,0.1726476576633011,0.1901775862684004
LSM,valuation,2023-05-26,2023-06-30,290,-0.0819895572345006,0.0423478732577491
LSM,volatility,2023-05-26,2023-06-30,290,0.2355826157645188,0.2405896006799867
LSM,liquidity,2023-06-30,2023-07-28,302,-0.3436809378155723,-0.36426280853867
LSM,lsm_deviation,2023-06-30,2023-07-28,302,0.0174621286182007,0.1420371977133028
LSM,momentum,2023-06-30,2023-07-28,302,-0.2112828719473889,-0.2155031297444622
LSM,price_volume,2023-06-30,2023-07-28,302,-0.1787599799823889,-0.2275607002296674
LSM,valuation,2023-06-30,2023-07-28,302,0.1429705808132505,0.2541692707476728
LSM,volatility,2023-06-30,2023-07-28,302,-0.3720244791672882,-0.4181983818500219
LSM,liquidity,2023-07-28,2023-08-25,291,-0.3262452419143581,-0.3019644605038252
LSM,lsm_deviation,2023-07-28,2023-08-25,291,0.1627866498196655,0.0298910635065181
LSM,momentum,2023-07-28,2023-08-25,291,-0.0193571230060184,0.1350637207875373
LSM,price_volume,2023-07-28,2023-08-25,291,-0.147911461400421,-0.1910888292614037
LSM,valuation,2023-07-28,2023-08-25,291,0.3291471200525403,0.075909305621162
LSM,volatility,2023-07-28,2023-08-25,291,-0.4221011688425741,-0.4797783286015515
LSM,liquidity,2023-08-25,2023-09-28,286,-0.1230162130370448,-0.0795479231936228
LSM,lsm_deviation,2023-08-25,2023-09-28,286,0.1530570582145786,0.0850617931490845
LSM,momentum,2023-08-25,2023-09-28,286,-0.104005779737277,-0.2044068896443735
LSM,price_volume,2023-08-25,2023-09-28,286,-0.0558950045211693,0.0097661003951119
LSM,valuation,2023-08-25,2023-09-28,286,0.1996719343430619,0.2604519998614992
LSM,volatility,2023-08-25,2023-09-28,286,-0.1205800389204386,0.089714906402968
LSM,liquidity,2023-09-28,2023-10-27,263,-0.2214549556526608,-0.1391375074871431
LSM,lsm_deviation,2023-09-28,2023-10-27,263,-0.0620585445724473,-0.0121740289142257
LSM,momentum,2023-09-28,2023-10-27,263,0.0801583585058291,0.1121343173704361
LSM,price_volume,2023-09-28,2023-10-27,263,-0.0492573874731177,-0.0262610723963871
LSM,valuation,2023-09-28,2023-10-27,263,0.0732310883097424,0.0557894417427694
LSM,volatility,2023-09-28,2023-10-27,263,-0.1937297855859552,-0.2272852608164482
LSM,liquidity,2023-10-27,2023-11-24,331,0.1135874823511601,-0.0955265169439085
LSM,lsm_deviation,2023-10-27,2023-11-24,331,0.0493467863500957,-0.005836474158099
LSM,momentum,2023-10-27,2023-11-24,331,0.0981471396634368,0.0503519157652306
LSM,price_volume,2023-10-27,2023-11-24,331,0.1132429292604352,0.0304305384129211
LSM,valuation,2023-10-27,2023-11-24,331,-0.036027099587799,0.0260070217701346
LSM,volatility,2023-10-27,2023-11-24,331,0.0548982932381448,-0.0557893204236887
LSM,liquidity,2023-11-24,2023-12-29,288,-0.1191089558579709,-0.0204718903343259
LSM,lsm_deviation,2023-11-24,2023-12-29,288,0.2439406456086357,0.0356434539382467
LSM,momentum,2023-11-24,2023-12-29,288,-0.3146666928194085,-0.0124809608204831
LSM,price_volume,2023-11-24,2023-12-29,288,-0.0682315642807733,-0.0053359937949354
LSM,valuation,2023-11-24,2023-12-29,288,0.2625914081113167,0.0927971619063694
LSM,volatility,2023-11-24,2023-12-29,288,-0.1638246971275805,-0.0678020849659806
LSM,liquidity,2023-12-29,2024-01-26,325,-0.3362670269424199,-0.2672350689528604
LSM,lsm_deviation,2023-12-29,2024-01-26,325,0.0055797626686015,0.0609281107440616
LSM,momentum,2023-12-29,2024-01-26,325,-0.0396161272541312,0.1020547777602992
LSM,price_volume,2023-12-29,2024-01-26,325,-0.200780259604931,-0.1698977505112474
LSM,valuation,2023-12-29,2024-01-26,325,-0.0948819840735455,-0.0781367870938423
LSM,volatility,2023-12-29,2024-01-26,325,-0.4198838863464631,-0.6011902889203504
LSM,liquidity,2024-01-26,2024-02-23,304,0.1477413330059426,0.1628567645375409
LSM,lsm_deviation,2024-01-26,2024-02-23,304,0.2562974062390464,0.1928471967127687
LSM,momentum,2024-01-26,2024-02-23,304,-0.000138554289364,-0.0680037417029019
LSM,price_volume,2024-01-26,2024-02-23,304,-0.0228650091259981,-0.0696682869322307
LSM,valuation,2024-01-26,2024-02-23,304,0.0147667118289927,-0.0415047112994301
LSM,volatility,2024-01-26,2024-02-23,304,-0.004315517903829,-0.0299438744564706
LSM,liquidity,2024-02-23,2024-03-29,328,0.1501865905489201,0.0745354182578941
LSM,lsm_deviation,2024-02-23,2024-03-29,328,-0.0250487119123405,0.0516295642864964
LSM,momentum,2024-02-23,2024-03-29,328,-0.085397342727088,-0.1043861086947502
LSM,price_volume,2024-02-23,2024-03-29,328,0.0679056704651019,-0.0342416280747955
LSM,valuation,2024-02-23,2024-03-29,328,-0.0396014719857649,-0.0302295244307118
LSM,volatility,2024-02-23,2024-03-29,328,0.1790486556224884,0.0571342194557441
LSM,liquidity,2024-03-29,2024-04-30,307,-0.1135962312943544,-0.0569377291929504
LSM,lsm_deviation,2024-03-29,2024-04-30,307,0.0081087774740736,-0.0672779031660043
LSM,momentum,2024-03-29,2024-04-30,307,-0.1372448830818908,-0.0931105044919952
LSM,price_volume,2024-03-29,2024-04-30,307,-0.1434932130564517,-0.1802600222795662
LSM,valuation,2024-03-29,2024-04-30,307,0.1723377036525511,0.1852082260206421
LSM,volatility,2024-03-29,2024-04-30,307,-0.188828455119182,-0.0056374933746077
LSM,liquidity,2024-04-30,2024-05-31,318,-0.015344042673889,-0.1556346754251641
LSM,lsm_deviation,2024-04-30,2024-05-31,318,-0.0355126886258052,-0.0388678536264168
LSM,momentum,2024-04-30,2024-05-31,318,0.2165834325322005,-0.1127868004572798
LSM,price_volume,2024-04-30,2024-05-31,318,-0.0740235048579086,-0.0565295131895231
LSM,valuation,2024-04-30,2024-05-31,318,-0.1326284600586147,-0.2078964548870897
LSM,volatility,2024-04-30,2024-05-31,318,0.1039402396390056,-0.0983828959277875
LSM,liquidity,2024-05-31,2024-06-28,301,-0.1483219215923103,-0.0796435721986315
LSM,lsm_deviation,2024-05-31,2024-06-28,301,-0.1252361721592611,-0.1416382477833271
LSM,momentum,2024-05-31,2024-06-28,301,-0.0188170984335946,-0.0354654463048117
LSM,price_volume,2024-05-31,2024-06-28,301,-0.0321208200580063,-0.0635242348903214
LSM,valuation,2024-05-31,2024-06-28,301,0.2234627853265104,0.0438947437900156
LSM,volatility,2024-05-31,2024-06-28,301,-0.2721518495721758,-0.2145629359090009
LSM,liquidity,2024-06-28,2024-07-26,296,-0.0394371691912442,-0.2278798058459075
LSM,lsm_deviation,2024-06-28,2024-07-26,296,-0.024131581130938,-0.2223244816465155
LSM,momentum,2024-06-28,2024-07-26,296,-0.1888389101882168,0.0571505249471351
LSM,price_volume,2024-06-28,2024-07-26,296,-0.0488774670181096,-0.2013455674472623
LSM,valuation,2024-06-28,2024-07-26,296,-0.5285727970945108,-0.1216785352378572
LSM,volatility,2024-06-28,2024-07-26,296,0.1099512217304723,-0.3501811518760671
LSM,liquidity,2024-07-26,2024-08-30,297,-0.097159186348653,-0.0914505109135981
LSM,lsm_deviation,2024-07-26,2024-08-30,297,0.0941826247636711,-0.0039369754134854
LSM,momentum,2024-07-26,2024-08-30,297,-0.0110959689117654,-0.0152568676058608
LSM,price_volume,2024-07-26,2024-08-30,297,-0.0147839507001515,-0.0119057434493676
LSM,valuation,2024-07-26,2024-08-30,297,0.0005602208000213,0.0353704833570605
LSM,volatility,2024-07-26,2024-08-30,297,-0.0023970815827483,0.0445301921811989
LSM,liquidity,2024-08-30,2024-09-30,314,0.1304909601347823,0.1977720088259149
LSM,lsm_deviation,2024-08-30,2024-09-30,314,0.59601399372441,0.6040838752627279
LSM,momentum,2024-08-30,2024-09-30,314,-0.1222594578302838,-0.2058967344696165
LSM,price_volume,2024-08-30,2024-09-30,314,0.1641669029207468,0.1822807257251
LSM,valuation,2024-08-30,2024-09-30,314,0.3671779990114846,0.4861988001484552
LSM,volatility,2024-08-30,2024-09-30,314,0.2193375373766006,0.4811590748099976
LSM,liquidity,2024-09-30,2024-10-25,321,0.1277181239032138,0.0093494224182968
LSM,lsm_deviation,2024-09-30,2024-10-25,321,0.2807291436045616,0.426757415684681
LSM,momentum,2024-09-30,2024-10-25,321,0.1679832155021297,0.1897627996749289
LSM,price_volume,2024-09-30,2024-10-25,321,0.1343980205938569,0.1153458234167295
LSM,valuation,2024-09-30,2024-10-25,321,0.0412400748674317,0.0670422882684158
LSM,volatility,2024-09-30,2024-10-25,321,0.1198884040896151,0.1093247518430371
LSM,liquidity,2024-10-25,2024-11-29,318,-0.1167344641858298,-0.170553551540726
LSM,lsm_deviation,2024-10-25,2024-11-29,318,0.0798042745740528,0.0968111130868273
LSM,momentum,2024-10-25,2024-11-29,318,-0.0211589382841895,0.0481970490262279
LSM,price_volume,2024-10-25,2024-11-29,318,-0.0303399312137005,0.0095954506365216
LSM,valuation,2024-10-25,2024-11-29,318,0.0540215959159838,-0.0706486906754132
LSM,volatility,2024-10-25,2024-11-29,318,0.008169195144722,-0.045178121394849
LSM,liquidity,2024-11-29,2024-12-27,304,0.0026748515161397,-0.1482592269986966
LSM,lsm_deviation,2024-11-29,2024-12-27,304,0.1168757251706979,-0.0142547790275395
LSM,momentum,2024-11-29,2024-12-27,304,0.2602520183030561,-0.0268772613465499
LSM,price_volume,2024-11-29,2024-12-27,304,0.0138793496191486,-0.0895719348332827
LSM,valuation,2024-11-29,2024-12-27,304,-0.028453270387602,-0.1634814669826194
LSM,volatility,2024-11-29,2024-12-27,304,0.0385882297445299,-0.0717841079908541
LSM,liquidity,2024-12-27,2025-01-27,305,-0.0827354938495823,-0.0988388082651133
LSM,lsm_deviation,2024-12-27,2025-01-27,305,0.0878795475258534,0.0261901768544318
LSM,momentum,2024-12-27,2025-01-27,305,0.0430052031303638,-0.0514386611428318
LSM,price_volume,2024-12-27,2025-01-27,305,-0.0668580126294101,-0.1757539223885038
LSM,valuation,2024-12-27,2025-01-27,305,0.0012563145057978,-0.0452194299112056
LSM,volatility,2024-12-27,2025-01-27,305,-0.0798038798161772,-0.062527709668548
LSM,liquidity,2025-01-27,2025-02-28,291,0.3106134174602403,0.2149594105644537
LSM,lsm_deviation,2025-01-27,2025-02-28,291,0.2834116233202459,0.3542325504385218
LSM,momentum,2025-01-27,2025-02-28,291,0.1693538724993694,-0.0337247848449209
LSM,price_volume,2025-01-27,2025-02-28,291,0.2224802735694325,0.1572805321671885
LSM,valuation,2025-01-27,2025-02-28,291,-0.0546913684159466,-0.0880666572518006
LSM,volatility,2025-01-27,2025-02-28,291,0.3629419838194118,0.2989866032948785
LSM,liquidity,2025-02-28,2025-03-28,302,-0.0612967617143346,-0.1604454454378134
LSM,lsm_deviation,2025-02-28,2025-03-28,302,-0.0681152461388284,-0.1445641274870925
LSM,momentum,2025-02-28,2025-03-28,302,0.0208011335530838,-0.1987214606699719
LSM,price_volume,2025-02-28,2025-03-28,302,-0.0876446666517756,-0.1729611543363749
LSM,valuation,2025-02-28,2025-03-28,302,0.0081565852432315,-0.0844096928669347
LSM,volatility,2025-02-28,2025-03-28,302,-0.0436456692890483,-0.2145992932003151
LSM,liquidity,2025-03-28,2025-04-30,296,-0.2439271237162019,-0.2181670113873503
LSM,lsm_deviation,2025-03-28,2025-04-30,296,-0.1184806961669751,-0.0466682398885788
LSM,momentum,2025-03-28,2025-04-30,296,-0.0626450674691824,-0.0849188171222069
LSM,price_volume,2025-03-28,2025-04-30,296,-0.0379034264560219,-0.1021691953895343
LSM,valuation,2025-03-28,2025-04-30,296,0.1514228382707298,0.0499234211098617
LSM,volatility,2025-03-28,2025-04-30,296,-0.2165001305392419,-0.197886792802047
LSM,liquidity,2025-04-30,2025-05-30,275,0.1756685185564684,-0.02826231210871
LSM,lsm_deviation,2025-04-30,2025-05-30,275,0.1529865003537155,0.070995066501255
LSM,momentum,2025-04-30,2025-05-30,275,0.2151330930456962,-0.040643374397738
LSM,price_volume,2025-04-30,2025-05-30,275,0.1179309439355566,-0.0298623813507977
LSM,valuation,2025-04-30,2025-05-30,275,0.0933027006544941,0.0831603242837771
LSM,volatility,2025-04-30,2025-05-30,275,0.0397129880770302,-0.0653247165402036
LSM,liquidity,2025-05-30,2025-06-27,269,0.1850518600722361,0.0831776680414532
LSM,lsm_deviation,2025-05-30,2025-06-27,269,0.2221909317530631,0.2432373448741422
LSM,momentum,2025-05-30,2025-06-27,269,-0.0258266024935925,0.0122947838256055
LSM,price_volume,2025-05-30,2025-06-27,269,0.0254404345726932,-0.0295523621052112
LSM,valuation,2025-05-30,2025-06-27,269,-0.1716305852997978,-0.0761884505600867
LSM,volatility,2025-05-30,2025-06-27,269,0.2771954695401952,0.1496575363578637
LSM,liquidity,2025-06-27,2025-07-25,279,0.2414145636675339,0.1747295251356518
LSM,lsm_deviation,2025-06-27,2025-07-25,279,0.1041005232702232,0.1219429985965145
LSM,momentum,2025-06-27,2025-07-25,279,0.1859729965480709,0.106606327840953
LSM,price_volume,2025-06-27,2025-07-25,279,0.1001261590649661,-0.0097790891710594
LSM,valuation,2025-06-27,2025-07-25,279,-0.0113186664372235,0.1028953795488954
LSM,volatility,2025-06-27,2025-07-25,279,0.1960158841780488,0.1118765816839616
LSM,liquidity,2025-07-25,2025-08-29,265,0.1532580609568317,0.1445317840054682
LSM,lsm_deviation,2025-07-25,2025-08-29,265,0.1781865491556938,0.0730548498175111
LSM,momentum,2025-07-25,2025-08-29,265,0.0180715903989517,-0.0111350417209404
LSM,price_volume,2025-07-25,2025-08-29,265,0.0425379047493163,0.036290769806162
LSM,valuation,2025-07-25,2025-08-29,265,-0.166221898723396,-0.1257341466874734
LSM,volatility,2025-07-25,2025-08-29,265,0.1323144691727586,0.1551799739485936
LSM,liquidity,2025-08-29,2025-09-30,257,0.0383832704157413,0.1415822097547733
LSM,lsm_deviation,2025-08-29,2025-09-30,257,0.1162055146229709,0.1610735171025246
LSM,momentum,2025-08-29,2025-09-30,257,0.0847840722747514,0.143771632657678
LSM,price_volume,2025-08-29,2025-09-30,257,0.0740472678048208,0.0598581293548095
LSM,valuation,2025-08-29,2025-09-30,257,0.0584224185062274,0.1022461202606098
LSM,volatility,2025-08-29,2025-09-30,257,-0.0427055676956916,0.1509584822640484
LSM,liquidity,2025-09-30,2025-10-31,240,-0.3508823369380056,-0.3443818469070643
LSM,lsm_deviation,2025-09-30,2025-10-31,240,-0.1401938977485334,-0.1492612718970815
LSM,momentum,2025-09-30,2025-10-31,240,-0.3132340122414841,-0.3446804632024861
LSM,price_volume,2025-09-30,2025-10-31,240,-0.2856936208562956,-0.2986961579194082
LSM,valuation,2025-09-30,2025-10-31,240,0.1096863305306139,0.0445979964929946
LSM,volatility,2025-09-30,2025-10-31,240,-0.3291540498963785,-0.3529384190697754
LSM,liquidity,2025-10-31,2025-11-28,232,-0.0380904624793625,-0.3622265702330819
LSM,lsm_deviation,2025-10-31,2025-11-28,232,-0.0845549146272416,-0.1953904464634077
LSM,momentum,2025-10-31,2025-11-28,232,0.4636322138852298,0.1270601531072154
LSM,price_volume,2025-10-31,2025-11-28,232,-0.0072466809115996,-0.1499070708779158
LSM,valuation,2025-10-31,2025-11-28,232,-0.0639189798935701,-0.0880443368973781
LSM,volatility,2025-10-31,2025-11-28,232,0.0102417783020958,-0.416076449819235
LSM,liquidity,2025-11-28,2025-12-31,224,0.021983226813223,0.1043647234678624
LSM,lsm_deviation,2025-11-28,2025-12-31,224,-0.035724938860624,0.0110708947256032
LSM,momentum,2025-11-28,2025-12-31,224,0.0654122902986662,-0.0291714712790946
LSM,price_volume,2025-11-28,2025-12-31,224,-0.0332721654199064,-0.0087774930600042
LSM,valuation,2025-11-28,2025-12-31,224,-0.117766948271994,-0.1028646166986974
LSM,volatility,2025-11-28,2025-12-31,224,0.0686111598596993,0.1649476831091181
LSM,liquidity,2025-12-31,2026-01-30,207,0.2966910466835457,0.1532305635830329
LSM,lsm_deviation,2025-12-31,2026-01-30,207,0.0304837115734774,-0.0104217402127912
LSM,momentum,2025-12-31,2026-01-30,207,0.5901641712794331,0.2603486811485967
LSM,price_volume,2025-12-31,2026-01-30,207,0.1374372308654727,0.056397538721304
LSM,valuation,2025-12-31,2026-01-30,207,-0.2755527248623055,-0.221943966403654
LSM,volatility,2025-12-31,2026-01-30,207,0.4694391912617509,0.2012939572036237
LSM,liquidity,2026-01-30,2026-02-27,205,-0.0755982912809395,-0.1917204106364307
LSM,lsm_deviation,2026-01-30,2026-02-27,205,0.0867944213159373,0.0579223022384421
LSM,momentum,2026-01-30,2026-02-27,205,-0.2254578864623178,-0.176047136827736
LSM,price_volume,2026-01-30,2026-02-27,205,-0.0625817634565268,-0.1200972266718669
LSM,valuation,2026-01-30,2026-02-27,205,0.0593998760148994,0.1304996448022732
LSM,volatility,2026-01-30,2026-02-27,205,-0.0940898063036624,-0.1870930896630496
LSM,liquidity,2026-02-27,2026-03-27,201,-0.3201085774812384,-0.2946756317422787
LSM,lsm_deviation,2026-02-27,2026-03-27,201,0.0953658227398249,0.021198463129895
LSM,momentum,2026-02-27,2026-03-27,201,0.1511693606270514,0.1353820008866558
LSM,price_volume,2026-02-27,2026-03-27,201,-0.0145921512754705,-0.1081188118811881
LSM,valuation,2026-02-27,2026-03-27,201,0.3569448063467634,0.3541658046401654
LSM,volatility,2026-02-27,2026-03-27,201,-0.4590268659600687,-0.4802822521058076
LSM,liquidity,2026-03-27,2026-04-30,193,0.3137853144201883,0.2246591394690454
LSM,lsm_deviation,2026-03-27,2026-04-30,193,0.0619055182391896,-0.0014438998985096
LSM,momentum,2026-03-27,2026-04-30,193,-0.1320776935617252,-0.1818746327653437
LSM,price_volume,2026-03-27,2026-04-30,193,0.1831003774867623,0.1332828107472891
LSM,valuation,2026-03-27,2026-04-30,193,-0.2073180792910751,-0.2721459190214197
LSM,volatility,2026-03-27,2026-04-30,193,0.3125034266734732,0.4161970514395597
LSM,liquidity,2026-04-30,2026-05-29,183,0.1147179228346353,-0.0056648625786188
LSM,lsm_deviation,2026-04-30,2026-05-29,183,-0.129863423529077,-0.1162148614037424
LSM,momentum,2026-04-30,2026-05-29,183,0.0499336097071626,0.0723156031424028
LSM,price_volume,2026-04-30,2026-05-29,183,0.1476853828263362,0.231121693701879
LSM,valuation,2026-04-30,2026-05-29,183,-0.0970872926323429,-0.1372196940621745
LSM,volatility,2026-04-30,2026-05-29,183,0.1618601708249763,0.0416963649322879
LSM,liquidity,2026-05-29,2026-06-26,174,0.4067878429472804,0.198902018850195
LSM,lsm_deviation,2026-05-29,2026-06-26,174,0.1396586729476335,0.0180175973119963
LSM,momentum,2026-05-29,2026-06-26,174,0.3580886914983477,0.1046783792249209
LSM,price_volume,2026-05-29,2026-06-26,174,0.2004396261776281,0.0752515732224721
LSM,valuation,2026-05-29,2026-06-26,174,-0.2618930911277702,-0.0655975397932742
LSM,volatility,2026-05-29,2026-06-26,174,0.4537665034343296,0.1717577379765938
LSM,liquidity,2026-06-26,2026-07-31,164,-0.6190538076589498,-0.4695550446859738
LSM,lsm_deviation,2026-06-26,2026-07-31,164,0.0667510693400907,-0.0440058220994926
LSM,momentum,2026-06-26,2026-07-31,164,-0.4891620045988838,-0.3429488661869329
LSM,price_volume,2026-06-26,2026-07-31,164,-0.4484925995602689,-0.4907866635833117
LSM,valuation,2026-06-26,2026-07-31,164,0.4508799502686663,0.3072164107028688
LSM,volatility,2026-06-26,2026-07-31,164,-0.6377761075131889,-0.4757008964400854
LSM,liquidity,2026-07-31,2026-08-28,157,0.4060297992896337,0.1334354591631057
LSM,lsm_deviation,2026-07-31,2026-08-28,157,-0.0325889756797792,-0.0314440054825445
LSM,momentum,2026-07-31,2026-08-28,157,-0.5180475327870976,-0.2794237126253574
LSM,price_volume,2026-07-31,2026-08-28,157,0.1665199183798608,0.0909674458412667
LSM,valuation,2026-07-31,2026-08-28,157,-0.1620320115597875,-0.1683122569601647
LSM,volatility,2026-07-31,2026-08-28,157,0.5073870471555741,0.2120919876704767
LSM,liquidity,2026-08-28,2026-09-11,162,-0.3593942576041916,-0.2383125800036976
LSM,lsm_deviation,2026-08-28,2026-09-11,162,0.0342182320839299,0.1198753530041873
LSM,momentum,2026-08-28,2026-09-11,162,-0.1684785768251762,0.0769743183720244
LSM,price_volume,2026-08-28,2026-09-11,162,-0.1692929441637105,-0.0655793925999314
LSM,valuation,2026-08-28,2026-09-11,162,0.2542572368573158,0.2030410931451209
LSM,volatility,2026-08-28,2026-09-11,162,-0.3302734815297151,-0.2900512447058193
LSM,liquidity,2026-08-28,2026-09-18,162,-0.0918793144682122,-0.0515509603266338
LSM,lsm_deviation,2026-08-28,2026-09-18,162,0.0055032463818,0.0593272844539849
LSM,momentum,2026-08-28,2026-09-18,162,-0.0321092719736868,0.175283426550431
LSM,price_volume,2026-08-28,2026-09-18,162,-0.0067804600691514,0.0888349768051021
LSM,valuation,2026-08-28,2026-09-18,162,0.0479572990324511,0.0231582037396921
LSM,volatility,2026-08-28,2026-09-18,162,-0.0326422281831669,0.0155484143214204
LSM,liquidity,2026-08-28,2026-09-24,162,-0.1672712460337084,-0.0784082104434198
LSM,lsm_deviation,2026-08-28,2026-09-24,162,-0.0280964505105693,-0.001570789247503
LSM,momentum,2026-08-28,2026-09-24,162,-0.0865781430299574,0.1381377185591642
LSM,price_volume,2026-08-28,2026-09-24,162,-0.031573888250008,0.0408786258346141
LSM,valuation,2026-08-28,2026-09-24,162,0.093221968796797,-0.0563691764011849
LSM,volatility,2026-08-28,2026-09-24,162,-0.1155432094467303,-0.0416746052915698
LSM,liquidity,2026-08-28,2026-09-30,162,-0.49764174894175933,-0.33995520498587983
LSM,lsm_deviation,2026-08-28,2026-09-30,162,7.004597313159481e-06,0.10696185649506536
LSM,momentum,2026-08-28,2026-09-30,162,-0.31314257382306865,-0.003823241753356451
LSM,price_volume,2026-08-28,2026-09-30,162,-0.2410797998440693,-0.189280809979663
LSM,valuation,2026-08-28,2026-09-30,162,0.4016653587613082,0.16290340563480069
LSM,volatility,2026-08-28,2026-09-30,162,-0.474154789516395,-0.3503593903700599
