date,rebalance_date,benchmark_return,long_return_ew,long_return_ew_gross,ew_turnover,liquidity_return,liquidity_return_gross,liquidity_turnover,volatility_return,volatility_return_gross,volatility_turnover,price_volume_return,price_volume_return_gross,price_volume_turnover,valuation_return,valuation_return_gross,valuation_turnover,momentum_return,momentum_return_gross,momentum_turnover,zl_deviation_return,zl_deviation_return_gross,zl_deviation_turnover,benchmark_nav,long_nav,long_nav_gross,liquidity_nav,liquidity_nav_gross,volatility_nav,volatility_nav_gross,price_volume_nav,price_volume_nav_gross,valuation_nav,valuation_nav_gross,momentum_nav,momentum_nav_gross,zl_deviation_nav,zl_deviation_nav_gross
2019-02-22,2019-01-25,0.056231682462920984,0.13992744311044988,0.14052744311044987,1.0,0.10103869551106248,0.10163869551106249,1.0,0.1055536557044452,0.10615365570444521,1.0,0.09506215709134466,0.09566215709134467,1.0,0.07710784512890889,0.0777078451289089,1.0,0.09454308137401334,0.09514308137401334,1.0,0.10712166034232207,0.10772166034232207,1.0,1.056231682462921,1.1399274431104498,1.14052744311045,1.1010386955110625,1.1016386955110624,1.1055536557044452,1.1061536557044451,1.0950621570913446,1.0956621570913447,1.077107845128909,1.0777078451289088,1.0945430813740133,1.0951430813740133,1.107121660342322,1.1077216603423221
2019-03-29,2019-02-22,0.054042180953750046,0.11374874495738811,0.11394874495738812,0.3333333333333333,0.083780439587855,0.083980439587855,0.3333333333333333,0.1009303303525474,0.1012903303525474,0.6,0.09996176084261835,0.10032176084261835,0.6,0.10730971453384479,0.10758971453384479,0.4666666666666667,0.08788917701387501,0.08828917701387501,0.6666666666666666,0.13287945333624387,0.13306406872085927,0.3076923076923077,1.113312746175666,1.269592759106748,1.2704891138423446,1.1932842014242178,1.1941547974270725,1.2171375513971614,1.2181963249114263,1.2045264985463113,1.20558091397937,1.192691980511857,1.193658124537213,1.190741572002206,1.191832362740964,1.2542353813453244,1.2551196114776972
2019-04-30,2019-03-29,-0.024140111468356804,-0.012351074187570933,-0.011901074187570932,0.75,-0.03388367459151652,-0.03358367459151652,0.5,-0.03963191883346117,-0.03923191883346117,0.6666666666666666,-0.02798900560491991,-0.02748900560491991,0.8333333333333334,-0.02089341681435905,-0.020560083481025716,0.5555555555555556,-0.016125273138809043,-0.015658606472142376,0.7777777777777778,-0.037136628806016043,-0.03683662880601604,0.5,1.086437252383843,1.2539119247510175,1.2553689286440057,1.1528513478479618,1.1540506912983834,1.1689000547510313,1.1704041455692804,1.170812999627224,1.1724406934778067,1.1677725698318793,1.1691164138489234,1.1715405389159357,1.1731699287920396,1.207657307552931,1.2088852362425422
2019-05-31,2019-04-30,-0.0239851051629653,-0.012815920247422409,-0.012473063104565266,0.5714285714285714,-0.00935390362665785,-0.00910684480312844,0.4117647058823529,-0.03625720621400302,-0.03597485327282655,0.47058823529411764,-0.044310609572212535,-0.043851786042800774,0.7647058823529411,-0.034246633572957,-0.03396428063178053,0.47058823529411764,-0.040177054202064376,-0.039718230672652614,0.7647058823529411,-0.022852571352705086,-0.022552571352705084,0.5,1.0603789406324535,1.2378418895261165,1.2397106327775185,1.1420676874443294,1.143540930757786,1.1265190044223639,1.1282990281625176,1.118933561918671,1.1210270750395448,1.1277802905362966,1.1294082158777377,1.1244714911839944,1.126573694942058,1.180059232762462,1.1816217656949506
2019-06-28,2019-05-31,0.012601469574789968,0.012850507551776295,0.013300507551776296,0.75,0.0199058928079755,0.020120178522261216,0.35714285714285715,0.005518135364471068,0.005775278221613925,0.42857142857142855,0.02904212727585136,0.02951355584727993,0.7857142857142857,0.04811110476454819,0.04849681905026248,0.6428571428571429,-5.517636506996101e-05,0.00037339506350146754,0.7142857142857143,0.05101684347392796,0.05151684347392796,0.8333333333333334,1.0737412735905814,1.2537487860753769,1.2561994134107932,1.164801564410049,1.1665491784321453,1.1327352887794158,1.1348152689673325,1.151429772837135,1.1541125702250372,1.182039046245681,1.18418092175704,1.124409446934486,1.1269943519984198,1.240262129930268,1.2424951892436438
2019-07-26,2019-06-28,0.01837719558528106,-0.06419879091504496,-0.0637372524535065,0.7692307692307693,-0.03950036611862344,-0.03935036611862344,0.25,-0.0594290215409035,-0.059091521540903504,0.5625,-0.0231292923707517,-0.0226417923707517,0.8125,-9.330652656218088e-05,0.0001691934734378191,0.4375,-0.035278521715869655,-0.034828521715869656,0.75,-0.00593720794962192,-0.005594350806764777,0.5714285714285714,1.093473626983344,1.1732596298981324,1.1761327142662827,1.1187914761603066,1.1206450411654612,1.0654179389024023,1.0677573080562033,1.1247980169767966,1.1279813930375273,1.1819287542880148,1.1843812774403708,1.0847419438432788,1.0877428047361803,1.232898435752831,1.2355442352792974
2019-08-30,2019-07-26,0.013109368829750133,0.052318095283209236,0.05274666671178067,0.7142857142857143,0.00872545678607871,0.008972515609608121,0.4117647058823529,0.03987462146579008,0.04015697440696655,0.47058823529411764,0.05797367822840345,0.058397207640168154,0.7058823529411765,0.02380940579422355,0.02409175873540002,0.47058823529411764,0.05124205054661906,0.05177146231132494,0.8823529411764706,0.05540636067347105,0.055749217816328196,0.5714285714285714,1.1078083760650732,1.2346423390070855,1.2381697945545083,1.1285534428381765,1.1307000462901482,1.107901075918998,1.1106352109486677,1.1900066952849557,1.193852356660986,1.2100697756187193,1.212915105427189,1.140326345359734,1.1440568403559945,1.3012088511579107,1.3044248599735915
2019-09-30,2019-08-30,0.004349450306704206,0.024338866203285903,0.0247888662032859,0.75,0.0036020736454525923,0.003949442066505224,0.5789473684210527,0.011358562126046886,0.011674351599731096,0.5263157894736842,0.011020477367890417,0.011494161578416732,0.7894736842105263,0.006140456165472815,0.006361508797051762,0.3684210526315789,0.01440182262939781,0.014843927892555705,0.7368421052631579,0.003626067429927951,0.003926067429927951,0.5,1.112626733546119,1.264692133705091,1.2688626199286699,1.1326185754521085,1.1351656806175658,1.120485239119338,1.123601156900324,1.2031211371379815,1.207574688549221,1.2175001560330696,1.2206310755404408,1.1567491231252345,1.161039137599224,1.3059271221926285,1.3095461199311222
2019-10-25,2019-09-30,0.013105165756585775,0.045328480122655106,0.04566181345598844,0.5555555555555556,0.024798414454616884,0.024962050818253246,0.2727272727272727,-0.002156626339594008,-0.0019929899759576443,0.2727272727272727,0.008433525406731252,0.008815343588549433,0.6363636363636364,0.026441379027795343,0.02676865175506807,0.5454545454545454,0.03767362915323269,0.03816453824414178,0.8181818181818182,0.030393518084530998,0.030660184751197663,0.4444444444444444,1.1272078913144494,1.3220187059490203,1.3268011881811297,1.1607057203051678,1.1635017440242785,1.118068771139527,1.1213618310576472,1.21326768981541,1.2182198743376178,1.24969253912514,1.253305723722997,1.2003280606131816,1.205349660169075,1.3456188417980697,1.3496970459084243
2019-11-29,2019-10-25,-0.003354186117488216,0.016199646044521575,0.016690555135430666,0.8181818181818182,-0.026673254702549824,-0.02648863931793444,0.3076923076923077,-0.044938622105036366,-0.04461554518195944,0.5384615384615384,-0.04784449835158924,-0.047475267582358475,0.6153846153846154,-0.004238364753004371,-0.003915287829927448,0.5384615384615384,0.003651532184441273,0.004066916799825888,0.6923076923076923,-0.022431862603315922,-0.022104589876043194,0.5454545454545454,1.1234270262538795,1.3434349410496307,1.3489462365662217,1.1297459209927616,1.1326821659810318,1.0678243011458453,1.07133166161877,1.15521950583,1.1603845598292923,1.2443958863152194,1.248398671075726,1.2047110971583985,1.210251716951681,1.3154341048224223,1.3198625462517115
2019-12-27,2019-11-29,0.0444815871885692,0.10358981928395411,0.10391709201122684,0.5454545454545454,0.06475992572481855,0.06503684880174163,0.46153846153846156,0.09698102247060188,0.09725794554752495,0.46153846153846156,0.09477786069021014,0.09519324530559475,0.6923076923076923,0.07906231512713888,0.0793853920502158,0.5384615384615384,0.12560582317890506,0.12606736164044352,0.7692307692307693,0.0737226387449579,0.07404991147223063,0.5454545454545454,1.1733988434721863,1.4826011238127115,1.489124806749672,1.2029081829241697,1.2063482447503693,1.1713829936899252,1.1755271780278278,1.2647087392201692,1.2708453318819468,1.3427807060219885,1.347503289014041,1.356029826209741,1.3628249578285965,1.4124113781250427,1.4175982509571636
2020-01-23,2019-12-27,0.012208923458741463,0.05771343105785011,0.058155536321008006,0.7368421052631579,0.060424171394283015,0.0608059895761012,0.6363636363636364,0.07726461408085722,0.07756461408085721,0.5,0.047448804527161006,0.047885168163524644,0.7272727272727273,0.04358374720942927,0.04402011084579291,0.7272727272727273,0.059314611041604626,0.05972370195069553,0.6818181818181818,0.04274450537792994,0.043186610641087836,0.7368421052631579,1.1877247801387139,1.5681671215581676,1.5757256585351167,1.2755929131407653,1.2797014435458083,1.2618894486382566,1.2667064899331155,1.3247176569712193,1.3316999743089442,1.40130412087095,1.4068205331615098,1.4364622079121863,1.4442179094209209,1.4727842038731578,1.4788195146667378
2020-02-28,2020-01-23,0.020087077294582558,0.11020882810346033,0.11052461757714455,0.5263157894736842,0.018319162793581846,0.018537344611763665,0.36363636363636365,0.05045862518368999,0.050676807001871806,0.36363636363636365,0.051956472070793444,0.05236556297988435,0.6818181818181818,0.09736728710153325,0.09766728710153325,0.5,0.05394234647553275,0.05432416465735093,0.6363636363636364,0.12104785634788519,0.12139522476893783,0.5789473684210527,1.2115826996020511,1.74099298229547,1.7498821343512048,1.2989607073749303,1.3034237102049884,1.3255626553503477,1.3308991302514743,1.3935453129173314,1.4014351931839295,1.5377453015243534,1.544220878074127,1.513948350030394,1.522673840933398,1.6510615746150301,1.658341142042398
2020-03-27,2020-02-28,-0.016696818946168757,0.042797522569479496,0.04321131567292777,0.6896551724137931,0.014684581324102575,0.015048217687738938,0.6060606060606061,0.05246340242960396,0.05284522061142215,0.6363636363636364,0.01464427347197937,0.015080637108343006,0.7272727272727273,-0.007063041142411535,-0.006644859324229716,0.696969696969697,-0.005122261233577892,-0.004576806688123347,0.9090909090909091,0.027988290269549337,0.028360704062652786,0.6206896551724138,1.1913531226284855,1.8155031687485657,1.825496843649071,1.3180354015191913,1.3230379139355133,1.3951061823836475,1.4012307884011632,1.413952771575288,1.4225697287631969,1.5268841431931368,1.5339597475737858,1.5061935110873943,1.5157048571143836,1.6972719652182549,1.705372864406784
2020-04-30,2020-03-27,0.005361956990544411,0.014045828763248612,0.014465828763248612,0.7,0.07145685619182718,0.07182049255546354,0.6060606060606061,0.11775530427796367,0.11802803155069094,0.45454545454545453,0.06555522401132692,0.06604613310223602,0.8181818181818182,-0.01000625503649947,-0.009733527763772197,0.45454545454545453,0.06088517569053246,0.06137608478144155,0.8181818181818182,0.018756648378992328,0.019036648378992327,0.4666666666666667,1.19774110683257,1.8410034153759431,1.8519041683971493,1.4122180676612854,1.418059148583915,1.5593873353903023,1.5666153001043752,1.5066447622573425,1.5165249584163027,1.5116057510451593,1.5190289077822674,1.5978983676338903,1.6087328869282786,1.7291070986733748,1.737837447981571
2020-05-29,2020-04-30,-0.032477548924032096,-0.012272007631772287,-0.011812007631772287,0.7666666666666667,-0.041865476765800574,-0.041629113129436936,0.3939393939393939,-0.0467576834810497,-0.04657586529923152,0.30303030303030304,-0.015895268968595132,-0.015531632604958769,0.6060606060606061,-0.04122002307341713,-0.040947295800689856,0.45454545454545453,-0.013727262598508583,-0.013254535325781311,0.7878787878787878,0.010198593872444274,0.010478593872444274,0.4666666666666667,1.1588414114370909,1.8184106074123307,1.8300294622267312,1.3530948849613682,1.3590266038632821,1.486473995937765,1.4936488369109986,1.4826962385211369,1.4929708499259302,1.4492973271091678,1.456828781765508,1.5759635971356518,1.5874098800487415,1.746741559734705,1.756047540815295
2020-06-24,2020-05-29,0.004223132552955096,0.0636552309280426,0.06397830785111952,0.5384615384615384,0.022694247957748066,0.02277700657843772,0.13793103448275862,0.04342520862070421,0.04354934655173869,0.20689655172413793,0.05275862761129257,0.05306897243887877,0.5172413793103449,0.02000813301645816,0.020277098533699536,0.4482758620689655,0.040580313345382465,0.04099410644883074,0.6896551724137931,0.0499723209811006,0.050283432092211706,0.5185185185185185,1.1637353523254432,1.934161954549165,1.9471116505376918,1.3838023557910422,1.3899811617597477,1.5510244393206145,1.558696267736237,1.5609212572299378,1.5722012788126989,1.4782950608103653,1.4863690425200966,1.6399166937283325,1.6524843296493854,1.8340302896287957,1.844347638084576
2020-07-31,2020-06-24,0.07508333418281536,0.12929677293301514,0.12962780741577376,0.5517241379310345,0.07271959523650048,0.07290709523650048,0.3125,0.05205815251013772,0.05222690251013772,0.28125,0.06581743840121186,0.06619243840121186,0.625,0.10080446586941855,0.10112321586941855,0.53125,0.1218187601795482,0.12225001017954819,0.71875,0.10115820245399797,0.10144785762641176,0.4827586206896552,1.2511124826844509,2.184242853602185,2.199511464590601,1.4844319029914825,1.4913206506971073,1.6317679061297181,1.6401021457542129,1.6636570959268113,1.6762691151148148,1.6273138048127538,1.6366754600684774,1.8396893121560618,1.8545005557705667,2.01955749697383,2.031452754686589
2020-08-28,2020-07-31,0.006793071527589063,-0.012528779751419666,-0.012074234296874212,0.7575757575757576,0.042569311874623754,0.04283597854129042,0.4444444444444444,-0.0010324769493889065,-0.0007158102827222399,0.5277777777777778,0.047418843836844006,0.047835510503510675,0.6944444444444444,0.005408598466427406,0.005675265133094073,0.4444444444444444,0.005952207236273807,0.0064522072362738075,0.8333333333333334,-0.00939518376639342,-0.009122456493666147,0.45454545454545453,1.2596113792683858,2.156876955965791,2.172954047828473,1.5476231476265683,1.5552028300885519,1.6300831433798866,1.6389281437735672,1.742545791956622,1.7564543039776,1.6361152917618602,1.6459640272411946,1.8506395241923728,1.8664661776761833,2.0005833831629634,2.0129209153130225
2020-09-30,2020-08-28,-0.033423242677734194,-0.11589941880582683,-0.11546305516946319,0.7272727272727273,-0.10187237023923132,-0.10158903690589799,0.4722222222222222,-0.10963433752252019,-0.10930100418918685,0.5555555555555556,-0.07931192559374417,-0.07887859226041084,0.7222222222222222,-0.03631906539262352,-0.03603573205929019,0.4722222222222222,-0.10390235062999653,-0.1034690172966632,0.7222222222222222,-0.036195142832584376,-0.03581332465076619,0.6363636363636364,1.217511082459463,1.9068961703336746,1.9220581347233456,1.3899631093407498,1.3972112723865289,1.4513700578488056,1.4597916518651963,1.6043411297612664,1.617907661110107,1.5766931134904898,1.5866505085763007,1.6583537274600069,1.6733447564545694,1.928171981860885,1.9408315250766
2020-10-30,2020-09-30,0.018460665611766215,0.07679648775355676,0.07721028085700503,0.6896551724137931,0.12581584045165978,0.12600334045165978,0.3125,0.12499175690351921,0.1252542569035192,0.4375,0.12481285847699483,0.12513160847699484,0.53125,0.017166348964203666,0.017410098964203667,0.40625,0.061960051031477996,0.062503801031478,0.90625,0.0434747686241815,0.04376442379659529,0.4827586206896552,1.2399871474313668,2.053339098726009,2.0704607831288264,1.5648424861392587,1.5732645600239454,1.63277935129649,1.6426367704535325,1.8045835321389812,1.8203590491120676,1.6037591776861244,1.614274250952218,1.7611054090416705,1.7779351641690728,2.0119988126399164,2.0257708984578446
2020-11-27,2020-10-30,0.006960622801485936,-0.055203833531664,-0.054840675636927155,0.6052631578947368,-0.07889773774089477,-0.07856285401996455,0.5581395348837209,-0.07872709305992631,-0.07844802329248445,0.46511627906976744,-0.04676032095768112,-0.0464114837483788,0.5813953488372093,0.007913128382056893,0.008303826056475498,0.6511627906976745,-0.04776529731855737,-0.04734669266739458,0.6976744186046512,0.008150109856707968,0.008550109856707967,0.6666666666666666,1.2486182302433273,1.9399869089358812,1.9569153149022802,1.4413799540620336,1.4496644060600004,1.504235379360645,1.5137751628239025,1.7202006269812165,1.7358734846879886,1.6164499299530566,1.6276789035395725,1.6769856855694754,1.693755814368606,2.028396823994498,2.043091462184181
2020-12-31,2020-11-27,-0.00024050585493312623,0.08726614079588757,0.08762239079588757,0.59375,0.09799586607302121,0.09817919940635454,0.3055555555555556,0.08380719453811064,0.08402386120477731,0.3611111111111111,0.0007467932638399275,0.0010467932638399274,0.5,-0.034169254151829476,-0.03393592081849614,0.3888888888888889,0.07433627875205508,0.07475294541872174,0.6944444444444444,0.035875228759354005,0.036118978759354006,0.40625,1.2483179302483776,2.1092820796732585,2.1283849133791053,1.582629231000634,1.5919912968548597,1.6303011264298315,1.640968397000257,1.7214852612218992,1.7376905853586382,1.5612170414727837,1.5724421211511168,1.8016465609551742,1.820369050312745,2.1011660240700474,2.1168858393102292
2021-01-29,2020-12-31,-0.014464232574607345,-0.04250864566887073,-0.04216578852601358,0.5714285714285714,-0.04240571451456966,-0.04217093190587401,0.391304347826087,-0.03855149910612013,-0.038212368671337524,0.5652173913043478,-0.0655140546632198,-0.06507057640235024,0.7391304347826086,-0.05411291812227378,-0.05386509203531725,0.41304347826086957,-0.021651567633094684,-0.02123417632874686,0.6956521739130435,-0.04417180294176362,-0.043843231513192193,0.5476190476190477,1.2302619693782124,2.0196193551327295,2.038639885219604,1.5155167076484082,1.5248555402804493,1.5674505740115652,1.5782631076360696,1.6087037817162804,1.624618057360414,1.4767350315364685,1.4877423815751025,1.7626380885897206,1.7817150129150106,2.0083537325068965,2.0240747233703527
2021-02-26,2021-01-29,0.006801030596097083,-0.022571665540484866,-0.022256665540484867,0.525,-0.030597492375903108,-0.030433856012266745,0.2727272727272727,-0.045532347301499895,-0.04531416548331808,0.36363636363636365,-0.021743753620550015,-0.02134829907509547,0.6590909090909091,0.03573214777625903,0.03601851141262266,0.4772727272727273,-0.017530167427415987,-0.017175621972870533,0.5909090909090909,0.028475218110059233,0.028760218110059233,0.475,1.2386290186731683,1.9740331825295838,1.9932665591367789,1.4691456967405823,1.478448306328047,1.4960808700977353,1.5067454320004328,1.5737245230381944,1.5899352251890833,1.5295019459097081,1.5413286475249077,1.7317387477828023,1.7511129493897943,2.0655420430821816,2.082287553885542
2021-03-26,2021-02-26,0.002326765049542622,-0.009025865156761454,-0.008700150871047169,0.5428571428571428,-0.03070080195350679,-0.030577725030429867,0.20512820512820512,-0.015454624304695672,-0.015331547381618748,0.20512820512820512,0.012479270031590538,0.012894654646975154,0.6923076923076923,0.05489960970461395,0.05511499431999857,0.358974358974359,0.009730473998954544,0.01017662784510839,0.7435897435897436,0.05599617710557195,0.056201891391286236,0.34285714285714286,1.2415110173831663,1.9562158252090993,1.9759248393460758,1.424041745664103,1.4332407205454432,1.4729595023209325,1.4836446930176805,1.5933634563165242,1.6104368908289572,1.6134710057825987,1.6262789671784943,1.748589386641085,1.7689333741904842,2.1812045011456163,2.1993160528344444
2021-04-30,2021-03-26,0.014005989189537549,0.05119989946906894,0.05161042578485841,0.6842105263157895,0.058007089395789586,0.05823566082436101,0.38095238095238093,0.06518792377662559,0.06548792377662559,0.5,0.04228358010747206,0.042697865821757774,0.6904761904761905,0.015028205957012796,0.01527106309986994,0.40476190476190477,0.03886437679759286,0.03936437679759286,0.8333333333333334,0.04467543082418869,0.04491227292945185,0.39473684210526316,1.2588996072713265,2.056373878799607,2.0779031616236048,1.506646262508177,1.5167064410267905,1.5689786740842857,1.5808055035856172,1.6607365676620027,1.679199109107981,1.6377185803631682,1.6511139759042686,1.8165472234277762,1.8385663340619558,2.2786507519499564,2.2980923356574694
2021-05-28,2021-04-30,0.03067817984640709,0.0872263008604267,0.08765261664990037,0.7105263157894737,0.06314718451251133,0.06339004165536848,0.40476190476190477,0.06050548789880781,0.06081977361309352,0.5238095238095238,0.06552905674324001,0.06602905674324001,0.8333333333333334,0.04207509915062002,0.04237509915062002,0.5,0.04771464320384724,0.048228928918132956,0.8571428571428571,0.0539019567170036,0.05415458829595097,0.42105263157894735,1.2975203558317676,2.235743765433304,2.2600368108850146,1.6017867320418664,1.6128505255024446,1.66391049426258,1.6769497364400268,1.7695630684398997,1.79007504236647,1.7066257520127612,1.7210800943421862,1.9032231260565722,1.9272384190987022,2.4014744861547306,2.42254457996108
2021-06-25,2021-05-28,0.0023428875638619494,0.03358227920708051,0.03384137011617142,0.4318181818181818,0.008993264419766831,0.009168264419766831,0.2916666666666667,0.012793205833895302,0.013043205833895302,0.4166666666666667,0.0345927287538876,0.0349802287538876,0.6458333333333334,0.030341781731847487,0.030566781731847487,0.375,0.028519654015414512,0.028982154015414513,0.7708333333333334,0.04238753954672154,0.04263299409217609,0.4090909090909091,1.3005603001373036,2.310825136799575,2.3365195530783462,1.616192023667193,1.6276375655898108,1.6851972437048597,1.6988225370255108,1.8307770836793382,1.8526922768350742,1.7584078180782825,1.7736879739289715,1.9575023911258411,1.9830939397854448,2.5032670809070567,2.525824908726594
2021-07-30,2021-06-25,0.027965540058235882,0.14209506009074305,0.14247687827256122,0.6363636363636364,0.12012596254888305,0.12035861561010754,0.3877551020408163,0.11923183449685953,0.11956244674175749,0.5510204081632653,0.09896846152019664,0.09940927784672726,0.7346938775510204,0.0198342519172906,0.019993435590759986,0.2653061224489796,0.18415196976831766,0.18458054119688908,0.7142857142857143,0.10432413427936643,0.10447413427936643,0.25,1.3369311713089447,2.6391819734723105,2.6694195650237487,1.8103386461740418,1.823537769699206,1.8861264025608413,1.9019379161323209,2.0119662750375147,2.036867078147458,1.7932845217153803,1.809150090193826,2.3179803122778564,2.3491344924353132,2.764418251992722,2.7897082794070647
2021-08-27,2021-07-30,0.03119743417284855,0.07277784024545214,0.07315610111501736,0.6304347826086957,0.06356990838354351,0.0638699083835435,0.5,0.08933181524449062,0.08961981524449061,0.48,0.049789674569543266,0.050245674569543264,0.76,0.0468300308459462,0.047022030845946194,0.32,0.05826942366626631,0.0585574236662663,0.48,0.07428031549012988,0.07451509809882553,0.391304347826087,1.3786399935194846,2.8312559375163557,2.8647038926410313,1.9254217080545137,1.9400069599838252,2.054617497882162,2.072389240782591,2.1121414211165286,2.1392108384974713,1.8772640911828695,1.8942200015398662,2.453047689144039,2.4866937561578872,2.969760111897415,2.9975836655141883
2021-09-30,2021-08-27,0.0022146194384976086,-0.0336103526617969,-0.033336439618318635,0.45652173913043476,-0.052570462725452516,-0.052393992137217224,0.29411764705882354,-0.05785743702487153,-0.05764567231898918,0.35294117647058826,-0.032218222562957824,-0.03185351668060488,0.6078431372549019,0.022130911597722416,0.02230738218595771,0.29411764705882354,-0.04046210438514903,-0.040050339679266675,0.6862745098039216,-0.002527976371413612,-0.00228015028445709,0.41304347826086957,1.381693156447823,2.7360964269806245,2.769204864299641,1.8242013979204568,1.838362250576286,1.9357425953882457,1.952924969691039,2.0440919787265543,2.0710694503700613,1.9188096568304163,1.9364750910585014,2.353792217484144,2.3871008265454523,2.9622526285057713,2.9907487242665822
2021-10-29,2021-09-30,0.0011502446692329524,-0.0029523226472144702,-0.0025616249727958658,0.6511627906976745,0.00021366221306792793,0.0004952948661291524,0.46938775510204084,0.01129576434232375,0.011577396995384976,0.46938775510204084,0.007153566584608341,0.007520913523383851,0.6122448979591837,-0.02162461353739014,-0.021440940068002384,0.30612244897959184,0.0049751939226128665,0.005477234738939397,0.8367346938775511,-0.018305834111810203,-0.01799219774817384,0.5227272727272727,1.3832824416355427,2.728018587534287,2.762111199964463,1.8245911608282182,1.8392727819610821,1.9576082875731493,1.9755347573673523,2.0587145268014386,2.0866457846072164,1.8773161395496465,1.8949552446879367,2.365502790219664,2.4001755381179577,2.908026123291071,2.9369385818044793
2021-11-26,2021-10-29,0.045543567561898805,0.09651000074909381,0.09680302400490777,0.4883720930232558,0.0781136140710964,0.07828504264252498,0.2857142857142857,0.08922057790912005,0.08935527178667108,0.22448979591836735,0.09042938748135705,0.09082122421605093,0.6530612244897959,0.06556872296526735,0.06574015153669592,0.2857142857142857,0.11944527207105689,0.11984527207105689,0.6666666666666666,0.08029106879178373,0.08052288697360191,0.38636363636363635,1.4462820589733592,2.991299663460763,3.0294919167588477,1.9671165706026872,1.983260330128141,2.1322672303101085,2.152059202535927,2.2448828204590647,2.2761575092705058,2.0004093614220024,2.0195298896289784,2.648050914582296,2.687825228502,3.1415146488045385,3.173429355275532
2021-12-31,2021-11-26,0.02263629090203484,0.017131284737106813,0.017481284737106813,0.5833333333333334,-0.0004367333178737737,-0.00022163897825113225,0.3584905660377358,0.010194903837035172,0.010466601950242719,0.4528301886792453,0.006665876588063662,0.007062103003158002,0.660377358490566,0.035021223570255514,0.035224997155161177,0.33962264150943394,0.01685757590801237,0.017299085341974635,0.7358490566037735,0.0316949908674792,0.031969990867479196,0.4583333333333333,1.479020520386674,3.042544469729521,3.0824513275644727,1.9662574652561635,1.9828207623349654,2.1540054896779814,2.1745839495822272,2.259846932294909,2.2922319680523855,2.0704661449003945,2.0906678242459225,2.6926906338831484,2.7343221465141685,3.2410849269084507,3.274883862782281
2022-01-28,2021-12-31,-0.023600051057857948,-0.067925450947963,-0.067529450947963,0.66,-0.08155842570012077,-0.08132933479102986,0.38181818181818183,-0.07795901287184086,-0.07768628559911359,0.45454545454545453,-0.048848730267870934,-0.04844509390423457,0.6727272727272727,-0.0025241774488537223,-0.0024150865397628133,0.18181818181818182,-0.041551587671418436,-0.041049769489600256,0.8363636363636363,-0.037239247541491015,-0.03695124754149102,0.48,1.444115560589929,2.8358782645939122,2.874295081840224,1.8058926018687609,1.82155926872442,1.98608134798216,2.005648599815734,2.149456279052559,2.1811845751097994,2.0652399209488217,2.0856186805244707,2.5808050629373454,2.622078852689453,3.1203893630123116,3.1538728184989786
2022-02-25,2022-01-28,-0.008513401807311183,0.01652709739617349,0.01687927130921697,0.5869565217391305,0.005996224524903187,0.00623853221721088,0.40384615384615385,0.01537797032757722,0.015631816481423373,0.4230769230769231,0.016823413312454648,0.017169567158608495,0.5769230769230769,0.008481330047062509,0.00863133004706251,0.25,-0.002959358111891477,-0.0024978196503530154,0.7692307692307693,0.015057253339735708,0.015213775078866143,0.2608695652173913,1.4318212245664363,2.8827471008765473,2.922811088349353,1.8167211393774276,1.8329231249079165,2.016623248019584,2.037000530654277,2.185617470432111,2.218634570157468,2.082755902344758,2.1036203437083962,2.573167536539131,2.61552937260643,3.167373856169805,3.2018551301869715
2022-03-25,2022-02-25,-0.05926682023406278,-0.06999249940813364,-0.06968661705519247,0.5098039215686274,-0.06653949068054274,-0.06631190447364618,0.3793103448275862,-0.10320663740004973,-0.10294801671039457,0.43103448275862066,-0.07011884392320625,-0.069756774957689,0.603448275862069,-0.04541413825974945,-0.04530034515630117,0.1896551724137931,-0.0842093245601501,-0.08375669298120272,0.7543859649122807,-0.052478746463349366,-0.05228259261719552,0.3269230769230769,1.3469617334427417,2.6809764261246465,2.7191302713108816,1.6958374400546783,1.7113785017414858,1.8084943436887162,1.8272953659853979,2.0323645001470494,2.0638697777336446,1.988169337834364,2.008325616060589,2.3564828363070656,2.3964612819617157,3.0011540466172284,3.0344538427961285
2022-04-29,2022-03-25,-0.0078104142043400274,-0.049277861537430696,-0.04894724929253274,0.5510204081632653,-0.04375839289121261,-0.04355112016393988,0.34545454545454546,-0.07213686492229802,-0.07185322855866166,0.4727272727272727,-0.07215983658947218,-0.0717889274985631,0.6181818181818182,-0.01729568365932898,-0.0171538654775108,0.23636363636363636,-0.05524456945498683,-0.05477547854589592,0.7818181818181819,-0.040509237595935804,-0.04031331922858886,0.32653061224489793,1.336441404387158,2.5488636410129604,2.5860363240621558,1.6216303190731374,1.6368460509661589,1.6780352315053033,1.6959982944090657,1.885709409926194,1.9157067798934484,1.953782589906003,1.9738750686076467,2.2262999565872157,2.2651939684255513,2.879579584280807,2.91212493634707
2022-05-27,2022-04-29,0.020357016231745514,0.062409504841650504,0.06273172706387273,0.5370370370370371,0.06713778346640556,0.06739778346640556,0.43333333333333335,0.08778735409665903,0.08802735409665903,0.4,0.06835745874711387,0.06873745874711387,0.6333333333333333,0.031532158002568596,0.0317221580025686,0.31666666666666665,0.030767639745441052,0.03127763974544105,0.85,0.04014028983801425,0.040351400949125364,0.35185185185185186,1.363647363749044,2.7079369587574655,2.7482628489204837,1.7305029842976278,1.747165846677017,1.8253455045601283,1.8452925368183422,2.014611713124268,2.047387595647941,2.015389571233587,2.0364906454113494,2.2947979516167822,2.336043889323512,2.995166743405467,3.0296332572675566
2022-06-24,2022-05-27,0.03003915708617989,0.11040727516979336,0.11071339761877295,0.5102040816326531,0.11601612459776621,0.11624112459776621,0.375,0.1404358565508223,0.14061799940796516,0.30357142857142855,0.08988029889396625,0.0902124417511091,0.5535714285714286,0.01549099533678289,0.01564099533678289,0.25,0.15129555148000717,0.1517991229085786,0.8392857142857143,0.04659788630262483,0.046765886302624834,0.28,1.4046101811188567,3.0069128997054544,3.0525323664739186,1.9312692341407076,1.9502583695535618,2.081689463994223,2.1047738816681862,2.1956856160551625,2.232087429862274,2.0466099616833677,2.06834338609963,2.641990673241834,2.690653302798766,3.1347351827720784,3.171316741715582
2022-07-29,2022-06-24,0.020537202187764964,0.07771360266181732,0.07801360266181731,0.5,0.04424487217976897,0.04452106265595945,0.4603174603174603,0.05205857484994819,0.05233476532613867,0.4603174603174603,0.05471548706561681,0.05511548706561681,0.6666666666666666,0.02683052865888343,0.026954338182692952,0.20634920634920634,0.08622520869400263,0.0865013991701931,0.4603174603174603,0.06708222347194029,0.06726436632908314,0.30357142857142855,1.433456944403488,3.240590934031857,3.2906714136243513,2.0167179945499836,2.037085944619765,2.190059250769915,2.2149267288298766,2.31582362398059,2.355110015732174,2.1015215889138696,2.1240942132064955,2.86979687040972,2.92339857817276,3.345020188828149,3.384633352775893
2022-08-26,2022-07-29,-0.008966844452452067,-0.056196303477995035,-0.05590175802344958,0.4909090909090909,-0.06548922570325125,-0.06524332406390698,0.4098360655737705,-0.06487720114331001,-0.06463129950396575,0.4098360655737705,-0.051831971205995274,-0.05139918432074937,0.7213114754098361,-0.0032587034263335656,-0.003180014901743402,0.13114754098360656,-0.049927973680705826,-0.04962305564791894,0.5081967213114754,-0.02157927851497322,-0.02144836942406413,0.21818181818181817,1.4206033589537346,3.058481702454963,3.1067170965252404,1.8846446946250914,1.9041796861889075,2.0479743362419485,2.0717731360395337,2.1957899205842644,2.234059281937913,2.094673353311562,2.117339561955792,2.7265137277949316,2.778330607847046,3.272837066535218,3.3120384862605468
2022-09-30,2022-08-26,-0.03933768899755785,-0.08427495937399564,-0.08391940381844008,0.5925925925925926,-0.09665625845623811,-0.09642625845623812,0.38333333333333336,-0.09610485958612584,-0.09587485958612585,0.38333333333333336,-0.06944918250891026,-0.06903918250891027,0.6833333333333333,-0.041816904718964334,-0.04169690471896433,0.2,-0.0680481725741238,-0.0675681725741238,0.8,-0.06560444738460057,-0.06549333627348945,0.18518518518518517,1.3647201058303264,2.800728281234462,2.846003249952287,1.7024819899232306,1.7205667636213375,1.8511540502214268,1.8731421775274357,2.043294105638382,2.079821655436476,2.0070805972787786,2.0290530559832276,2.5409794511202244,2.5906038858680662,3.058124399405338,3.095122035929146
2022-10-28,2022-09-30,-0.0077447933624856065,-0.0089486260071218,-0.00860949557233919,0.5652173913043478,-0.028333729496721992,-0.02811449872749122,0.36538461538461536,-0.012713293178967314,-0.012551754717428852,0.2692307692307692,0.00042875202514029535,0.0008672135636018337,0.7307692307692307,-0.00510046636721359,-0.004962004828752051,0.23076923076923078,-0.0007833293557750638,-0.00027563704808275616,0.8461538461538461,0.00221257728338882,0.002395185979040994,0.30434782608695654,1.354150630613041,2.7756656112981255,2.82150059757296,1.6542443257477049,1.6721938915349417,1.827619786061529,1.8496309563642408,2.0441701721241317,2.0816253049859434,1.9968435501960713,2.0189848849216445,2.5389890273237405,2.589889819460214,3.064890735981239,3.1025354288330242
2022-11-25,2022-10-28,0.002824094433833328,0.021391812110284965,0.021769589888062744,0.6296296296296297,-0.003454534324791469,-0.0032873212100373705,0.2786885245901639,-0.00850263541125376,-0.008335422296499662,0.2786885245901639,0.020458656305272126,0.020842262862649175,0.639344262295082,0.021430872812325256,0.021578413795931815,0.2459016393442623,0.016500637921747975,0.016962933003715187,0.7704918032786885,0.017985652997394262,0.018207875219616483,0.37037037037037035,1.3579748798715272,2.8350421285359944,2.8829235084510474,1.648529681942818,1.666696853088004,1.8120802013502544,1.8342135012502663,2.0859911471051085,2.125011086774003,2.0396376503464357,2.0625513762162155,2.5808839659509006,2.633821946954721,3.120014797233526,3.159026006785655
2022-12-30,2022-11-25,-0.01995833817956912,-0.04429981215822843,-0.04397758993600621,0.5370370370370371,-0.0452157839869165,-0.045015783986916504,0.3333333333333333,-0.05736082137261045,-0.05715082137261045,0.35,-0.04903940859106948,-0.048669408591069475,0.6166666666666667,-0.021045126910302456,-0.020905126910302455,0.23333333333333334,-0.05265541923235004,-0.052195419232350035,0.7666666666666667,-0.02598353552146697,-0.025805757743689192,0.2962962962962963,1.3308719579796915,2.7094502947811856,2.756139480579515,1.5739901199480713,1.591669187577721,1.7081377926077586,1.729386693081082,1.9836953749248674,2.021588053931246,1.996713217143864,2.0194334779373966,2.4449864387337055,2.496348506250055,3.038945781922106,3.0775049469485305
2023-01-20,2022-12-30,0.044494932233683095,0.07251020756314447,0.07281020756314446,0.5,0.07362698722354377,0.07377143166798822,0.24074074074074073,0.09641266839635998,0.09655711284080443,0.24074074074074073,0.06619244609737884,0.06651466831960107,0.5370370370370371,0.05210149352939386,0.05221260464050497,0.18518518518518517,0.05865742999769423,0.05915742999769423,0.8333333333333334,0.05671582941800678,0.056865829418006775,0.25,1.3900890155617072,2.9059130980377925,2.9568145682334865,1.689878270399472,1.7090889022871532,1.8728239151817407,1.8963712791502978,2.1150010241032016,2.156053312817351,2.10074495790694,2.1248733597187415,2.5884030596090395,2.644026068258391,3.2113021125001717,3.252509818294778
2023-02-24,2023-01-20,-0.011161840345549453,-0.003415018536660944,-0.003115018536660944,0.5,-0.0020762435205712113,-0.0018343080367002437,0.4032258064516129,0.003386282293368935,0.0035798306804657094,0.3225806451612903,-0.008176231943671133,-0.007818167427542102,0.5967741935483871,0.005555714366527935,0.005710553076205355,0.25806451612903225,-0.011284181069403739,-0.010839019779081157,0.7419354838709677,0.001336750150150998,0.0015296072930081409,0.32142857142857145,1.3745730639039053,2.8959893509420676,2.94760403604397,1.686369671590001,1.7059539067782525,1.8791658256443187,1.9031599672369541,2.097708285169032,2.139196927035038,2.1124160968499948,2.13700756181963,2.5591950508038126,2.615367417408132,3.215594821081236,3.2574848810334225
2023-03-31,2023-02-24,0.0023779952099818886,0.00046752216263086125,0.000788211817803275,0.5344827586206896,-0.009653351393854722,-0.009413351393854722,0.4,-0.011331452473412136,-0.011100683242642906,0.38461538461538464,0.009343051892070851,0.009776898045917005,0.7230769230769231,0.005752516840681899,0.005835593763758822,0.13846153846153847,0.007345697051991044,0.007807235513529505,0.7692307692307693,0.002225134128804642,0.0023596168874253317,0.22413793103448276,1.377841792065639,2.897343290146376,2.949927372379385,1.6700905525702032,1.6898951631920296,1.8578721474013697,1.8820335912805781,2.117307282531793,2.1601116372907985,2.124567806021652,2.14947826982049,2.577994122343972,2.6357862067902484,3.2227499508620316,3.2651712973692417
2023-04-28,2023-03-31,0.005579360817443649,1.1464621151510636e-05,0.0003496464393333288,0.5636363636363636,-0.007831174803575867,-0.007614781360952916,0.36065573770491804,-0.021451931294438828,-0.021225701786242106,0.3770491803278688,-0.019023687679239138,-0.018620408990714547,0.6721311475409836,0.0016746070337074449,0.0017828037550189203,0.18032786885245902,0.0063498808875895076,0.00680233990398295,0.7540983606557377,-0.005237052893943839,-0.005073416530307476,0.2727272727272727,1.3855292685729264,2.8973765070895436,2.9509588039814294,1.6570117815152254,1.6770269810013905,1.8180172017414642,1.8420861075203665,2.0770282900679296,2.1198894751388417,2.1281256222132043,2.1533103677512577,2.5943640779497623,2.6537157204830657,3.205872238905412,3.248605723334883
2023-05-26,2023-04-28,-0.011117112647700109,-0.03112758845881637,-0.03081647734770526,0.5185185185185185,-0.030270937268727295,-0.030080937268727296,0.31666666666666665,-0.033222568820864745,-0.033042568820864746,0.3,-0.024503859006374477,-0.024053859006374478,0.75,-0.011428769903368174,-0.011338769903368174,0.15,-0.022563775825435714,-0.022173775825435713,0.65,-0.015626784312836005,-0.015460117646169337,0.2777777777777778,1.3701261836175156,2.8071881635666176,2.8600206488445243,1.606852481823436,1.6265804375879245,1.7576180001390924,1.781218850538666,2.026133081695854,2.068897952594755,2.1038037641514675,2.1288944769607894,2.5358254284853405,2.59487282299264,3.1557747648935286,3.1983818966661066
2023-06-30,2023-05-26,0.0041282437128267605,0.022305071250325725,0.022615416077911933,0.5172413793103449,0.023133707260820355,0.023311832260820356,0.296875,0.027838867128961584,0.028016992128961585,0.296875,0.019495928101644973,0.019880303101644972,0.640625,0.008042064460068337,0.008201439460068337,0.265625,0.024056537162479533,0.02454403716247953,0.8125,0.013993795925724927,0.014169657994690445,0.29310344827586204,1.375782398420814,2.869802695568042,2.924701205809563,1.644024936749262,1.664499007907706,1.8065480941084358,1.831123245054166,2.0656344265809605,2.1100282709787113,2.120722689634108,2.146354476130457,2.5968286071432587,2.658561477992079,3.1999360329410016,3.2437018742782744
2023-07-28,2023-06-30,0.01698042785504611,-0.015769951472175567,-0.015459951472175566,0.5166666666666667,-0.023641449004682555,-0.02339599445922801,0.4090909090909091,-0.019145628875609947,-0.018854719784700855,0.48484848484848486,-0.014531888968068408,-0.014077343513522954,0.7575757575757576,0.026078062038981643,0.026196243857163463,0.19696969696969696,-0.004461971832367883,-0.004034699105095156,0.7121212121212122,0.010477250133600761,0.01065725013360076,0.3,1.3991437721814408,2.8245460463242154,2.8794854670971337,1.605157805044678,1.6255563983413068,1.771960594752695,1.7965979293774175,2.0356168564452664,2.080324678184899,2.176027027501862,2.2025809013910846,2.5852416310446986,2.647834982375984,3.2334625631696468,3.278270816511288
2023-08-25,2023-07-28,-0.022787977742302,-0.0447238918478603,-0.04434113322717064,0.6379310344827587,-0.053340159227649044,-0.053133909227649045,0.34375,-0.05760703270497661,-0.05741015770497661,0.328125,-0.04399418025118395,-0.04356293025118395,0.71875,-0.022814738983959058,-0.022720988983959058,0.15625,-0.04459657843225883,-0.044062203432258834,0.890625,-0.026703711932596425,-0.026507160208458495,0.3275862068965517,1.3672601150426897,2.69822135442911,2.751805818374878,1.5195384321380914,1.5391842322274156,1.6698832028188468,1.6934549589194254,1.9460615615404648,1.9896996393293136,2.126381538847367,2.152536084994299,2.469948699879473,2.531165538727482,3.1471171103379296,3.1913731667713092
2023-09-28,2023-08-25,0.0009997667293597044,0.011093671933222686,0.011419987722696371,0.543859649122807,-0.005024072005956469,-0.00479550057738504,0.38095238095238093,-0.0028222471659398057,-0.002574628118320758,0.4126984126984127,-0.008306282325656807,-0.007887234706609188,0.6984126984126984,0.017371834146101873,0.01745754843181616,0.14285714285714285,-0.0015444194374513503,-0.0010491813422132553,0.8253968253968254,0.015530667022752045,0.015667509128015202,0.22807017543859648,1.36862705621609,2.728154536938362,2.783231407035964,1.5119041616392115,1.531803073353067,1.6651703796822408,1.6890949421650818,1.9298970247872012,1.9740064112782676,2.163320686271556,2.1901140879493193,2.4661340630978716,2.528509887070196,3.195993938260193,3.2413740349926012
2023-10-27,2023-09-28,-0.019947627201165736,-0.025883240165296716,-0.025583240165296714,0.5,-0.03901289109024593,-0.03878530488334938,0.3793103448275862,-0.04271939924138947,-0.042460778551734295,0.43103448275862066,-0.029641074062982067,-0.029206591304361377,0.7241379310344828,-0.023491773015123125,-0.02337797991167485,0.1896551724137931,-0.023256171944188032,-0.0227596202200501,0.8275862068965517,-0.032280136119874965,-0.03210705919679804,0.28846153846153844,1.3413261939212626,2.6575410578507426,2.712027329514166,1.4529204092422914,1.4723916241318167,1.5940353014276591,1.6173746558729558,1.872692804141555,1.916352412791874,2.1125004477507443,2.138913644796964,2.4087812252890486,2.470961962317837,3.0928268188948587,3.13730304697213
2023-11-24,2023-10-27,-0.01180085237222374,0.001574064506545606,0.001883155415636515,0.5151515151515151,0.0009106466752811311,0.0011189800086144645,0.3472222222222222,-0.0005612982698865708,-0.00030296493655323744,0.4305555555555556,-0.0014189166407410174,-0.0010689166407410174,0.5833333333333334,0.0011885041452118954,0.0013468374785452287,0.2638888888888889,0.0001280676189876245,0.0005697342856542911,0.7361111111111112,-1.979271064029447e-05,0.00018929819845061463,0.3484848484848485,1.325497401523801,2.661724198904593,2.717134498467095,1.454243506382416,1.4740392009240715,1.5931405721708296,1.6168846480629564,1.8700356091587624,1.9143039918083167,2.115011163289658,2.141794413857148,2.4090897121652337,2.472369754066317,3.0927656034685715,3.1378969327869153
2023-12-29,2023-11-24,-0.0007116327535175742,-0.00045268267963413195,-0.00016847215331834253,0.47368421052631576,-0.00662678710525585,-0.00643631091477966,0.31746031746031744,-0.007533018183557819,-0.0073139705645102,0.36507936507936506,-0.0038309897565530224,-0.0034690849946482608,0.6031746031746031,-0.0018763944774742116,-0.0018192516203313545,0.09523809523809523,-0.006899585592980035,-0.0065281570215514634,0.6190476190476191,0.0005772703714410362,0.0006930598451252467,0.19298245614035087,1.3245541341581741,2.660519282461786,2.7166767369672824,1.4446065442664189,1.4645518263263508,1.581139415271703,1.6050588013408156,1.8628715218956857,1.9076631085551392,2.1110425680230653,2.1378979508993217,2.392467991494982,2.4562297360964376,3.094550965417266,3.1400716831491717
2024-01-26,2023-12-29,-0.020892582336175875,-0.06636660320980906,-0.06600660320980906,0.6,-0.05839697810451566,-0.05814840667594423,0.4142857142857143,-0.08613676879700466,-0.08586248308271895,0.45714285714285713,-0.056861950281176465,-0.05639052170974789,0.7857142857142857,-0.029453085156679524,-0.02929879944239381,0.2571428571428571,-0.05234359271641833,-0.0518550212878469,0.8142857142857143,-0.045305252970482275,-0.04509294527817458,0.35384615384615387,1.2968807778515523,2.4839496549105986,2.5373581335409643,1.3602458875312526,1.3793904711311293,1.4449451750226132,1.4672444671639207,1.7569450140374336,1.8000889906172755,2.0488658514977067,2.075260107607618,2.2672376213611014,2.328861890843314,2.954351551098987,2.998476602571381
2024-02-23,2024-01-26,0.012156407177177836,0.008250674708466427,0.008570674708466426,0.5333333333333333,0.017027098272823615,0.01717255281827816,0.24242424242424243,0.0013416027983372723,0.0015961482528827268,0.42424242424242425,8.149810140076934e-05,0.0004724071923098602,0.6515151515151515,0.00610467618555291,0.006213767094643819,0.18181818181818182,0.012225515104431192,0.012716424195340283,0.8181818181818182,0.015155111608749189,0.01531511160874919,0.26666666666666666,1.3126461886473708,2.5044439155054734,2.5591050047224253,1.3834069279334513,1.4030781268536583,1.4468837175128675,1.4695864068567364,1.7570882017203433,1.8009393656032409,2.0613735140687375,2.0881552905770975,2.2949557691463864,2.3584766865396403,2.9991250785873733,3.0443986063959843
2024-03-29,2024-02-23,0.0008631977461321784,0.00983511338520241,0.010148959539048564,0.5230769230769231,0.008690902471117654,0.008851465851399344,0.2676056338028169,0.020374038246625408,0.020568404443808506,0.323943661971831,0.00036682416763833515,0.0006879509282017154,0.5352112676056338,-0.007454365773195336,-0.007285351688688294,0.28169014084507044,-0.007259722454484441,-0.006916865311627298,0.5714285714285714,0.005136009574728869,0.005299645938365232,0.2727272727272727,1.3137792618788802,2.52907540538135,2.5850772578715295,1.3954299826219896,1.415497424980349,1.4763625817118942,1.4998134544380892,1.7577327441374062,1.8021783235114424,2.046007281899692,2.0729423449046482,2.278295027217066,2.3421634209582325,3.0145286137068075,3.0605328411051356
2024-04-30,2024-03-29,0.018655615156474775,0.01566919747608974,0.016042967967893017,0.6229508196721312,0.014978129306439388,0.015223583851893933,0.4090909090909091,0.01317520949473804,0.013466118585647132,0.48484848484848486,0.00997282760044429,0.010427373054989744,0.7575757575757576,0.025651142181526528,0.025769323999708348,0.19696969696969696,0.013499874115141277,0.014008965024232186,0.8484848484848485,0.028328524509488234,0.028535081886537413,0.3442622950819672,1.33828862218905,2.568703987340192,2.6265495695140912,1.4163309133397843,1.4370463687216772,1.4958139680161404,1.5200101202719014,1.7752623097623443,1.8209703092023122,2.098489705592139,2.1263606678232114,2.3090517232816485,2.374974706403472,3.099925761424754,3.147865396342507
2024-05-31,2024-04-30,0.01623340114029148,0.010291255503795504,0.010662684075224076,0.6190476190476191,0.014466411443498013,0.01472229379643919,0.4264705882352941,0.016442776231032897,0.01675159976044466,0.5147058823529411,0.009022763380383216,0.00948158690979498,0.7647058823529411,0.010024618024915031,0.010174618024915032,0.25,0.006295834325491159,0.006789951972549983,0.8235294117647058,0.02459507036983382,0.02483316560792906,0.3968253968253968,1.3600135982345327,2.5951391763875282,2.6545556377817356,1.436820139072303,1.4582029875611038,1.5204093023754832,1.5454727214385215,1.7912800815214425,1.8382359974491702,2.119526263319917,2.1479955754015156,2.3235891303804195,2.3911006705959728,3.176168653668257,3.2260368590413497
2024-06-28,2024-05-31,-0.026752988926523502,-0.057315490063188125,-0.056975490063188125,0.5666666666666667,-0.0456750461275048,-0.04539322794568662,0.4696969696969697,-0.05294948970409769,-0.0526585806131886,0.48484848484848486,-0.04424473009737252,-0.04376291191555434,0.803030303030303,-0.03961911064879419,-0.039510019739703285,0.18181818181818182,-0.039820734616438834,-0.039293461889166104,0.8787878787878788,-0.060079683714547256,-0.059869683714547255,0.35,1.323629169501043,2.4463975027106986,2.5033110294191223,1.3711933129432476,1.3920104469556613,1.439904405673338,1.4640903215511671,1.7120253777857268,1.757789437412801,2.03555251777042,2.0631282278166063,2.2310621042618988,2.2971460475227503,2.9853454455318085,3.0328950526390726
2024-07-26,2024-06-28,-0.033789450152910946,-0.05781002259360556,-0.05747442937326658,0.559322033898305,-0.04178662708975304,-0.04150970401282996,0.46153846153846156,-0.04567344340133249,-0.04530421263210172,0.6153846153846154,-0.04882564664549392,-0.048410262030109306,0.6923076923076923,-0.04722380567505737,-0.04710380567505737,0.2,-0.05054201058428122,-0.0500989336612043,0.7384615384615385,-0.04209699957451646,-0.04186310126943171,0.3898305084745763,1.2789044676572485,2.304971207806053,2.3594346564594537,1.3138957693073252,1.3342285053197647,1.3741390132974876,1.397760862311011,1.6284346316418428,1.6726943901538887,1.9394259812298558,1.9659470366908074,2.118299739774105,2.1820614800778104,2.8596713595814713,2.9059286599108844
2024-08-30,2024-07-26,-0.015993870549005643,-0.012411922292314033,-0.01212717652960217,0.4745762711864407,-0.018653650301446258,-0.01842637757417353,0.3787878787878788,-0.005577334274265742,-0.0052500615469930146,0.5454545454545454,-0.011640413823255657,-0.011285868368710202,0.5909090909090909,-0.01049692011545902,-0.010351465570004475,0.24242424242424243,-0.012103522463699648,-0.011621704281881466,0.803030303030303,-0.005655746467658586,-0.00550320409477723,0.2542372881355932,1.2584498351569935,2.276362084288743,2.3308213758705087,1.2893868170941167,1.3096435071105175,1.3664749806810177,1.3904225317559,1.609478978645411,1.653816581445532,1.9190679816350402,1.9455966036280503,2.0926608512889002,2.1567022068314614,2.843497783390854,2.8899367414105326
2024-09-30,2024-08-30,0.05784844174742761,0.088750974787046,0.08908968446446534,0.5645161290322581,0.06925336102302819,0.06948619684392371,0.3880597014925373,0.08492561262306299,0.08523904545888389,0.5223880597014925,0.07254728683991116,0.07293236146677683,0.6417910447761194,0.08552963077835637,0.08566395913656533,0.22388059701492538,0.06719484168448564,0.06770528944567968,0.8507462686567164,0.09467327804586258,0.09481843933618515,0.24193548387096775,1.3312491971381328,2.4783914382376406,2.538473516789843,1.3786811878366687,1.4006456536409655,1.4825237055494414,1.5089408211472974,1.7262423117720067,1.7744333301632664,2.0832051575428507,2.112264111577484,2.233276865890579,2.3027223539931216,3.1127010396606103,3.1639560330113796
2024-10-25,2024-09-30,0.018580872496464215,0.03985080393536871,0.04014142893536871,0.484375,0.025770640670134383,0.025944553713612643,0.2898550724637681,0.03686714925609808,0.03713671447348939,0.4492753623188406,0.043070827559317286,0.04351430582018685,0.7391304347826086,0.032017501796175574,0.03215663223095818,0.2318840579710145,0.036031799268161885,0.036492668833379274,0.7681159420289855,0.05744034366835463,0.05753409366835463,0.15625,1.355984968731177,2.577157329517945,2.640371471068378,1.4142106853270815,1.4369847800355917,1.5371801282776363,1.5649779255796372,1.800592996707936,1.8516465647495233,2.149904182416281,2.1801874117881326,2.3137458496325776,2.3867548382726125,3.2914956571155605,3.345991375777212
2024-11-29,2024-10-25,0.0209592131327839,0.03600072365955705,0.036191199850033245,0.31746031746031744,0.011254033258331306,0.0114305038465666,0.29411764705882354,0.0210295673393885,0.02124133204527085,0.35294117647058826,0.026316785717567102,0.026696197482272983,0.6323529411764706,0.02120262848229233,0.02135262848229233,0.25,0.025190507981942643,0.025472860923119112,0.47058823529411764,0.03322049991473073,0.0333919284861593,0.2857142857142857,1.384405346695665,2.6699368583651224,2.73592968265614,1.43012625941404,1.453410240091246,1.5695063612980207,1.5982201413403936,1.8479788167668505,1.901078487109449,2.19548780206858,2.226740143613815,2.3720302829259334,2.4475523123255125,3.4008407883121046,3.4577204805124704
2024-12-27,2024-11-29,0.02154350345670456,0.021212068331870136,0.021512068331870138,0.5,0.025446371438703166,0.025732525284857012,0.47692307692307695,0.02384489563723634,0.024140280252620955,0.49230769230769234,0.031186798064376024,0.031648336525914485,0.7692307692307693,0.02029200537040792,0.02045815921656177,0.27692307692307694,0.02780309277445589,0.028209246620609738,0.676923076923077,0.03135145121667353,0.0315285003970014,0.29508196721311475,1.4142302880676834,2.7265717414465422,2.7947851889406308,1.466517783415333,1.4908101558436642,1.6069310766851506,1.636801623457734,1.905611358952603,1.9612444588316655,2.2400386523388205,2.2722951480057763,2.437980060945942,2.5165959191207463,3.507462082382545,3.5667372220550275
2025-01-27,2024-12-27,0.006825609745283519,0.010308502090955206,0.010692108648332255,0.639344262295082,0.005244847725450199,0.005521770802373275,0.46153846153846156,0.009979496159472181,0.010311803851779874,0.5538461538461539,0.004443584744237142,0.004868200128852526,0.7076923076923077,0.004172438698635613,0.004301669467866382,0.2153846153846154,0.014774938880846042,0.015227246573153734,0.7538461538461538,0.004725244814184816,0.0048826218633651434,0.26229508196721313,1.4238832721039931,2.7546786119443833,2.8246673358295338,1.4742094458760113,1.4990420678340834,1.6229674391934665,1.653680000743105,1.91407910451569,1.9707921893588611,2.2493850762982786,2.2820698106659334,2.4740010673391395,2.5549167457061905,3.524035699398273,3.5841522511963113
2025-02-28,2025-01-27,0.02326659765136924,0.08381100412810677,0.08414203861086539,0.5517241379310345,0.06418496189058275,0.06435915543896985,0.2903225806451613,0.0861579513249523,0.08638053197011358,0.3709677419354839,0.07200356705957595,0.072419696091834,0.6935483870967742,0.019211701029341808,0.019298797803535356,0.14516129032258066,0.045878993667146914,0.04629512269940498,0.6935483870967742,0.04901074827622983,0.04913488620726431,0.20689655172413793,1.4570121912985519,2.9855509924616617,3.0623406038637526,1.5688315229783003,1.595519149287372,1.7627989888214795,1.7965257589156323,2.0518996276750188,2.11351636077239,2.2925995898839844,2.3261110145155275,2.5875057466401064,2.6731969299354232,3.6967513259779294,3.7602591642083523
2025-03-28,2025-02-28,-0.0005606288720612008,-0.013817787326695181,-0.013547787326695182,0.45,-0.010844848804710235,-0.010582348804710234,0.4375,-0.013615199610522662,-0.013446449610522661,0.28125,-0.012514832395857552,-0.012139832395857551,0.625,-0.003438780339496167,-0.0033075303394961672,0.21875,-0.005635265622107526,-0.005222765622107526,0.6875,-0.009507675508998926,-0.009277675508998927,0.38333333333333336,1.4561953481971648,2.944297283794823,3.0208526646407035,1.5518177823115373,1.5786348091250184,1.7387981287154475,1.7723688658243673,2.0262204477415433,2.0878586263867103,2.2847158434879544,2.318417331761981,2.5729244644590596,2.659235448908633,3.6616038139330698,3.7253726998530876
2025-04-30,2025-03-28,-0.01795414416104525,-0.022364839610013582,-0.0220292463896746,0.559322033898305,-0.034634929410939534,-0.034392993927068564,0.4032258064516129,-0.035497988020240824,-0.035314117052498886,0.3064516129032258,-0.02509925648470535,-0.024721837129866638,0.6290322580645161,-0.017297901636724986,-0.017181772604466922,0.1935483870967742,-0.027063258961077863,-0.026647129928819797,0.6935483870967742,-0.03204127261509827,-0.031848052276115216,0.3220338983050847,1.4300506069889893,2.8784485472785533,2.954305556984428,1.4980706829625365,1.5243408317217226,1.6770742935726892,1.709779224236441,1.9753638210291238,2.036242925474991,2.2451950535594327,2.278582812365392,2.5032927433901113,2.5883744563902416,3.544281367922357,3.606726835360154
2025-05-30,2025-04-30,0.01750522670546082,0.031189134929291876,0.031440044020200966,0.41818181818181815,0.036050706151458965,0.036226568220424485,0.29310344827586204,0.024124959883139015,0.02430082195210453,0.29310344827586204,0.028323391971064486,0.028706150591754142,0.6379310344827587,0.024749700506074227,0.024894528092281123,0.2413793103448276,0.030243647530558842,0.030760888909869187,0.8620689655172413,0.03780060076706012,0.03804060076706012,0.4,1.4550839670646134,2.968224867406648,3.047189053745143,1.5520771889481344,1.5795624688532683,1.7175336436261741,1.751328264742018,2.0313128248175913,2.09469562153507,2.3007629587127476,2.3353070561984115,2.5790014467870073,2.667995155500405,3.67825733291732,3.743928890979932
2025-06-27,2025-05-30,0.0298200232701421,0.035193638140004466,0.035420053234344086,0.37735849056603776,0.04211006902678331,0.04224691113204647,0.22807017543859648,0.03920210158833542,0.03938104895675647,0.2982456140350877,0.0331436898354284,0.0335015845722705,0.5964912280701754,0.020630606067305303,0.02073586922520004,0.17543859649122806,0.02941306905080563,0.029855174313963524,0.7368421052631579,0.03763051718675328,0.03783051718675328,0.3333333333333333,1.4984746048224906,3.07268749930832,3.1551206522439066,1.617435266509636,1.6462941041024284,1.7848645720049914,1.8202974088751749,2.0986380270420737,2.1648712440530917,2.3482290929681984,2.3837316779164284,2.654857794423481,2.7476486159366793,3.8166720587009664,3.8855636572361303
2025-07-25,2025-06-27,0.04854069395807454,0.08705354001281355,0.0873589945582681,0.509090909090909,0.0788982215236344,0.07909144186261745,0.3220338983050847,0.08125822360633023,0.08148195241988955,0.3728813559322034,0.07544049867156738,0.07580660036648264,0.6101694915254238,0.052160688532299944,0.052252213956028755,0.15254237288135594,0.06951279912838977,0.06996025675550842,0.7457627118644068,0.06599689583100166,0.06616053219463802,0.2727272727272727,1.5712116020191258,3.3401758234762293,3.430748820133961,1.745048032466852,1.7765018785258153,1.9298994965039897,1.9686187957351902,2.256960326333242,2.3289827732959143,2.470714339288998,2.5082869355646813,2.83940439100168,2.9398748185815267,4.068560566980148,4.142634616675017
2025-08-29,2025-07-25,0.02706271965512683,0.04597650642388281,0.04632744982010922,0.5849056603773585,0.0644851349404426,0.0647101349404426,0.375,0.08351114995004921,0.08380043566433493,0.48214285714285715,0.04659948164071839,0.04706019592643268,0.7678571428571429,0.06241727440038373,0.06257798868609801,0.26785714285714285,0.07254259215432755,0.07293902072575613,0.6607142857142857,0.03164504728592046,0.031860141625543105,0.3584905660377358,1.613732861123452,3.493745438681182,3.589686663944116,1.8575776903180308,1.8914595548071707,2.091067622745059,2.1335899084747973,2.362133507624038,2.438585158916507,2.624929594169362,2.6652504870399354,3.0453821456993215,3.154306408905173,4.197310358507866,4.27461954226516
2025-09-30,2025-08-29,0.01970057528359867,0.039481123071972206,0.039763476013148676,0.47058823529411764,0.04099447312702766,0.04125002868258322,0.42592592592592593,0.037359656496195486,0.037670767607306595,0.5185185185185185,0.03407610989733268,0.03446499878622157,0.6481481481481481,0.03082889831717196,0.031017787206060847,0.3148148148148148,0.056672435162659004,0.05708354627377012,0.6851851851851852,0.03182313229956527,0.031987838181918214,0.27450980392156865,1.6455243268416315,3.631682432327896,3.7324250835005777,1.9337281090251395,1.9694823156949126,2.1691891908411303,2.213963878086246,2.442625828622007,2.5226309934586624,2.705853281717745,2.7479206594977903,3.2179713678969857,3.3343654047595614,4.330881921348998,4.411355380472404
2025-10-31,2025-09-30,-0.0010529509506528743,-0.047002000718158674,-0.04663950071815867,0.6041666666666666,-0.03480691709478505,-0.03454291709478505,0.44,-0.037965153922451776,-0.037713153922451774,0.42,-0.032414029872291264,-0.03201802987229126,0.66,0.002942876033984,0.0031468760339840003,0.34,-0.03737516415240571,-0.03706316415240571,0.52,-0.020878304272775684,-0.020590804272775685,0.4791666666666667,1.6437916704373612,3.460986092035496,3.558346641138179,1.866420995050446,1.901450651344218,2.086835589323928,2.1304683175732313,2.363450482046223,2.441861318953335,2.713816272491989,2.7565680251644533,3.0976991597840944,3.210783272418855,4.24046045082561,4.320522025255441
2025-11-28,2025-10-31,-0.006916346293621441,-0.0017987686280013801,-0.001472681671479641,0.5434782608695652,-0.005451076203395654,-0.0053260762033956535,0.20833333333333334,-0.0086987031789008,-0.0085612031789008,0.22916666666666666,-0.02263099582308888,-0.02220599582308888,0.7083333333333334,-0.021239103833643608,-0.021114103833643608,0.20833333333333334,-0.0005602733464206801,-0.00011027334642068019,0.75,-0.006975028438635917,-0.006779376264722873,0.32608695652173914,1.632422638010046,3.454760578831193,3.5531063292590037,1.8562469919788085,1.8913233802781624,2.068682825949233,2.112228945440276,2.3099632440589577,2.387637356704095,2.6561772468951,2.698365561656629,3.0959636015096375,3.210429208602774,4.210883118588191,4.291231580786212
2025-12-31,2025-11-28,0.021332889836786603,0.03847176132945779,0.0387308522385487,0.4318181818181818,0.03929327259270006,0.03952305982674261,0.3829787234042553,0.04960923814335418,0.04980072750505631,0.3191489361702128,0.031570894265439305,0.03204323469097122,0.7872340425531915,0.01312378380335871,0.013302507207614028,0.2978723404255319,0.08274060918649358,0.08320018365457868,0.7659574468085106,0.015499857356116139,0.015677130083388866,0.29545454545454547,1.667246930313791,3.5876713032704064,3.6907211654853866,1.9291850110340112,1.9660742673886134,2.1713086049048154,2.2174194835804393,2.3828908493941943,2.464144980881894,2.6910363428267514,2.734260588989344,3.352125515917755,3.4775375083685485,4.276151206269585,4.358505776496144
2026-01-30,2025-12-31,0.05822647085789704,0.11730272775804006,0.11766858141657664,0.6097560975609756,0.12499311348046564,0.1252721832479075,0.46511627906976744,0.1298534722613187,0.13009068156364426,0.3953488372093023,0.08831043074971141,0.0887429888892463,0.7209302325581395,0.03747097175576167,0.03762446012785469,0.2558139534883721,0.15280139872533227,0.15322000337649505,0.6976744186046512,0.06438590900456166,0.06460542119968361,0.36585365853658536,1.764324835114625,4.0085149334432675,4.1250030894321865,2.1703198520429985,2.212368683291915,2.4532605666025855,2.5058850955119225,2.593324966733741,2.682820571541788,2.791872089622541,2.837135667498938,3.8643349834528644,4.010365817142666,4.551475088726206,4.640088877987932
2026-02-27,2026-01-30,0.008949878146567468,0.0005511112567131221,0.0008437941835423903,0.4878048780487805,0.001390580575517844,0.0016048662898035583,0.35714285714285715,0.0033094063757892573,0.0035522635186464,0.40476190476190477,0.018149138425888046,0.01859199556874519,0.7380952380952381,0.01604120042277647,0.016241200422776467,0.3333333333333333,-0.013086528282844966,-0.012800813997130681,0.47619047619047616,0.019366127389828458,0.01958563958495041,0.36585365853658536,1.7801153273998638,4.010724071145791,4.128483743046144,2.1733378566719104,2.2159192392123477,2.4613794027631726,2.5147866597186295,2.6403915805383034,2.7326995597196317,2.8366570693669324,2.883214156501396,3.813764254397521,3.959029870256971,4.6396195351061085,4.730967986394341
2026-03-27,2026-02-27,-0.05001045311691374,-0.047289639287475614,-0.047019639287475615,0.45,-0.10540737606497207,-0.10525023320782921,0.2619047619047619,-0.12940088916942613,-0.12920088916942613,0.3333333333333333,-0.07516683929594398,-0.07488112501022968,0.47619047619047616,-0.01512943737026234,-0.014972294513119483,0.2619047619047619,-0.07281058739378901,-0.07240083129622804,0.6829268292682927,-0.04360727326642886,-0.04342727326642886,0.3,1.6910909532762333,3.821058376539711,3.9343639266439068,1.944252015897454,1.9826932225155325,2.142874719462307,2.1898739872115716,2.4419216909256174,2.528071942372866,2.7937400438950335,2.840045825005862,3.536081838853402,3.6723928165237685,4.437298378186474,4.525514946834467
2026-04-30,2026-03-27,0.034351258256058954,0.09615181800853609,0.09649918642958873,0.5789473684210527,0.11620432489531281,0.11641432489531281,0.35,0.14613430405306155,0.14632930405306155,0.325,0.08270834816361902,0.08309834816361902,0.65,0.05078642389069779,0.051011423890697793,0.375,0.07708074778166137,0.07757574778166136,0.825,0.0952853886538297,0.09550644128540864,0.3684210526315789,1.7491820553467101,4.18846008616075,4.314026844682966,2.1701825088311684,2.2135071154891905,2.456022225263831,2.5103167237241437,2.6438890003269866,2.738150544822843,2.9356241100047034,2.984920606454242,3.808645671209374,3.9572814354136017,4.860108078724981,4.957730774390551
2026-05-29,2026-04-30,-0.024565969682354673,0.023544783209231812,0.02389478320923181,0.5833333333333334,0.03346652683581563,0.033719158414762994,0.42105263157894735,0.037729664852406294,0.03798229643135366,0.42105263157894735,0.028771378498387713,0.029181904814177186,0.6842105263157895,-0.022162232637126338,-0.021956969479231602,0.34210526315789475,-0.001761792650844213,-0.0013512663350547394,0.6842105263157895,-0.019448340571464353,-0.01921500723813102,0.3888888888888889,1.706211702006144,4.287076470869925,4.417109580895472,2.2428109800015843,2.2881447125685757,2.5486871206930966,2.6056643176612186,2.719957331463118,2.818054993388751,2.870564125543622,2.9193807958003966,3.8019356272561677,3.95193409423159,4.765587041595812,4.862467941675932
2026-06-26,2026-05-29,-0.012308555977002682,0.07521194955325068,0.07549430249442715,0.47058823529411764,0.07072431257285731,0.07092431257285732,0.3333333333333333,0.06598237467216553,0.06614904133883219,0.2777777777777778,0.042239473913513965,0.04263947391351396,0.6666666666666666,-0.012469209229157415,-0.012269209229157415,0.3333333333333333,0.06098354527301821,0.06126687860635154,0.4722222222222222,-0.00773542623989849,-0.007523661534016137,0.35294117647058826,1.6852106997633844,4.609515850127922,4.750576187746628,2.4014322447930527,2.4504298033747203,2.716855549212791,2.7780265143253104,2.834846898211325,2.938215375766198,2.834770460856505,2.8835623019971375,4.033791140706046,4.1940567606431784,4.728723194545731,4.825884378662758
2026-07-24,2026-06-26,-0.004851149945786659,-0.1065175779793692,-0.1062738279793692,0.40625,-0.13235114072277948,-0.13213937601689713,0.35294117647058826,-0.12328673133395776,-0.12309261368689894,0.3235294117647059,-0.10134435489497388,-0.10092082548320917,0.7058823529411765,0.010909283874494633,0.011103401521553457,0.3235294117647059,-0.10550006252117275,-0.10516476840352569,0.5588235294117647,-0.007246842877606023,-0.007096842877606023,0.25,1.6770354899685882,4.118521386114782,4.245714271167155,2.0835999478262273,2.1266315381835765,2.3819033090438215,2.4360719697855027,2.547551168086081,2.6416882545964158,2.8656957765330207,2.915579652048627,3.6082259231642055,3.7529897527388973,4.694454880543167,4.7916358354818955
