date,rebalance_date,benchmark_return,long_return_ew,long_return_ew_gross,ew_turnover,liquidity_return,liquidity_return_gross,liquidity_turnover,volatility_return,volatility_return_gross,volatility_turnover,price_volume_return,price_volume_return_gross,price_volume_turnover,valuation_return,valuation_return_gross,valuation_turnover,momentum_return,momentum_return_gross,momentum_turnover,zl_deviation_return,zl_deviation_return_gross,zl_deviation_turnover,benchmark_nav,long_nav,long_nav_gross,liquidity_nav,liquidity_nav_gross,volatility_nav,volatility_nav_gross,price_volume_nav,price_volume_nav_gross,valuation_nav,valuation_nav_gross,momentum_nav,momentum_nav_gross,zl_deviation_nav,zl_deviation_nav_gross
2019-02-22,2019-01-25,0.056231682462920984,0.061892265898172726,0.06249226589817273,1.0,0.044616890861937805,0.04521689086193781,1.0,0.05676977696107389,0.05736977696107389,1.0,0.03663836483323458,0.03723836483323458,1.0,0.049067627265712385,0.04966762726571239,1.0,0.08091465782140858,0.08151465782140858,1.0,0.04833031428098996,0.04893031428098996,1.0,1.056231682462921,1.0618922658981726,1.0624922658981728,1.0446168908619378,1.045216890861938,1.056769776961074,1.057369776961074,1.0366383648332347,1.0372383648332346,1.0490676272657125,1.0496676272657124,1.0809146578214086,1.0815146578214085,1.0483303142809899,1.04893031428099
2019-03-29,2019-02-22,0.054042180953750046,0.13285276528090872,0.13306452998679108,0.35294117647058826,0.08216376463539557,0.08234023522363086,0.29411764705882354,0.10652515773838002,0.10666633420896826,0.23529411764705882,0.08418415946764699,0.08464298299705875,0.7647058823529411,0.1049436189396727,0.105120089527908,0.29411764705882354,0.11212937002655599,0.11244701708537952,0.5294117647058824,0.10890408083696046,0.10900996318990164,0.17647058823529413,1.113312746175666,1.2029675898531549,1.2038722998745137,1.1304465472168768,1.131280295515222,1.1693423441450053,1.170155534972866,1.1239068942486365,1.125033314111711,1.159160580583432,1.1600087822184308,1.2021169374553935,1.2031277550275408,1.162497763571283,1.1632741692295325
2019-04-30,2019-03-29,-0.024140111468356804,-0.042436931796083,-0.04220359846274967,0.3888888888888889,-0.03804880364764623,-0.03788213698097956,0.2777777777777778,-0.03656458525818008,-0.036264585258180076,0.5,-0.050830679963639436,-0.0503973466303061,0.7222222222222222,-0.029322237366489538,-0.029022237366489536,0.5,-0.06950111955333557,-0.06910111955333557,0.6666666666666666,-0.0293166481206715,-0.029049981454004836,0.4444444444444444,1.086437252383843,1.1519173362896582,1.1530645567301827,1.0874344085076622,1.0884249803966313,1.1265858263065152,1.1277203298095113,1.066777942598156,1.068334620209781,1.1251713988936867,1.126342731993675,1.1185684644682166,1.1199902801894466,1.1284172256955962,1.1294810761874918
2019-05-31,2019-04-30,-0.0239851051629653,-0.042090538156886535,-0.04174768101402939,0.5714285714285714,-0.04273866646726153,-0.042510095038690104,0.38095238095238093,-0.04566557390622949,-0.04543700247765806,0.38095238095238093,-0.04200398304676265,-0.041489697332476934,0.8571428571428571,-0.03192440004280907,-0.03169582861423764,0.38095238095238093,-0.046984785522859535,-0.046556214094288104,0.7142857142857143,-0.022151620809342548,-0.02195162080934255,0.3333333333333333,1.0603789406324535,1.1034325156929792,1.1049267854272278,1.0409589120174294,1.0421559310374862,1.0751396379936045,1.0764800983898513,1.0219690199826028,1.0240097401674704,1.0892509770386776,1.0906423657995112,1.066012765072543,1.0678477729214249,1.1034209551972571,1.1046871358916959
2019-06-28,2019-05-31,0.012601469574789968,0.003459982929818774,0.003759982929818774,0.5,0.023339641895243478,0.02361464189524348,0.4583333333333333,0.0026814341544128557,0.0028564341544128555,0.2916666666666667,0.000550909669543924,0.001025909669543924,0.7916666666666666,0.014381281805977286,0.014656281805977285,0.4583333333333333,-0.000964547599156156,-0.000639547599156156,0.5416666666666666,0.002325153248963995,0.002575153248963995,0.4166666666666667,1.0737412735905814,1.1072503733614838,1.1090812912791337,1.0652545202515784,1.0667660701479404,1.0780225541396835,1.0795549929094377,1.0225320325976857,1.0250602816616154,1.1049158022969068,1.1066271276622066,1.0649845450193225,1.0671648334419888,1.105986578016209,1.107531874558776
2019-07-26,2019-06-28,0.01837719558528106,-0.009677713123307764,-0.009389713123307764,0.48,-0.002411838384344295,-0.002195838384344295,0.36,-0.012785226787830464,-0.012593226787830465,0.32,0.011014502527922932,0.011446502527922932,0.72,-0.019034749225509122,-0.01884274922550912,0.32,-0.0008574765843214945,-0.0004974765843214946,0.6,0.00443113006676837,0.00455113006676837,0.2,1.093473626983344,1.096534721892416,1.098667336123595,1.0626852985105393,1.0644236242639935,1.0642397913026114,1.0659599120537944,1.033794714255615,1.0367936367669286,1.083884007084883,1.0857752302095223,1.0640713457093043,1.06663394392574,1.1108873483954989,1.112572396172985
2019-08-30,2019-07-26,0.013109368829750133,0.007981257780473894,0.008197257780473893,0.36,0.013833569611291847,0.014001569611291847,0.28,0.01632873403239068,0.01647273403239068,0.24,0.010763590730183905,0.011147590730183905,0.64,0.007978866685764436,0.008098866685764436,0.2,0.026368014965283765,0.026704014965283764,0.56,0.015297181224095159,0.015465181224095159,0.28,1.1078083760650732,1.1052864481730795,1.1076733954927866,1.0773860295623814,1.0793272257350293,1.0816174798014788,1.083519186174247,1.04492205745889,1.0483513879012654,1.0925321730802455,1.0945687790496943,1.092128794877097,1.0951173527268125,1.1278807934834594,1.129778529904726
2019-09-30,2019-08-30,0.004349450306704206,0.011629314474498836,0.011952391397575758,0.5384615384615384,0.016068051345607078,0.01625266673022246,0.3076923076923077,0.006599753382955913,0.006738214921417452,0.23076923076923078,0.00440189033652932,0.004886505721144705,0.8076923076923077,0.005059426772060658,0.005244042156676043,0.3076923076923077,-0.001136465041248941,-0.0008364650412489411,0.5,0.024991661380049462,0.025130122918511,0.23076923076923078,1.112626733546119,1.118140171863286,1.1209127414563982,1.0946975236044294,1.0968691714277563,1.0887558884228627,1.0908201713221684,1.0495216897660447,1.053474162956015,1.0980597596060655,1.1003087438704122,1.0908876286811777,1.0942013253451914,1.1560684083512593,1.1581700032319264
2019-10-25,2019-09-30,0.013105165756585775,0.017073684190771928,0.017273684190771927,0.3333333333333333,0.018807158473438074,0.019007158473438073,0.3333333333333333,0.026698921356039424,0.026698921356039424,0.0,0.012387732016224104,0.012854398682890771,0.7777777777777778,0.01352494336516852,0.01372494336516852,0.3333333333333333,0.020824675746959714,0.021224675746959715,0.6666666666666666,0.0002965721889321438,0.00036323885559881044,0.1111111111111111,1.1272078913144494,1.1372309440386952,1.1402750341577284,1.1152856734113383,1.1177175375937125,1.1178244962637895,1.1199438932898802,1.062522883204081,1.0670159398487762,1.1129109556663082,1.1154104190642333,1.113605009824833,1.1174253936775367,1.1564112660896793,1.1585906955784893
2019-11-29,2019-10-25,-0.003354186117488216,0.0012500224041800654,0.0016580224041800654,0.68,-0.0022085246352904,-0.0017525246352904002,0.76,-0.000663495272734457,-0.0002794952727344571,0.64,-0.00036505531112448293,0.00018694468887551705,0.92,0.0032349284114594518,0.0036429284114594517,0.68,0.008032645378151855,0.008512645378151855,0.8,-0.010472097692831465,-0.009992097692831466,0.8,1.1234270262538795,1.1386525081974703,1.142165635711289,1.1128225375262228,1.1157587100737834,1.1170828249947717,1.119630874265978,1.062135003582376,1.0672154128116764,1.1165111429362176,1.1194737793702803,1.1225502039600892,1.1269376397904554,1.1443012143380973,1.1470139441622633
2019-12-27,2019-11-29,0.0444815871885692,0.059878937411859505,0.060142937411859505,0.44,0.06633920686715736,0.06655520686715735,0.36,0.07060656722753438,0.07075056722753438,0.24,0.040744676978155196,0.041200676978155194,0.76,0.05852783073039558,0.05869583073039558,0.28,0.06643300453938378,0.06674500453938378,0.52,0.03618449727559909,0.03635249727559909,0.28,1.1733988434721863,1.2068338104696836,1.21085883205385,1.1866463020496099,1.1900182618365767,1.1959562085764892,1.1988453937057562,1.1054113512105317,1.1111854103010388,1.181858118118589,1.1851822228313145,1.1971245867554559,1.2021550976738717,1.185707178510779,1.1887107654424962
2020-01-23,2019-12-27,0.012208923458741463,0.027822460187298125,0.028153494670056747,0.5517241379310345,0.026881314322056232,0.027067521218607955,0.3103448275862069,0.05050464183624411,0.05071153838796825,0.3448275862068966,0.02569983240460994,0.026217073783920287,0.8620689655172413,0.03134483519676566,0.03151035243814497,0.27586206896551724,0.03605408260336744,0.036364427430953646,0.5172413793103449,0.043473529880932144,0.04365973677748387,0.3103448275862069,1.1877247801387139,1.2404108961141616,1.2449487397282692,1.2185449142841112,1.2222291063893693,1.2563575485424772,1.2596406879099045,1.133820237674796,1.1403174401905167,1.2189032660569756,1.2225277323761534,1.2402858154928593,1.245870779483984,1.2372540549658029,1.240609564566277
2020-02-28,2020-01-23,0.020087077294582558,0.019176345824208265,0.019457595824208265,0.46875,0.0277732548280605,0.0279045048280605,0.21875,0.028063029032921284,0.028250529032921284,0.3125,0.06236218978565255,0.06283093978565255,0.78125,0.040301802013067635,0.04047055201306764,0.28125,0.06446085400196551,0.06477960400196552,0.53125,0.03566182355482023,0.03583057355482023,0.28125,1.2115826996020511,1.2641974444221629,1.2691724491277594,1.252387872707961,1.2563348043896074,1.2916147469029546,1.2952262037347522,1.2045277505194851,1.2119646566116566,1.2680272641586854,1.2720041045567003,1.3202356983660533,1.3265777952165767,1.2813767907664793,1.2850613168222824
2020-03-27,2020-02-28,-0.016696818946168757,0.050315967482783226,0.05055971748278323,0.40625,0.03937097613940374,0.03944597613940374,0.125,0.03789437767540505,0.03804437767540505,0.25,0.041044488933166874,0.04143823893316687,0.65625,0.027239382622069656,0.027370632622069655,0.21875,0.02586957134304199,0.02613207134304199,0.4375,0.02475606802164839,0.02483106802164839,0.125,1.1913531226284855,1.3278067619275262,1.333341449592591,1.3016956057616245,1.3058921571066624,1.340559683933218,1.3445022786047183,1.2539669764453747,1.262186337630884,1.3025675439823199,1.3068196615962866,1.3543896299545646,1.3612440208032717,1.3130986417600556,1.3169707617922854
2020-04-30,2020-03-27,0.005361956990544411,0.1057165260271593,0.10594878409167542,0.3870967741935484,0.0700691771815959,0.07022401589127332,0.25806451612903225,0.0960845068446751,0.09629741007048155,0.3548387096774194,0.0424402373880469,0.0428660438396598,0.7096774193548387,0.062294899336618983,0.0624497380462964,0.25806451612903225,0.0690255086265296,0.06929647636846509,0.45161290322580644,-0.006445213909780734,-0.00625166552268396,0.3225806451612903,1.19774110683257,1.4681778800338756,1.4746073549559582,1.3929043457982406,1.3975971486996097,1.4693667000597948,1.4739743658682138,1.3071856326024878,1.316291272513589,1.3837108580138455,1.3884302071367245,1.4478770630406756,1.45557343492258,1.3046354401292697,1.3087375010864057
2020-05-29,2020-04-30,-0.032477548924032096,-0.020009042219374832,-0.019814924572316008,0.3235294117647059,-0.04433648293340554,-0.044212953521640834,0.20588235294117646,-0.028833547099727973,-0.02867472357031621,0.2647058823529412,-0.027507094330072722,-0.027083564918308017,0.7058823529411765,-0.02013147825415743,-0.019937360607098605,0.3235294117647059,-0.041597305690421346,-0.04126201157277429,0.5588235294117647,-0.007138525806886965,-0.006944408159828141,0.3235294117647059,1.1588414114370909,1.4388010468467256,1.4453881214437234,1.3311478660428906,1.3358052509221763,1.4269996461068488,1.4317085583772107,1.2712287540995755,1.280641412383065,1.3558547129656984,1.360748573419251,1.3876492782472232,1.3955135470057816,1.2953222663713275,1.2996490937047882
2020-06-24,2020-05-29,0.004223132552955096,0.008264046318161232,0.008447379651494566,0.3055555555555556,-0.01514912043415355,-0.015065787100820217,0.1388888888888889,0.01615779639855333,0.01627446306522,0.19444444444444445,0.009502021210077479,0.009885354543410812,0.6388888888888888,-0.004741945408234326,-0.004608612074900992,0.2222222222222222,-0.0037329596483614167,-0.003482959648361417,0.4166666666666667,0.01021258611080434,0.010329252777471007,0.19444444444444445,1.1637353523254432,1.4506913653404856,1.457597863649319,1.3109821467045404,1.3156802934036251,1.450056815849451,1.45500884643068,1.2833079966838898,1.293301006787446,1.3494253239353178,1.3544774111128868,1.3824692394854485,1.3906530296328188,1.3085508565578872,1.313073497715676
2020-07-31,2020-06-24,0.07508333418281536,0.09928405058163763,0.09940405058163762,0.2,0.05586967647939322,0.056006819336536076,0.22857142857142856,0.07506027368369947,0.07514598796941376,0.14285714285714285,0.07415477502366691,0.07453191788080976,0.6285714285714286,0.04573810900725074,0.04584096615010788,0.17142857142857143,0.09390754194205053,0.09416468479919339,0.42857142857142855,0.0706008404549431,0.07066941188351453,0.11428571428571428,1.2511124826844509,1.5947218802352954,1.6024889954152028,1.3842262951111834,1.3893673619009228,1.5588984773040244,1.5643469236999508,1.3784714124640562,1.3896932112204965,1.4111454864986162,1.4165679642667983,1.512293527576023,1.5216034338332367,1.4009356468089098,1.4058676295590722
2020-08-28,2020-07-31,0.006793071527589063,0.05398050098699232,0.05419588560237694,0.358974358974359,0.10606604152040411,0.10621988767425027,0.2564102564102564,0.11270964208189496,0.11290964208189497,0.3333333333333333,0.03555547980658032,0.036001633652734163,0.7435897435897436,0.08044306234105628,0.0805661392641332,0.20512820512820512,0.004424393212034243,0.004747470135111166,0.5384615384615384,0.015842864393425957,0.016042864393425955,0.3333333333333333,1.2596113792683858,1.6808057662653149,1.6893373056897931,1.5310456988020815,1.5369458070203081,1.734601366722972,1.7409767749468257,1.42748362493387,1.4397244371005486,1.5246623508413246,1.5306953761530269,1.5189845087940337,1.5288272006928425,1.4231304802852196,1.4284217732951958
2020-09-30,2020-08-28,-0.033423242677734194,-0.07420470159001934,-0.07394755873287648,0.42857142857142855,-0.06134835504164687,-0.06120549789878972,0.23809523809523808,-0.09653151524346296,-0.0963743723863201,0.2619047619047619,-0.05057182269855003,-0.05010039412712146,0.7857142857142857,-0.044441887891979476,-0.04424188789197948,0.3333333333333333,-0.06524713829416459,-0.06491856686559316,0.5476190476190477,-0.028270680325429565,-0.028127823182572422,0.23809523809523808,1.217511082459463,1.5560820759488134,1.5644149360576578,1.4371185636869852,1.442876273658173,1.5671576684498219,1.5731912309221658,1.3552931761486309,1.3675936753673632,1.4569034775721126,1.4629745229244933,1.4198751164820556,1.4295779298387266,1.3828976134157012,1.388243378225812
2020-10-30,2020-09-30,0.018460665611766215,0.08829548213310026,0.08852962847456368,0.3902439024390244,0.07935926485192443,0.07954950875436345,0.3170731707317073,0.09101233657153958,0.09111477559592983,0.17073170731707318,0.06853220341297062,0.06898586194955598,0.7560975609756098,0.07309755818096357,0.07325853379071967,0.2682926829268293,0.042379684925924206,0.04265773370641201,0.4634146341463415,0.038658324742808704,0.03889247108427212,0.3902439024390244,1.2399871474313668,1.6934770930833896,1.7029120091269003,1.5511672364062379,1.557656372421007,1.7097883496314463,1.7165321968971237,1.44817440378066,1.461938303859342,1.5633995642879883,1.5701498914471193,1.480048976552725,1.4905604844823508,1.4363581184411804,1.4422355936713915
2020-11-27,2020-10-30,0.006960622801485936,-0.013873481854338572,-0.013573481854338572,0.5,0.0007364054173686282,0.0009711880260642804,0.391304347826087,-0.02847880049190346,-0.028283148317990416,0.32608695652173914,-0.030696170195544083,-0.030252691934674517,0.7391304347826086,-0.009812926464505572,-0.009656404725375137,0.2608695652173913,0.002281164485744687,0.002555077529222948,0.45652173913043476,-0.003091025080322986,-0.0028692859498882033,0.3695652173913043,1.2486182302433273,1.6699826693617592,1.679797563871481,1.5523095243623721,1.559169149638625,1.6610956283389116,1.6679832621796764,1.4037209958093784,1.417710734725185,1.5480580393289902,1.5549878886158022,1.4834252117152,1.4943689820821993,1.4319182994727533,1.4380974073460415
2020-12-31,2020-11-27,-0.00024050585493312623,0.05499386319447986,0.05527471425830965,0.46808510638297873,-0.005107427434055312,-0.00495423594469361,0.2553191489361702,0.025729228015564504,0.025882419504926205,0.2553191489361702,0.05051342386445569,0.05093470046020037,0.7021276595744681,0.04111918994408842,0.0412340835611097,0.19148936170212766,0.0445309298998643,0.044850078836034514,0.5319148936170213,-0.059741396679171034,-0.05963926901959657,0.1702127659574468,1.2483179302483776,1.7618214678177924,1.7726478942262818,1.5443812161114983,1.551444657793628,1.7038343365161008,1.7111547046986062,1.4746277494581335,1.4899214063376227,1.611712931892632,1.6191063891514998,1.549483515829781,1.5613915487387104,1.3463735003317876,1.3523303291929465
2021-01-29,2020-12-31,-0.014464232574607345,-0.03970446458084987,-0.03949630131554375,0.3469387755102041,-0.03762563857776239,-0.037441965108374636,0.30612244897959184,-0.042403691173110554,-0.04224450749964117,0.2653061224489796,-0.046055660797406674,-0.04568831385863116,0.6122448979591837,-0.04785957647318792,-0.0477248825956369,0.22448979591836735,-0.027680842923685906,-0.02732574088286958,0.5918367346938775,-0.054281336188434545,-0.05414664231088352,0.22448979591836735,1.2302619693782124,1.69186928975104,1.7026348588695566,1.4862728866478019,1.4933555210489449,1.6315854715003304,1.6388678169429196,1.4067127940266466,1.4218494095001764,1.5345770335758906,1.541834726819399,1.5065925060152563,1.518725367861174,1.2732905477250784,1.2791061825719767
2021-02-26,2021-01-29,0.006801030596097083,-0.003270445134687104,-0.0030351510170400454,0.39215686274509803,-0.003255618431958012,-0.0031026772554874236,0.2549019607843137,-0.014684680438605976,-0.014555268673900093,0.21568627450980393,-0.005909923329557979,-0.005509923329557979,0.6666666666666666,-0.015616045230062306,-0.015463104053591718,0.2549019607843137,-0.014442464787741008,-0.014136582434799832,0.5098039215686274,0.016108555865621297,0.01632032057150365,0.35294117647058826,1.2386290186731683,1.686336124063847,1.6974671049460108,1.481434149243112,1.4887221208394297,1.607626160243076,1.6150136555463073,1.398399229267241,1.414015128267653,1.5106130092105545,1.5179931760051495,1.4848335967976565,1.4972557815025829,1.2938014196462755,1.2999816055165436
2021-03-26,2021-02-26,0.002326765049542622,0.043606269035058993,0.043870269035058994,0.44,0.055899653549542704,0.056031653549542704,0.22,0.03563639678039556,0.03574439678039556,0.18,0.01323013393538509,0.01363813393538509,0.68,0.009322829410101761,0.009430829410101762,0.18,0.013464504149152469,0.013824504149152468,0.6,0.05351716258520249,0.05360116258520249,0.14,1.2415110173831663,1.7598709507733137,1.771935443518155,1.5642458049422634,1.5721376829458449,1.6649161639640422,1.6727413444559116,1.4169002383655858,1.433299655973628,1.524696196600105,1.5323091106937525,1.5048261449225397,1.5179546002663078,1.363042000574451,1.3696621309116084
2021-04-30,2021-03-26,0.014005989189537549,0.037179242334950784,0.03746159527612725,0.47058823529411764,0.003206021727903129,0.003382492316138423,0.29411764705882354,0.038438933707807946,0.038627169001925594,0.3137254901960784,0.03088542343034924,0.03137954107740806,0.8235294117647058,0.055622162156905464,0.05572804450984664,0.17647058823529413,0.03315209886819261,0.03356386357407497,0.6862745098039216,0.03713276338125097,0.03728570455772155,0.2549019607843137,1.2588996072713265,1.825301619330355,1.8383149719586571,1.5692608109806896,1.577455426578321,1.7289137660197138,1.7373546070647183,1.4606618021860698,1.4782759414044873,1.609503095687413,1.6177017010173376,1.554714290058453,1.5689030213812856,1.4136555166604892,1.4207309484686779
2021-05-28,2021-04-30,0.03067817984640709,0.05906589037185756,0.059416833768083974,0.5849056603773585,0.035803168293195096,0.03597297961394982,0.2830188679245283,0.0712045629449274,0.07136305351096514,0.2641509433962264,0.05859056589290795,0.05908867910045512,0.8301886792452831,0.04704029599174068,0.04722142806721238,0.3018867924528302,0.047262750620514694,0.04763633552617507,0.6226415094339622,0.04178959154757346,0.041936761358894216,0.24528301886792453,1.2975203558317676,1.9331146846732958,1.9475418270609046,1.6254453198921472,1.6342011984805374,1.8520203150986159,1.8613375368561995,1.5462428037543066,1.56562531412806,1.6852145977081718,1.6940918855261347,1.6281943638356362,1.6436398121158342,1.472731603290705,1.4803118032098042
2021-06-25,2021-05-28,0.0023428875638619494,0.0264922421535373,0.026725575486870632,0.3888888888888889,0.014191180877970609,0.01430229198908172,0.18518518518518517,0.022505382356030196,0.022627604578252417,0.2037037037037037,0.02496347591988012,0.025341253697657898,0.6296296296296297,0.024584313416088924,0.024684313416088923,0.16666666666666666,0.028837296768518247,0.02914840787962936,0.5185185185185185,0.02037116570845908,0.020504499041792412,0.2222222222222222,1.3005603001373036,1.98432722701022,1.9995910031738588,1.6485123084339877,1.657574021190113,1.8937007404210457,1.9034551466268401,1.584842398752115,1.6053002224088544,1.7266444415515978,1.735909380584115,1.675147087902393,1.6915492957665839,1.5027328628254246,1.5106648551602735
2021-07-30,2021-06-25,0.027965540058235882,0.10603634885126091,0.10624745996237202,0.35185185185185186,0.05050257512855294,0.05063590846188627,0.2222222222222222,0.08805140190206137,0.08819584634650582,0.24074074074074073,0.077711194286489,0.07814452761982232,0.7222222222222222,0.09849252293405572,0.09863696737850017,0.24074074074074073,0.1274318459826935,0.12774295709380462,0.5185185185185185,0.01759388950572726,0.017738333950171704,0.24074074074074073,1.3369311713089447,2.194738041088531,2.2120424682246926,1.7317664251410196,1.7415067875958965,2.06044374539809,2.0713319842662066,1.7080023943150058,1.73074564997699,1.8967060088100782,1.9071342175288228,1.8886141736063284,1.90763280487775,1.5291717787706003,1.5374615328478942
2021-08-27,2021-07-30,0.03119743417284855,0.08357312621567826,0.08379130803386008,0.36363636363636365,0.033993186947437366,0.03415682331107373,0.2727272727272727,0.08563131779454018,0.08576222688544927,0.21818181818181817,0.06153196319157029,0.061913781373388474,0.6363636363636364,0.07379630092321914,0.0739599372868555,0.2727272727272727,0.08067386754013914,0.08091386754013914,0.4,0.04892658898959134,0.049090225353227705,0.2727272727272727,1.3786399935194846,2.378159160406773,2.3973924000636884,1.7906346849801338,1.8009911272348453,2.236882258558047,2.2489740278559327,1.8130991347731107,1.8379026577626085,2.036675896199105,2.048185744654871,2.0409759832822747,2.061986752966852,1.6039889378849919,1.6129358659673163
2021-09-30,2021-08-27,0.0022146194384976086,-0.025022864891931087,-0.02480857917764537,0.35714285714285715,-0.016599996775548742,-0.016492853918405884,0.17857142857142858,-0.014822757263764213,-0.01472632869233564,0.16071428571428573,-0.022727254960795834,-0.022298683532224407,0.7142857142857143,0.0021701189499637977,0.002266547521392369,0.16071428571428573,-0.030725763483232034,-0.03051147776894632,0.35714285714285715,0.007927198500111001,0.008045055642968145,0.19642857142857142,1.381693156447823,2.318650805044406,2.337916500886823,1.7609101549832777,1.7712876436650158,2.2037254958118204,2.2158548971012,1.7718923684679238,1.796919848034126,2.0410957251563815,2.0528280549777693,1.9782654379449864,1.9990724899938421,1.6167040765875884,1.6259120247575622
2021-10-29,2021-09-30,0.0011502446692329524,0.027560648877855993,0.02776422030642742,0.3392857142857143,0.013989924657326595,0.014118496085898024,0.21428571428571427,0.024899098906758624,0.025016956049615766,0.19642857142857142,0.010463443564100752,0.01089201499267218,0.7142857142857143,0.02743314220483763,0.02758314220483763,0.25,0.005518049577951062,0.005839478149379633,0.5357142857142857,-0.0017080340740697536,-0.0016008912169268965,0.17857142857142858,1.3832824416355427,2.382554325752593,2.4028269296754767,1.785545155379815,1.7962955613290998,2.2585962748953845,2.271288841674307,1.7904324642670486,1.8164919259595438,2.097089394438283,2.1094515031403014,1.9891816047099138,2.010746030118187,1.6139426909370893,1.623309116477632
2021-11-26,2021-10-29,0.045543567561898805,0.10938810376939792,0.10957024662654077,0.30357142857142855,0.0793193833847573,0.07943724052761444,0.19642857142857142,0.14029770175160625,0.14036198746589196,0.10714285714285714,0.09628400362465513,0.0966804321960837,0.6607142857142857,0.07046058256369217,0.07059986827797789,0.23214285714285715,0.10085834118450121,0.10113691261307264,0.4642857142857143,0.060761326628268046,0.0608684694854109,0.17857142857142858,1.4462820589733592,2.6431774255742457,2.666105268960912,1.9271734961101823,1.9389883238930858,2.5754721414479462,2.590091457600816,1.9628224701462371,1.992111150442009,2.2448515348585447,2.258378501400789,2.18980716167568,2.214106675653333,1.7120079899404237,1.7221174578993401
2021-12-31,2021-11-26,0.02263629090203484,0.025665487402021157,0.025869058830592585,0.3392857142857143,0.032971553089353865,0.03313226737506815,0.26785714285714285,0.018417269185782282,0.018567269185782283,0.25,0.015646919293689637,0.016075490722261065,0.7142857142857143,0.008437559681164105,0.008608988252592676,0.2857142857142857,0.03089592641236957,0.031174497840941,0.4642857142857143,0.04045088139907348,0.040579452827644906,0.21428571428571427,1.479020520386674,2.7110158624916285,2.735074903012215,1.990715399349575,2.003231403477447,2.622905305157476,2.6381823829098856,1.9935345949244558,2.0241353147586523,2.2637926036592666,2.277820855389256,2.2574632826000918,2.2831303394331006,1.7812602220957698,1.79200004204583
2022-01-28,2021-12-31,-0.023600051057857948,-0.06844743012384323,-0.06820532486068534,0.40350877192982454,-0.047964409071600315,-0.04773283012423189,0.38596491228070173,-0.07952245333792579,-0.07938561123266263,0.22807017543859648,-0.05502150941014694,-0.05461098309435747,0.6842105263157895,-0.042688364352353125,-0.0424988906681426,0.3157894736842105,-0.05955308673392262,-0.05923729726023841,0.5263157894736842,0.0044761401816284015,0.004665613865838928,0.3157894736842105,1.444115560589929,2.525453793679102,2.548528230733959,1.8952319115900378,1.9076114991957314,2.414325440418293,2.428748661899342,1.8838473124503665,1.9135952953036754,2.1671550001760975,2.181015995894453,2.1230243759327627,2.147883868832233,1.7892333925498292,1.800360822289583
2022-02-25,2022-01-28,-0.008513401807311183,0.00693782939810475,0.007217139742932336,0.46551724137931033,0.011210749727213417,0.011407301451351349,0.3275862068965517,0.013410453019459553,0.013534590950494035,0.20689655172413793,-0.0038027888211391333,-0.003399340545277064,0.6724137931034483,-0.003830982059764607,-0.0036861544735577105,0.2413793103448276,0.015305923704043411,0.01557488922128479,0.4482758620689655,0.0038933226982134223,0.004048495112006526,0.25862068965517243,1.4318212245664363,2.5429749612524444,2.5669213151139743,1.9164788822259018,1.9293721986191215,2.4467026383107084,2.4616207815597093,1.8766834389498472,1.9070903332290983,2.158852668249694,2.1729764340242856,2.155519225052614,2.18133692214948,1.7961994555294447,1.8076495742784706
2022-03-25,2022-02-25,-0.05926682023406278,-0.07464441238597332,-0.07440648135149056,0.39655172413793105,-0.056095328865124895,-0.055929811623745586,0.27586206896551724,-0.10093321587537893,-0.10082976759951685,0.1724137931034483,-0.05559865888909147,-0.0551952106132294,0.6724137931034483,-0.06230283240133846,-0.062178694470303976,0.20689655172413793,-0.10598082986406454,-0.10570151951923695,0.46551724137931033,-0.04396987061345349,-0.0438353878548328,0.22413793103448276,1.3469617334427417,2.3531560895575123,2.3759257321502028,1.8089733690643728,1.8214627749982621,2.1997490727352345,2.2134161302369026,1.7723423565848677,1.8018280806280644,2.0243500322805508,2.0378635962419187,1.9270755087935925,1.9507662948948643,1.7172207978738594,1.7284105540843506
2022-04-29,2022-03-25,-0.0078104142043400274,-0.06543515061909919,-0.06521790923978885,0.3620689655172414,-0.04754956920402998,-0.047404741617823085,0.2413793103448276,-0.08243912463095414,-0.08234602118267828,0.15517241379310345,-0.0282041089512597,-0.02780066067539763,0.6724137931034483,-0.0474610031076602,-0.04734721000421192,0.1896551724137931,-0.049249342402067554,-0.048970032057239966,0.46551724137931033,-0.01917363049602834,-0.018987423599476617,0.3103448275862069,1.336441404387158,2.199176966407066,2.220972823390352,1.722957464663799,1.7351168027829866,2.018403684771189,2.031150118690333,1.7223550196608157,1.7517360695631206,1.9282723491074916,1.9413764405907141,1.8321683072263781,1.8552372068976797,1.684295440815331,1.695592490740145
2022-05-27,2022-04-29,0.020357016231745514,0.05115705358038078,0.05140705358038078,0.4166666666666667,0.048332934643457656,0.04849293464345766,0.26666666666666666,0.07990188889106857,0.08001188889106857,0.18333333333333332,0.049946292117313336,0.05031629211731334,0.6166666666666667,0.053745913800438784,0.05394591380043878,0.3333333333333333,0.04305959887881674,0.04340959887881674,0.5833333333333334,0.031932820885417344,0.032072820885417345,0.23333333333333334,1.363647363749044,2.311680380310291,2.3351464923229495,1.8062330551968517,1.8192577084991073,2.1796779517291,2.1936662763080648,1.8083802666025157,1.8398769333516927,2.0319091085663925,2.0461057667090237,1.9110607396140267,1.9357723098741644,1.7380797454450119,1.7499749249903123
2022-06-24,2022-05-27,0.03003915708617989,0.11980889864469907,0.1200411567092152,0.3870967741935484,0.07115053038917651,0.07127633684078942,0.20967741935483872,0.13421762289154923,0.13430471966574278,0.14516129032258066,0.07443418394487898,0.07485031297713704,0.6935483870967742,0.0943462656517446,0.09445271726464782,0.1774193548387097,0.10133067184483648,0.10160163958677196,0.45161290322580644,0.028960555511930247,0.029057329705478634,0.16129032258064516,1.4046101811188567,2.5886402606938264,2.6154601783468627,1.9347474950805703,1.9489277337302924,2.4722291450793006,2.4882860105878133,1.9429855760090966,1.9775922976524818,2.223612145103397,2.239366016185557,2.1047098082954063,2.1324499504240526,1.7884155003971338,1.8008245233620759
2022-07-29,2022-06-24,0.020537202187764964,0.061949961539855124,0.062162864765661574,0.3548387096774194,0.03210015844496634,0.03224531973528892,0.24193548387096775,0.042857216747794455,0.04295399094134284,0.16129032258064516,0.04043747528791725,0.040863281739530154,0.7096774193548387,0.04019351231450824,0.040319318766121146,0.20967741935483872,0.08169228797404621,0.0819922879740462,0.5,0.026164343052929532,0.026270794665832757,0.1774193548387097,1.433456944403488,2.7490064252843296,2.778044675713412,1.9968531962236582,2.011771531645398,2.578182005400179,2.5951678253460724,2.021555007223744,2.05840320887738,2.3129869272403005,2.329655728426161,2.2766483680564744,2.3072944008494622,1.835208217070701,1.848133614644517
2022-08-26,2022-07-29,-0.008966844452452067,-0.0447050735687868,-0.04449851619173762,0.3442622950819672,-0.024174895008789405,-0.0240765343530517,0.16393442622950818,-0.057625867256535984,-0.05754717873194582,0.13114754098360656,-0.038325532236133615,-0.037951761744330334,0.6229508196721312,-0.035926945105928025,-0.035779404122321466,0.2459016393442623,-0.04921231854157814,-0.04895658083666011,0.4262295081967213,-0.008987267011933892,-0.008839726028327334,0.2459016393442623,1.4206033589537346,2.6261118908009258,2.654425809729808,1.9485794798569855,1.963335045253246,2.4296120313937988,2.445823238661487,1.944077835627273,1.9802831807203007,2.2298883728746093,2.24630203465292,2.164609223360515,2.1943371560003024,1.8187147108013915,1.8317966198273172
2022-09-30,2022-08-26,-0.03933768899755785,-0.07047288362397046,-0.07021159330138982,0.43548387096774194,-0.05383448338836851,-0.05368932209804593,0.24193548387096775,-0.09266016315322513,-0.09252467928225738,0.22580645161290322,-0.0567809618755424,-0.05637451026263918,0.6774193548387096,-0.06479507837912894,-0.06464023966945152,0.25806451612903225,-0.06672004001765597,-0.06639100775959145,0.5483870967741935,-0.034218514520138216,-0.034083030649170475,0.22580645161290322,1.3647201058303264,2.441042213136987,2.4680543443283463,1.843678710217709,1.857924917622263,2.2044837841658107,2.2195242279232406,1.8336912261594338,1.8686456862258525,2.0854025809774908,2.101100532762979,2.0201864093553143,2.0486529008491265,1.756480995061845,1.7693634394906959
2022-10-28,2022-09-30,-0.0077447933624856065,0.006643022899048796,0.006890641946667843,0.4126984126984127,0.006110234867975526,0.00622452058226124,0.19047619047619047,-0.01031803745078659,-0.010213275546024686,0.1746031746031746,0.00873469645532427,0.00912517264580046,0.6507936507936508,-0.00026370572728841215,-0.00018751525109793598,0.12698412698412698,0.0025423431373803175,0.00289472408976127,0.5873015873015873,0.003412201364218563,0.0035455346975518964,0.2222222222222222,1.354150630613041,2.457258112456401,2.485060823120031,1.8549440201582255,1.8694896095122988,2.181737837921136,2.1968556154023826,1.849707962412728,1.8856974007264935,2.084852648373185,2.100706544368996,2.025322416409368,2.0545831857527737,1.762474461909419,1.7756367789579899
2022-11-25,2022-10-28,0.002824094433833328,0.011234476882998357,0.01145601534453682,0.36923076923076925,0.019854436166765084,0.019928282320611237,0.12307692307692308,0.0034856937793538456,0.0035595399331999995,0.12307692307692308,0.018371810953294675,0.018731810953294674,0.6,0.0008918595826638055,0.0010395518903561132,0.24615384615384617,-0.0024318102630559914,-0.0021087333399790686,0.5384615384615384,0.003383291304111217,0.0034848297656496787,0.16923076923076924,1.3579748798715272,2.4848641219163525,2.5135297180418017,1.8917728877993798,1.9067453262461092,2.1893427079309586,2.2046754106928823,1.8836904474169784,1.921019927952021,2.086712044186079,2.102890337828278,2.0203972165711463,2.0502506176892163,1.7684374264301153,1.7818245708582852
2022-12-30,2022-11-25,-0.01995833817956912,-0.04555562619143603,-0.04531017164598148,0.4090909090909091,-0.033539200570227454,-0.03340283693386382,0.22727272727272727,-0.05265200832585556,-0.05254291741676465,0.18181818181818182,-0.03858369552473354,-0.038165513706551725,0.696969696969697,-0.03909273644249503,-0.038956372806131394,0.22727272727272727,-0.04133029939266527,-0.040975753938119815,0.5909090909090909,-0.020968919734606246,-0.020850737916424427,0.19696969696969696,1.3308719579796915,2.3716645808418204,2.399641255080052,1.828324337482158,1.8430546230391034,2.0740694174448264,2.0888353326580744,1.8110107087309928,1.8477032155612092,2.005136760211333,2.020969357857428,1.9368935947181531,1.966240052867305,1.7313552039796285,1.7446722137182735
2023-01-20,2022-12-30,0.044494932233683095,0.07064308516803418,0.0708848762128103,0.40298507462686567,0.05355062974418588,0.05373868944567842,0.31343283582089554,0.09466370658174161,0.09478907971606997,0.208955223880597,0.059863328943421966,0.06028422446581003,0.7014925373134329,0.06218009362394428,0.062314421982153236,0.22388059701492538,0.07134153154913862,0.07176242707152668,0.7014925373134329,0.0430864788807409,0.04318498634342747,0.16417910447761194,1.3900890155617072,2.539206283816239,2.5697395284015543,1.9262322571309491,1.9420979630580235,2.2704085162079877,2.2868341115191444,1.9194238385078162,1.9590905709543,2.129816351690086,2.146904895235957,2.0750745502130625,2.10734221126631,1.8059532034109573,1.8200158594414546
2023-02-24,2023-01-20,-0.011161840345549453,-0.009396914172607162,-0.00916750240790128,0.38235294117647056,-0.0013050812476770681,-0.0012168459535594211,0.14705882352941177,0.006714856481433136,0.006785444716727254,0.11764705882352941,-0.008697832293796469,-0.008291949940855293,0.6764705882352942,-0.012600657861575899,-0.012468304920399428,0.22058823529411764,-0.012638081054893262,-0.012311610466657968,0.5441176470588235,0.011978225219096047,0.012092931101448988,0.19117647058823528,1.3745730639039053,2.5153455803006732,2.546181435087254,1.923718367533497,1.9397347290102605,2.285653983548548,2.302351297959184,1.90272901185976,1.9428458900103456,2.1029792645344494,2.120136630367057,2.0488495898525234,2.0813974348412536,1.8275853176165617,1.8420251858332246
2023-03-31,2023-02-24,0.0023779952099818886,-0.008392337675409511,-0.0081236809589916,0.44776119402985076,0.010837018192899683,0.010971346551108638,0.22388059701492538,-0.007559312527956561,-0.007433939393628203,0.208955223880597,-0.004730352032558072,-0.00425572516688643,0.7910447761194029,-0.005255913669815539,-0.005202182326531957,0.08955223880597014,0.0004890527385380875,0.000874127365403759,0.6417910447761194,0.009946245859070597,0.010017887650115373,0.11940298507462686,1.377841792065639,2.4942359508204412,2.525497069444898,1.9445657384804726,1.9610162309394525,2.2683760107561355,2.285235757947314,1.8937284338111018,1.9345776718608467,2.091926187070644,2.1091072930587282,2.0498515853552934,2.0832168412973298,1.8457629305140038,1.8604783871935846
2023-04-28,2023-03-31,0.005579360817443649,-0.014812040257377583,-0.014575676621013946,0.3939393939393939,-0.01715724774586467,-0.017011793200410123,0.24242424242424243,-0.03320266755751427,-0.03304812210296881,0.25757575757575757,0.002578939358642552,0.0030425757222789156,0.7727272727272727,-0.017477129206379987,-0.017404401933652714,0.12121212121212122,-0.004321212109644211,-0.003939393927826029,0.6363636363636364,-0.005204716374501848,-0.00507744364722912,0.21212121212121213,1.3855292685729264,2.4572912275054906,2.4886862408533506,1.9112023423472428,1.927655828356063,2.193059876175559,2.2097130075846008,1.898612244603638,1.9404637709181134,2.0553653228090005,2.072399542009136,2.0409937418616826,2.0750102295223782,1.836156257966109,1.8510319130257213
2023-05-26,2023-04-28,-0.011117112647700109,-0.023785315879861085,-0.02352943352691991,0.4264705882352941,-0.020210675233933308,-0.0200871458221686,0.20588235294117646,-0.031643050039537074,-0.03151952062777237,0.20588235294117646,-0.020381919532111645,-0.019949566590935174,0.7205882352941176,-0.017004096762998414,-0.016792332057116062,0.35294117647058826,-0.018847583910652468,-0.018521113322417175,0.5441176470588235,-0.016065311631401874,-0.015959429278460696,0.17647058823529413,1.3701261836175156,2.398843779450461,2.4301288633798315,1.8725756524997301,1.8889347246369215,2.1236647727740348,2.140063912860581,1.8599148826114447,1.9017523597028854,2.0204156919766447,2.0375991207447033,2.002525941050828,2.0365787299162195,1.8066578354779348,1.8214905001176134
2023-06-30,2023-05-26,0.0041282437128267605,0.02436156770075654,0.02459299627218511,0.38571428571428573,0.02366271003726031,0.023799852894403166,0.22857142857142856,0.030171547484898035,0.030291547484898033,0.2,0.017820287409266777,0.01822314455212392,0.6714285714285714,0.012364667013507625,0.012493238442079054,0.21428571428571427,0.017000761361597616,0.01728361850445476,0.4714285714285714,0.0012218301169052636,0.001333258688333835,0.18571428571428572,1.375782398420814,2.4572833745870817,2.4898930134578614,1.916885867187665,1.9338910932104103,2.1877390253077915,2.204889760497714,1.8930591003763533,1.9364082678560939,2.0453974592368014,2.0630553324095375,2.036570406695042,2.071778179738378,1.8088652644322647,1.8239190181526128
2023-07-28,2023-06-30,0.01698042785504611,0.0015307895581126599,0.0017725806028887792,0.40298507462686567,0.00876642643428918,0.008909710016378733,0.23880597014925373,-0.013333268514503572,-0.013225805827936409,0.1791044776119403,0.0012431428834620663,0.00168194885361132,0.7313432835820896,0.0035762611401066943,0.0036837238266738586,0.1791044776119403,-0.009057206740405124,-0.008716908232942439,0.5671641791044776,0.01906449681804216,0.01921673562401231,0.2537313432835821,1.3991437721814408,2.4610449583182237,2.494306549516785,1.9336901061252945,1.9511215020541726,2.1585693134437043,2.1757283166533656,1.8954124433249593,1.939665207522338,2.0527123346863427,2.070655058493281,2.018124767480214,2.053718679466586,1.8433503705103007,1.8589687877240597
2023-08-25,2023-07-28,-0.022787977742302,-0.04156293316505546,-0.0412992968014191,0.4393939393939394,-0.03816009359883434,-0.038023729962470706,0.22727272727272727,-0.0591673847276716,-0.059021930182217054,0.24242424242424243,-0.03566778942877813,-0.03527688033786904,0.6515151515151515,-0.03707246529017584,-0.036927010744721295,0.24242424242424243,-0.04432096165527138,-0.04386641620072592,0.7575757575757576,-0.016662521306349563,-0.016562521306349564,0.16666666666666666,1.3672601150426897,2.3587567111994465,2.391293443014568,1.8599003106844134,1.8769325849360945,2.0308524124138345,2.047312631852378,1.8278072714157587,1.8712398701010446,1.9766132279079676,1.994191956899688,1.92867953704517,1.9636294011138995,1.8126355056866055,1.828179577569541
2023-09-28,2023-08-25,0.0009997667293597044,0.0029722619945088107,0.0032457914062735166,0.45588235294117646,0.0073873965361903205,0.00755504359501385,0.27941176470588236,0.0020307848980372738,0.0021631378392137444,0.22058823529411764,0.009817382409913106,0.010205617704030754,0.6470588235294118,0.0048817752133755755,0.004996481095728517,0.19117647058823528,0.0043946214070723875,0.004782856701190034,0.6470588235294118,0.0010230908008042143,0.0011377966831571556,0.19117647058823528,1.36862705621609,2.365767554126437,2.399055082721783,1.8736401317972229,1.8911128924401885,2.034976636823107,2.0517412512750384,1.845751554370867,1.8903370288478363,1.986262609370399,2.004155899313591,1.9371553534260513,1.9730211591536708,1.8144899963976846,1.8302596742291153
2023-10-27,2023-09-28,-0.019947627201165736,-0.021550111937888524,-0.02126677860455519,0.4722222222222222,-0.024959547114075685,-0.02481788044740902,0.2361111111111111,-0.041091532153064964,-0.04099153215306496,0.16666666666666666,-0.03209888650897044,-0.03167388650897044,0.7083333333333334,-0.01882692815175181,-0.018676928151751808,0.25,-0.019900604959286063,-0.019525604959286062,0.625,-0.02194851473446859,-0.02184851473446859,0.16666666666666666,1.3413261939212626,2.3147849985159876,2.348034909417406,1.8268749226528072,1.8441794787630539,1.9513563289203544,1.9676372338036279,1.7865049847033607,1.8304627083324057,1.9488673859332715,1.9667244235772017,1.8986047899927534,1.9344967274237237,1.7746646359762042,1.7902712187688168
2023-11-24,2023-10-27,-0.01180085237222374,0.003798167166307067,0.003973167166307067,0.2916666666666667,0.00199278757303821,0.0020594542397048767,0.1111111111111111,-0.002069728327872236,-0.0019780616612055696,0.1527777777777778,0.0037091027290525273,0.004125769395719194,0.6944444444444444,-0.012110813811677916,-0.011935813811677916,0.2916666666666667,0.0005903207233019365,0.0008236540566352699,0.3888888888888889,-0.0075523147620998685,-0.0074939814287665356,0.09722222222222222,1.325497401523801,2.323576938894411,2.357364044624846,1.8305154962961647,1.847977482009369,1.9473175514486152,1.9637451260282803,1.79313131521759,1.838014775354449,1.9252650158785822,1.9432499670385046,1.8997255757456466,1.936090083500814,1.7612618100481445,1.776854959502908
2023-12-29,2023-11-24,-0.0007116327535175742,0.0009196386507661203,0.0011731597775266837,0.4225352112676056,-0.0022466583327614277,-0.0020776442482543854,0.28169014084507044,-0.005284012019058013,-0.005140350047227027,0.23943661971830985,-0.004110703571173982,-0.0037473232894838413,0.6056338028169014,0.0010257599041978431,0.0011525204675781248,0.2112676056338028,-0.0011533536157873623,-0.0009082831932521511,0.4084507042253521,-0.002059788926394328,-0.002000633996816863,0.09859154929577464,1.3245541341581741,2.325713790055447,2.3601296093029873,1.826402953403162,1.8441380422229687,1.937027902101838,1.953650788676959,1.7857602839165414,1.831127139780348,1.9272398755368254,1.945489602399137,1.8975345203838565,1.9343315654173479,1.757633982475326,1.773300123063514
2024-01-26,2023-12-29,-0.020892582336175875,-0.05375840192454511,-0.05352361931584946,0.391304347826087,-0.034881086626846795,-0.03472456488771636,0.2608695652173913,-0.07213430199850787,-0.07201256286807309,0.2028985507246377,-0.03932322813261987,-0.03888844552392422,0.7246376811594203,-0.044204721023289394,-0.044091677545028525,0.18840579710144928,-0.05645929316016345,-0.05608538011668519,0.6231884057971014,-0.01854122396401295,-0.01848905005096947,0.08695652173913043,1.2968807778515523,2.2006871333681897,2.2338069305585897,1.7626960337699775,1.7801011511138911,1.7973017464320877,1.8129633884350989,1.7155384248819192,1.7599174517576206,1.842046774493761,1.8597097021829485,1.7904010626159743,1.8258438442992133,1.725045297159491,1.7405134883328024
2024-02-23,2024-01-26,0.012156407177177836,0.0035568379665416525,0.0038139808236845097,0.42857142857142855,-0.002172322893408184,-0.0020351800362653273,0.22857142857142856,0.005799106952026905,0.0058933926663126196,0.15714285714285714,0.003885267753655563,0.00426241061079842,0.6285714285714286,-0.0034209881621429126,-0.0032838453050000557,0.22857142857142856,-0.0029327412915304348,-0.0025384555772447206,0.6571428571428571,0.004758368347899818,0.004852654062185532,0.15714285714285714,1.3126461886473708,2.2085146209166333,2.242326627355554,1.7588668888216992,1.7764783247886111,1.8077244914847121,1.8236478935727958,1.72220375100427,1.7674189425781217,1.8357451542841043,1.853602703208772,1.7851502794912404,1.821209020809474,1.733253698100188,1.7489595981822494
2024-03-29,2024-02-23,0.0008631977461321784,0.001164322941056251,0.0013957515124848224,0.38571428571428573,0.0009325415525884676,0.0010096844097313247,0.12857142857142856,0.00892274498132137,0.009077030695607084,0.2571428571428571,-0.00029729664443310384,0.00013127478413832474,0.7142857142857143,-0.01109536082146402,-0.011018217964321163,0.12857142857142856,0.0011769230599100015,0.0015197802027671443,0.5714285714285714,-0.005954125338862126,-0.005825553910290698,0.21428571428571427,1.3137792618788802,2.2110860451554246,2.2454563581371705,1.7605071052809975,1.7782720072573759,1.823854356118719,1.8402012014807354,1.7216917456080663,1.7676509601182908,1.8153768994210682,1.8331793046055629,1.7872512640205782,1.8239768582244011,1.7229336883376534,1.7387709397561184
2024-04-30,2024-03-29,0.018655615156474775,0.02521291265737475,0.025486442069139456,0.45588235294117646,0.031520179033283184,0.031634884915636124,0.19117647058823528,0.016649646928979616,0.016817293987803145,0.27941176470588236,0.025700349150038077,0.026141525620626313,0.7352941176470589,0.014542457483510516,0.014648339836451692,0.17647058823529413,0.04050375891644438,0.040883170681150265,0.6323529411764706,0.010943793921969836,0.011040852745499248,0.16176470588235295,1.33828862218905,2.2668339644898685,2.302685051527614,1.8159986044288214,1.8345274375556602,1.8542208871979773,1.8711484060827455,1.765939824598932,1.8138600529805478,1.841776940797446,1.8600323380405752,1.859641658341578,1.8985468154376577,1.74178911956404,1.757968453660119
2024-05-31,2024-04-30,0.01623340114029148,0.013473423979700277,0.013800696706973004,0.5454545454545454,0.015920611867066097,0.016056975503429733,0.22727272727272727,0.009851974144426331,0.01006106505351724,0.3484848484848485,0.01623506743359922,0.016735067433599222,0.8333333333333334,0.013790236065397993,0.014062963338125267,0.45454545454545453,0.01019554744796923,0.010531911084332867,0.5606060606060606,0.021989533983476327,0.022080443074385416,0.15151515151515152,1.3600135982345327,2.2973759795850253,2.3344637095354273,1.8449104133610663,1.863984399680861,1.8724886234367069,1.8899741519211293,1.794609976734974,1.8442151232822892,1.8671754795908495,1.8861899046181674,1.8786017231054195,1.9185421416872905,1.7800902506007428,1.7967851760277267
2024-06-28,2024-05-31,-0.026752988926523502,-0.03977373530320248,-0.03950100803047521,0.45454545454545453,-0.03978752343642285,-0.03960570525460467,0.30303030303030304,-0.04914086053964207,-0.0489772241760057,0.2727272727272727,-0.04477447683898219,-0.04435629502080037,0.696969696969697,-0.0518509407104572,-0.051760031619548105,0.15151515151515152,-0.033554282034302704,-0.03319973657975725,0.5909090909090909,-0.05924287464582901,-0.059170147373101736,0.12121212121212122,1.323629169501043,2.206000755481075,2.2422500397982152,1.7715059970513622,1.7901599829479193,1.7804729211303374,1.7974084641956318,1.7142572538966474,1.7624125731921583,1.770360674502565,1.7885606555146585,1.8155665910582133,1.8548470479661092,1.6746325870261407,1.6904691323643615
2024-07-26,2024-06-28,-0.033789450152910946,-0.05704380698671595,-0.05678666412957309,0.42857142857142855,-0.04883415816624198,-0.04864368197576579,0.31746031746031744,-0.06465084348134233,-0.06444131967181851,0.3492063492063492,-0.05178323973285128,-0.05139276354237509,0.6507936507936508,-0.0415765742709875,-0.04136705046146369,0.3492063492063492,-0.04736895320226363,-0.04702609605940648,0.5714285714285714,-0.04707765363244927,-0.046972891727687364,0.1746031746031746,1.2789044676572485,2.080162074172863,2.114920139893672,1.68499599299891,1.7030800100516585,1.6653638449835717,1.6815810907735687,1.625487459554338,1.671837320553985,1.6967551424326737,1.714573176624595,1.7295651021707834,1.7676208325129485,1.5957948141325116,1.6110629088408126
2024-08-30,2024-07-26,-0.015993870549005643,-0.011449567292584686,-0.01126569632484275,0.3064516129032258,-0.012751804767344208,-0.012587288638311949,0.27419354838709675,-0.0037826948244311606,-0.00363753353410858,0.24193548387096775,-0.007327648462702013,-0.00690184201108911,0.7096774193548387,-0.01171423739008534,-0.011598108357827276,0.1935483870967742,-0.01958127338300692,-0.01929095080236176,0.4838709677419355,-0.012517646267958298,-0.01243054949376475,0.14516129032258066,1.2584498351569935,2.056345118525138,2.091094091846336,1.6635092530624307,1.681642850390999,1.6590642817863575,1.6754642831655568,1.6135764588701933,1.6602985634992788,1.6768789499013692,1.6946873711346788,1.695698015071469,1.7335217459957115,1.5758192191329585,1.5910365116148983
2024-09-27,2024-08-30,0.03215780402913178,0.03813218521527286,0.038379804262891906,0.4126984126984127,0.03853342103699557,0.03873342103699557,0.3333333333333333,0.04242940798841169,0.04259131275031645,0.2698412698412698,0.03405278755765342,0.03442421612908199,0.6190476190476191,0.038639070179565874,0.03880097494147063,0.2698412698412698,0.03148859531005913,0.031840976262440084,0.5873015873015873,0.04702839757642569,0.047123635671663784,0.15873015873015872,1.2989188183364653,2.134758051451261,2.171349873786688,1.7276099555096234,1.746778630949047,1.7294573970772722,1.7468245064518457,1.6685232352321309,1.7174530400879824,1.7416719933292448,1.7604428933557021,1.749093163636125,1.7887187707603847,1.6499274718789159,1.6660119365285537
2024-10-25,2024-09-27,0.0439335773638236,0.04935296063369025,0.04965772253845215,0.5079365079365079,0.035777416262542924,0.03587265435778102,0.15873015873015872,0.06284456585199692,0.0630255182329493,0.30158730158730157,0.05203845864819043,0.05246703007676186,0.7142857142857143,0.049305878278669744,0.0494677830405745,0.2698412698412698,0.05500485810225314,0.055309620007015045,0.5079365079365079,0.07618977644690891,0.07625644311357559,0.1111111111111111,1.3559849687311767,2.2401146815269883,2.279174163353091,1.7894193760272044,1.80944021701664,1.8381443963561181,1.8569190262329893,1.7553506126123029,1.8075627003977046,1.8275466606337047,1.8475281004595434,1.845301784909551,1.8876521262705568,1.775635077114984,1.7930560809929812
2024-11-29,2024-10-25,0.0209592131327839,0.03963410910610734,0.03987604458997831,0.4032258064516129,0.02841982547933434,0.028506922253527887,0.14516129032258066,0.030074609275776445,0.030297189920937734,0.3709677419354839,0.03318643536591406,0.03351546762397858,0.5483870967741935,0.03310704490919697,0.03319414168339052,0.14516129032258066,0.025296729154798588,0.025645116251572782,0.5806451612903226,0.03640037908875073,0.03650683070165396,0.1774193548387097,1.3844053466956645,2.328899631224822,2.3700586139192854,1.840274362403237,1.86102178860554,1.8934258708689864,1.9131784546385728,1.8136044422622788,1.8681440095611952,1.8880513300009578,1.908855209990243,1.8919818843712741,1.9360611844912936,1.8402688670452527,1.8585148757803633
2024-12-27,2024-11-29,0.02154350345670456,0.028135565402270322,0.02836782346678645,0.3870967741935484,0.0228397489367738,0.022975232807741542,0.22580645161290322,0.027827601296744782,0.028001794845131878,0.2903225806451613,0.031084974804498035,0.031472071578691585,0.6451612903225806,0.018749999574246005,0.018895160864568585,0.24193548387096775,0.02628760942837394,0.026645673944502974,0.5967741935483871,0.025884255373218097,0.025961674728056806,0.12903225806451613,1.414230288067683,2.394424539114471,2.437292018284884,1.8823057668153083,1.9037791974590317,1.9461153710884704,1.9667508852274886,1.8699802906553276,1.926938371549409,1.9234522916346302,1.9449233362501785,1.941717565193185,1.9876488395498566,1.887902856355235,1.9067650344626281
2025-01-24,2024-12-27,0.010936074378055905,0.016880918684316577,0.017156328520382153,0.45901639344262296,0.014105705668119622,0.01426308271729995,0.26229508196721313,0.012629402944013737,0.012796616058767835,0.2786885245901639,0.02182371635291549,0.02227617536930893,0.7540983606557377,0.016215776867892915,0.016353481785925703,0.22950819672131148,0.020774375597809806,0.021108801827318002,0.5573770491803278,0.016210961336689436,0.01626997773013206,0.09836065573770492,1.4296964156856906,2.434844625054995,2.479107000850685,1.908857017939409,1.9309329576278649,1.9706936462854856,1.9919186411889864,1.910790210104132,1.9698631886398945,1.9546425648118149,1.9767296046045677,1.982055535197373,2.029605725006213,1.9185075765670352,1.9377880591099295
2025-02-28,2025-01-24,0.019105997128600335,0.027712423797459904,0.027948489371230397,0.39344262295081966,0.015418835069916828,0.015527031791228304,0.18032786885245902,0.02848895931853334,0.028577483908697274,0.14754098360655737,0.020230990659616633,0.020624433282567453,0.6557377049180327,0.023331719443215763,0.023567785016986257,0.39344262295081966,0.03031317793862785,0.030588587774693424,0.45901639344262296,0.029246448160764875,0.02933497275092881,0.14754098360655737,1.4570121912985516,2.5023200711854865,2.5483942965141027,1.9382893694710703,1.9609146150476835,2.026836657403805,2.0488426641049986,1.9494473889972355,2.0104905005497833,2.000247736745772,2.0233167429626002,2.0421379373200534,2.091688497873586,1.9746171089511375,1.9946330190209947
2025-03-28,2025-02-28,-0.0005606288720612008,-0.006709174054254713,-0.006522288808353073,0.3114754098360656,-0.00765857916531081,-0.007550382443999334,0.18032786885245902,-0.005842179507648152,-0.005694638524041595,0.2459016393442623,-0.007386326133676201,-0.007012555641872922,0.6229508196721312,0.0004261901704747895,0.0005638950885075764,0.22950819672131148,-0.0015624721838853265,-0.0012477180855246708,0.5245901639344263,0.0002596109872723839,0.00033829951186254787,0.13114754098360656,1.4561953481971646,2.485531570288448,2.531772932914678,1.9234448268896958,1.9461089597640457,2.0149955138185702,2.0371752457402863,1.9350481348016584,1.996391824047221,2.0011002226696872,2.024457681336452,2.038947153597334,2.089078660305505,1.9751297412482771,1.9953078023976745
2025-04-30,2025-03-28,-0.01795414416104525,-0.00706120298746705,-0.0068841538071391815,0.29508196721311475,-0.014670108622915927,-0.014571747967178222,0.16393442622950818,-0.00895863189979448,-0.008840599112909233,0.19672131147540983,-0.010762760195257482,-0.010388989703454202,0.6229508196721312,-0.015793739828756707,-0.01566587097629769,0.21311475409836064,-0.017448854445992847,-0.01707508395418957,0.6229508196721312,-0.02174240641858553,-0.021614537566126513,0.21311475409836064,1.4300506069889891,2.4679807273388836,2.5143438186397415,1.8952276823490382,1.9177507504856968,1.9969439107305325,2.0191653960699543,1.914221675760508,1.9756513299431342,1.969495366381575,1.9927427885036604,2.0033698614911426,2.0534074667938826,1.9321856676846214,1.9521801469467646
2025-05-30,2025-04-30,0.01750522670546082,0.028142869015244817,0.028402869015244817,0.43333333333333335,0.025377590067871596,0.025537590067871596,0.26666666666666666,0.021766180242804176,0.021866180242804175,0.16666666666666666,0.02253545394267261,0.02297545394267261,0.7333333333333333,0.02112454366589456,0.02129454366589456,0.2833333333333333,0.02201259246025547,0.02239259246025547,0.6333333333333333,0.018148679239082033,0.018278679239082034,0.21666666666666667,1.4550839670646132,2.5374367856805304,2.5857583967798567,1.9433239935569746,1.9667254830039536,2.0404097518262634,2.063316830560453,1.9573595301706743,2.0210428160810223,2.01110005724848,2.0351773368283483,2.0474692257993055,2.0993885833526438,1.967252285597781,1.9878634216697086
2025-06-27,2025-05-30,0.0298200232701421,0.04478491219698705,0.04494491219698705,0.26666666666666666,0.037581913269405076,0.037671913269405076,0.15,0.04096959820320449,0.04103959820320449,0.11666666666666667,0.03627050734498288,0.03667050734498288,0.6666666666666666,0.037441541656763604,0.037561541656763606,0.2,0.03731213955821489,0.037592139558214895,0.4666666666666667,0.036866123565214494,0.036956123565214494,0.15,1.4984746048224904,2.651075669332638,2.7019750808857497,2.016357827337187,2.040815794824407,2.124004519528486,2.1479945242525633,2.0283539533865023,2.0951554815126463,2.0863987438178686,2.1116217351445274,2.1238646832934798,2.1783090919649593,2.0397772514425796,2.0613271479117046
2025-07-25,2025-06-27,0.04854069395807454,0.08278376696298716,0.08298376696298716,0.3333333333333333,0.05535158727259962,0.05544632411470488,0.15789473684210525,0.10071832197547981,0.10080253250179559,0.14035087719298245,0.0671607006640373,0.06757122697982677,0.6842105263157895,0.06994559100244682,0.0700719067919205,0.21052631578947367,0.0926905162711452,0.09300630574482942,0.5263157894736842,0.04919197375526678,0.04930776322895099,0.19298245614035087,1.5712116020191256,2.8705416997439164,2.926195151337771,2.1279664335898305,2.1539715288426504,2.33793069060373,2.3645178120972115,2.16457962609061,2.2367277081119656,2.232333137020972,2.2595870965493683,2.3207267972780046,2.380905573378994,2.1401179204621332,2.1629665788583434
2025-08-29,2025-07-25,0.02706271965512683,0.06390215433041364,0.06415306342132274,0.41818181818181815,0.04330594298854659,0.04345867026127386,0.2545454545454545,0.09147030400296535,0.09162303127569263,0.2545454545454545,0.055398706630507624,0.05585688844868944,0.7636363636363637,0.02715229434296936,0.02726138525206027,0.18181818181818182,0.06357236638826982,0.06386691184281527,0.4909090909090909,0.02434639241410961,0.024531846959564153,0.3090909090909091,1.6137328611234518,3.05397549845284,3.1139195344647104,2.2201200266444125,2.247580267266795,2.551781921611116,2.581162101546927,2.2844945377747776,2.3616643581940684,2.2929461034289296,2.321186570898985,2.468260891521638,2.5329666597400577,2.1922220711661726,2.2160281439495484
2025-09-30,2025-08-29,0.01970057528359867,0.02429718125201663,0.024508945957898983,0.35294117647058826,0.020851324964666844,0.020957207317608022,0.17647058823529413,0.03888091530269485,0.03899856236151838,0.19607843137254902,0.01008334838379006,0.010542171913201824,0.7647058823529411,0.02747658976907244,0.027582472122013618,0.17647058823529413,0.04674749035307651,0.04702984329425298,0.47058823529411764,0.028056063937434417,0.028279593349199123,0.37254901960784315,1.6455243268416313,3.128178494677967,3.1902384200521516,2.26641247078054,2.2946832728908704,2.6509975383762256,2.6818237127292925,2.3075298920800265,2.3865614298594315,2.3559484428754396,2.385210634780799,2.583645893736922,2.6520916848172003,2.2537271937598655,2.278696518710822
2025-10-31,2025-09-30,-0.0010529509506528743,-0.029198722168761414,-0.028990558903455293,0.3469387755102041,-0.013218498391987618,-0.013096049412395781,0.20408163265306123,-0.02454707170364253,-0.024473602315887428,0.12244897959183673,-0.0020395240334270563,-0.0015252383191413422,0.8571428571428571,-0.009983387431331477,-0.009836448655821273,0.24489795918367346,-0.03502390492430269,-0.03480349676103738,0.3673469387755102,-0.010446996304338867,-0.01022658814107356,0.3673469387755102,1.643791670437361,3.0368396799175708,3.097751625219564,2.236453901179947,2.2646319873632934,2.5859233117155247,2.616189825702639,2.302823629407278,2.3829213549156254,2.332428096801972,2.361748632838459,2.493156525596615,2.5597896204546906,2.2301825140956684,2.255393227915468
2025-11-28,2025-10-31,-0.006916346293621441,0.01176500395153104,0.011945003951531039,0.3,0.0012054808913227718,0.0013554808913227717,0.25,0.013888866970952011,0.014053866970952011,0.275,0.0026244895184023846,0.0030594895184023847,0.725,0.013372984706545424,0.013672984706545424,0.5,0.009722827272837008,0.010052827272837008,0.55,0.020955280478961148,0.021135280478961148,0.3,1.6324226380100457,3.0725681107519676,3.1347542806236732,2.2391499036221436,2.2677016527480425,2.6218388565890254,2.652957409483822,2.3088673658853867,2.390211877824167,2.3636196220696215,2.3940407857759634,2.517397055859137,2.585522743363923,2.276916614197818,2.3030615963778107
2025-12-26,2025-11-28,0.024130904566851682,0.055056012604060435,0.05524548628827096,0.3157894736842105,0.05043883742129931,0.050644100579194044,0.34210526315789475,0.07319098939457155,0.07330151571036103,0.18421052631578946,0.04015313058925787,0.04062681479978418,0.7894736842105263,0.04497103729748648,0.04531840571853911,0.5789473684210527,0.04994539631082882,0.05022960683714461,0.47368421052631576,0.026623295398581222,0.026765400661739117,0.23684210526315788,1.6718144729006343,3.2417314593843622,3.3079353052509672,2.352090021572859,2.3825473633334187,2.813733836535908,2.847423208714019,2.4015756187410586,2.4873185731167737,2.4699140482507853,2.5025348974124886,2.6431294494857354,2.7153925342315883,2.337535637815544,2.364703962753527
2026-01-30,2025-12-26,0.05533530407443055,0.12350091747540315,0.12376037693486261,0.43243243243243246,0.07537339587472767,0.07556799046932226,0.32432432432432434,0.13005498022544867,0.13011984509031355,0.10810810810810811,0.07434649305206824,0.07475189845747364,0.6756756756756757,0.09115154762788892,0.0915245206008619,0.6216216216216216,0.1398820396574753,0.1401739315493672,0.4864864864864865,0.05667832417145635,0.05680805390118608,0.21621621621621623,1.7643248351146246,3.6420882688272087,3.7173266255049664,2.5293750339018666,2.5625916797785075,3.1796739350062615,3.2179294755384507,2.5801243437938073,2.6732503585257867,2.695050536256709,2.7315782041850936,3.01285578795854,3.09601978145463,2.4700232404579854,2.499038192929978
2026-02-27,2026-01-30,0.008949878146567468,0.024508103210000673,0.024758103210000673,0.4166666666666667,0.012911038263798922,0.013144371597132255,0.3888888888888889,0.025054661028188045,0.02523799436152138,0.3055555555555556,0.015278024200976115,0.015744690867642783,0.7777777777777778,0.04721463534545279,0.04726463534545279,0.08333333333333333,0.0026486485542224687,0.0029486485542224686,0.5,0.03286054727473416,0.03306054727473416,0.3333333333333333,1.7801153273998633,3.731348944019559,3.8093605817645018,2.562031891748071,2.5962753370692355,3.2593395876280082,3.2991435614978633,2.6195435459598166,2.7153398590325906,2.8222963645636363,2.860685251923489,3.020835784085397,3.1051488557070606,2.5511895559207467,2.5816577632487054
2026-03-27,2026-02-27,-0.01976286466431385,-0.10980059186183153,-0.10958392519516486,0.3611111111111111,-0.09614598272396195,-0.09597931605729529,0.2777777777777778,-0.11727492753903142,-0.11719159420569808,0.1388888888888889,-0.03192302382689036,-0.03143969049355702,0.8055555555555556,-0.0672482400420309,-0.06716490670869756,0.1388888888888889,-0.06953478818036257,-0.06911812151369591,0.6944444444444444,-0.03423368949694152,-0.03398368949694152,0.4166666666666667,1.744935149097589,3.321644621523191,3.391915896731011,2.3157028177458217,2.347086605920907,2.877100773663837,2.9125116680124643,2.5359197949265644,2.629970414279787,2.63250190116971,2.668547593855101,2.8107826077113596,2.890526799780186,2.463852924815516,2.4939235074350927
2026-04-03,2026-03-27,0.0,-0.013421469089488026,-0.01316432623234517,0.42857142857142855,-0.00405295739923481,-0.0038301002563776673,0.37142857142857144,-0.014679330761569687,-0.014679330761569687,0.0,-0.0168173327489552,-0.0163373327489552,0.8,-0.011657743868632725,-0.011554886725775582,0.17142857142857143,-0.01195455791995646,-0.011611700777099316,0.5714285714285714,-0.013327337201702545,-0.013087337201702545,0.4,1.744935149097589,3.2770632709091534,3.347263609313766,2.30631737287621,2.3380970289098286,2.8348668597728577,2.8697579458907785,2.493272387910622,2.5870037125017906,2.6018128682721846,2.6377128286857645,2.7771809442270676,2.856962867492952,2.4310163260710986,2.461284689538037
