日期,方向,标的
2020-09-30,做多,113597.SH
2020-09-30,做多,113575.SH
2020-09-30,做多,113589.SH
2020-09-30,做空,127017.SZ
2020-09-30,做空,113584.SH
2020-09-30,做空,123061.SZ
2020-10-30,做多,128124.SZ
2020-10-30,做多,113597.SH
2020-10-30,做多,128044.SZ
2020-10-30,做多,127018.SZ
2020-10-30,做多,113589.SH
2020-10-30,做空,123065.SZ
2020-10-30,做空,123061.SZ
2020-10-30,做空,127017.SZ
2020-10-30,做空,128119.SZ
2020-10-30,做空,113588.SH
2020-11-27,做多,110072.SH
2020-11-27,做多,128124.SZ
2020-11-27,做多,128044.SZ
2020-11-27,做多,113589.SH
2020-11-27,做多,127018.SZ
2020-11-27,做空,128119.SZ
2020-11-27,做空,127017.SZ
2020-11-27,做空,123065.SZ
2020-11-27,做空,128121.SZ
2020-11-27,做空,110073.SH
2020-12-31,做多,113597.SH
2020-12-31,做多,128044.SZ
2020-12-31,做多,128124.SZ
2020-12-31,做多,110072.SH
2020-12-31,做多,127018.SZ
2020-12-31,做多,113589.SH
2020-12-31,做空,110075.SH
2020-12-31,做空,123061.SZ
2020-12-31,做空,128119.SZ
2020-12-31,做空,110076.SH
2020-12-31,做空,123064.SZ
2020-12-31,做空,113605.SH
2021-01-29,做多,123054.SZ
2021-01-29,做多,128044.SZ
2021-01-29,做多,113597.SH
2021-01-29,做多,123076.SZ
2021-01-29,做多,128124.SZ
2021-01-29,做多,127018.SZ
2021-01-29,做多,113589.SH
2021-01-29,做多,110072.SH
2021-01-29,做空,110075.SH
2021-01-29,做空,128135.SZ
2021-01-29,做空,113605.SH
2021-01-29,做空,128119.SZ
2021-01-29,做空,128108.SZ
2021-01-29,做空,128136.SZ
2021-01-29,做空,128137.SZ
2021-01-29,做空,123064.SZ
2021-02-26,做多,123054.SZ
2021-02-26,做多,113597.SH
2021-02-26,做多,123071.SZ
2021-02-26,做多,123076.SZ
2021-02-26,做多,128044.SZ
2021-02-26,做多,127018.SZ
2021-02-26,做多,128124.SZ
2021-02-26,做多,110072.SH
2021-02-26,做多,113589.SH
2021-02-26,做空,113616.SH
2021-02-26,做空,123091.SZ
2021-02-26,做空,110075.SH
2021-02-26,做空,113615.SH
2021-02-26,做空,113575.SH
2021-02-26,做空,128142.SZ
2021-02-26,做空,127024.SZ
2021-02-26,做空,123090.SZ
2021-02-26,做空,127025.SZ
2021-03-26,做多,123054.SZ
2021-03-26,做多,127027.SZ
2021-03-26,做多,128044.SZ
2021-03-26,做多,123085.SZ
2021-03-26,做多,123076.SZ
2021-03-26,做多,127018.SZ
2021-03-26,做多,128124.SZ
2021-03-26,做多,113589.SH
2021-03-26,做多,110072.SH
2021-03-26,做空,113616.SH
2021-03-26,做空,110075.SH
2021-03-26,做空,128137.SZ
2021-03-26,做空,113605.SH
2021-03-26,做空,128134.SZ
2021-03-26,做空,127024.SZ
2021-03-26,做空,113042.SH
2021-03-26,做空,123091.SZ
2021-03-26,做空,110077.SH
2021-04-30,做多,113597.SH
2021-04-30,做多,127027.SZ
2021-04-30,做多,128044.SZ
2021-04-30,做多,123065.SZ
2021-04-30,做多,113584.SH
2021-04-30,做多,123085.SZ
2021-04-30,做多,123076.SZ
2021-04-30,做多,128124.SZ
2021-04-30,做多,110072.SH
2021-04-30,做多,113589.SH
2021-04-30,做空,113616.SH
2021-04-30,做空,113575.SH
2021-04-30,做空,110075.SH
2021-04-30,做空,123064.SZ
2021-04-30,做空,128134.SZ
2021-04-30,做空,128137.SZ
2021-04-30,做空,128108.SZ
2021-04-30,做空,128119.SZ
2021-04-30,做空,123091.SZ
2021-04-30,做空,113615.SH
2021-05-28,做多,123065.SZ
2021-05-28,做多,128125.SZ
2021-05-28,做多,128044.SZ
2021-05-28,做多,113046.SH
2021-05-28,做多,113584.SH
2021-05-28,做多,127027.SZ
2021-05-28,做多,123085.SZ
2021-05-28,做多,123076.SZ
2021-05-28,做多,113589.SH
2021-05-28,做多,110072.SH
2021-05-28,做多,128124.SZ
2021-05-28,做空,113575.SH
2021-05-28,做空,113616.SH
2021-05-28,做空,127030.SZ
2021-05-28,做空,110075.SH
2021-05-28,做空,113615.SH
2021-05-28,做空,123091.SZ
2021-05-28,做空,128128.SZ
2021-05-28,做空,128137.SZ
2021-05-28,做空,110074.SH
2021-05-28,做空,128119.SZ
2021-05-28,做空,113605.SH
2021-06-25,做多,128138.SZ
2021-06-25,做多,127027.SZ
2021-06-25,做多,128044.SZ
2021-06-25,做多,113046.SH
2021-06-25,做多,127018.SZ
2021-06-25,做多,128125.SZ
2021-06-25,做多,123076.SZ
2021-06-25,做多,113584.SH
2021-06-25,做多,128124.SZ
2021-06-25,做多,113589.SH
2021-06-25,做多,110072.SH
2021-06-25,做空,113575.SH
2021-06-25,做空,113616.SH
2021-06-25,做空,123054.SZ
2021-06-25,做空,127030.SZ
2021-06-25,做空,110075.SH
2021-06-25,做空,110074.SH
2021-06-25,做空,113615.SH
2021-06-25,做空,128137.SZ
2021-06-25,做空,128128.SZ
2021-06-25,做空,128134.SZ
2021-06-25,做空,110077.SH
2021-07-30,做多,127033.SZ
2021-07-30,做多,127034.SZ
2021-07-30,做多,128138.SZ
2021-07-30,做多,128127.SZ
2021-07-30,做多,127027.SZ
2021-07-30,做多,110076.SH
2021-07-30,做多,128125.SZ
2021-07-30,做多,128044.SZ
2021-07-30,做多,113584.SH
2021-07-30,做多,113589.SH
2021-07-30,做多,128124.SZ
2021-07-30,做多,110072.SH
2021-07-30,做空,113575.SH
2021-07-30,做空,123114.SZ
2021-07-30,做空,113616.SH
2021-07-30,做空,123054.SZ
2021-07-30,做空,128137.SZ
2021-07-30,做空,127030.SZ
2021-07-30,做空,123071.SZ
2021-07-30,做空,128128.SZ
2021-07-30,做空,123091.SZ
2021-07-30,做空,113615.SH
2021-07-30,做空,110075.SH
2021-07-30,做空,110074.SH
2021-08-27,做多,123064.SZ
2021-08-27,做多,127034.SZ
2021-08-27,做多,123065.SZ
2021-08-27,做多,128138.SZ
2021-08-27,做多,128127.SZ
2021-08-27,做多,123076.SZ
2021-08-27,做多,110076.SH
2021-08-27,做多,128125.SZ
2021-08-27,做多,128044.SZ
2021-08-27,做多,113584.SH
2021-08-27,做多,110072.SH
2021-08-27,做多,113589.SH
2021-08-27,做多,128124.SZ
2021-08-27,做空,113575.SH
2021-08-27,做空,127038.SZ
2021-08-27,做空,123114.SZ
2021-08-27,做空,113049.SH
2021-08-27,做空,113616.SH
2021-08-27,做空,123091.SZ
2021-08-27,做空,128137.SZ
2021-08-27,做空,127037.SZ
2021-08-27,做空,127030.SZ
2021-08-27,做空,128134.SZ
2021-08-27,做空,127025.SZ
2021-08-27,做空,123085.SZ
2021-08-27,做空,110077.SH
2021-09-30,做多,123064.SZ
2021-09-30,做多,113625.SH
2021-09-30,做多,123090.SZ
2021-09-30,做多,123065.SZ
2021-09-30,做多,128127.SZ
2021-09-30,做多,127034.SZ
2021-09-30,做多,113597.SH
2021-09-30,做多,110076.SH
2021-09-30,做多,128125.SZ
2021-09-30,做多,123076.SZ
2021-09-30,做多,128044.SZ
2021-09-30,做多,113584.SH
2021-09-30,做多,110072.SH
2021-09-30,做多,113589.SH
2021-09-30,做多,128124.SZ
2021-09-30,做空,113575.SH
2021-09-30,做空,113049.SH
2021-09-30,做空,127038.SZ
2021-09-30,做空,123114.SZ
2021-09-30,做空,113616.SH
2021-09-30,做空,127040.SZ
2021-09-30,做空,127030.SZ
2021-09-30,做空,110075.SH
2021-09-30,做空,113615.SH
2021-09-30,做空,127017.SZ
2021-09-30,做空,127025.SZ
2021-09-30,做空,127037.SZ
2021-09-30,做空,110081.SH
2021-09-30,做空,123085.SZ
2021-09-30,做空,123054.SZ
2021-10-29,做多,123065.SZ
2021-10-29,做多,128108.SZ
2021-10-29,做多,127034.SZ
2021-10-29,做多,113597.SH
2021-10-29,做多,123064.SZ
2021-10-29,做多,110076.SH
2021-10-29,做多,113625.SH
2021-10-29,做多,128127.SZ
2021-10-29,做多,128044.SZ
2021-10-29,做多,128125.SZ
2021-10-29,做多,123076.SZ
2021-10-29,做多,113584.SH
2021-10-29,做多,113589.SH
2021-10-29,做多,110072.SH
2021-10-29,做多,128124.SZ
2021-10-29,做空,113575.SH
2021-10-29,做空,127038.SZ
2021-10-29,做空,113616.SH
2021-10-29,做空,113049.SH
2021-10-29,做空,123114.SZ
2021-10-29,做空,127037.SZ
2021-10-29,做空,110081.SH
2021-10-29,做空,127040.SZ
2021-10-29,做空,110075.SH
2021-10-29,做空,127045.SZ
2021-10-29,做空,123071.SZ
2021-10-29,做空,123109.SZ
2021-10-29,做空,110074.SH
2021-10-29,做空,123085.SZ
2021-10-29,做空,127030.SZ
2021-11-26,做多,123065.SZ
2021-11-26,做多,113605.SH
2021-11-26,做多,110076.SH
2021-11-26,做多,113597.SH
2021-11-26,做多,128138.SZ
2021-11-26,做多,113625.SH
2021-11-26,做多,123064.SZ
2021-11-26,做多,128127.SZ
2021-11-26,做多,127034.SZ
2021-11-26,做多,123076.SZ
2021-11-26,做多,128125.SZ
2021-11-26,做多,113584.SH
2021-11-26,做多,113589.SH
2021-11-26,做多,110072.SH
2021-11-26,做多,128124.SZ
2021-11-26,做空,113575.SH
2021-11-26,做空,127038.SZ
2021-11-26,做空,113049.SH
2021-11-26,做空,127037.SZ
2021-11-26,做空,127030.SZ
2021-11-26,做空,113616.SH
2021-11-26,做空,123114.SZ
2021-11-26,做空,110081.SH
2021-11-26,做空,123054.SZ
2021-11-26,做空,110074.SH
2021-11-26,做空,113615.SH
2021-11-26,做空,113048.SH
2021-11-26,做空,111000.SH
2021-11-26,做空,128137.SZ
2021-11-26,做空,123121.SZ
2021-12-31,做多,128125.SZ
2021-12-31,做多,128138.SZ
2021-12-31,做多,113605.SH
2021-12-31,做多,110076.SH
2021-12-31,做多,127018.SZ
2021-12-31,做多,123065.SZ
2021-12-31,做多,123117.SZ
2021-12-31,做多,123064.SZ
2021-12-31,做多,113597.SH
2021-12-31,做多,113625.SH
2021-12-31,做多,127034.SZ
2021-12-31,做多,123076.SZ
2021-12-31,做多,113584.SH
2021-12-31,做多,110072.SH
2021-12-31,做多,113589.SH
2021-12-31,做多,128124.SZ
2021-12-31,做空,113575.SH
2021-12-31,做空,123121.SZ
2021-12-31,做空,123114.SZ
2021-12-31,做空,127030.SZ
2021-12-31,做空,113616.SH
2021-12-31,做空,127038.SZ
2021-12-31,做空,127037.SZ
2021-12-31,做空,128137.SZ
2021-12-31,做空,110074.SH
2021-12-31,做空,110081.SH
2021-12-31,做空,113049.SH
2021-12-31,做空,113048.SH
2021-12-31,做空,128134.SZ
2021-12-31,做空,113615.SH
2021-12-31,做空,123071.SZ
2021-12-31,做空,113051.SH
2022-01-28,做多,128108.SZ
2022-01-28,做多,123090.SZ
2022-01-28,做多,110076.SH
2022-01-28,做多,127018.SZ
2022-01-28,做多,123117.SZ
2022-01-28,做多,128127.SZ
2022-01-28,做多,113605.SH
2022-01-28,做多,123113.SZ
2022-01-28,做多,123065.SZ
2022-01-28,做多,113597.SH
2022-01-28,做多,123076.SZ
2022-01-28,做多,127034.SZ
2022-01-28,做多,113627.SH
2022-01-28,做多,113584.SH
2022-01-28,做多,128124.SZ
2022-01-28,做多,113589.SH
2022-01-28,做多,110072.SH
2022-01-28,做空,123114.SZ
2022-01-28,做空,110074.SH
2022-01-28,做空,127038.SZ
2022-01-28,做空,113616.SH
2022-01-28,做空,113615.SH
2022-01-28,做空,123121.SZ
2022-01-28,做空,113051.SH
2022-01-28,做空,127030.SZ
2022-01-28,做空,113048.SH
2022-01-28,做空,128134.SZ
2022-01-28,做空,123071.SZ
2022-01-28,做空,128137.SZ
2022-01-28,做空,110081.SH
2022-01-28,做空,127045.SZ
2022-01-28,做空,127049.SZ
2022-01-28,做空,127037.SZ
2022-01-28,做空,110075.SH
2022-02-25,做多,113633.SH
2022-02-25,做多,127046.SZ
2022-02-25,做多,127041.SZ
2022-02-25,做多,128108.SZ
2022-02-25,做多,123090.SZ
2022-02-25,做多,123065.SZ
2022-02-25,做多,127018.SZ
2022-02-25,做多,110076.SH
2022-02-25,做多,123117.SZ
2022-02-25,做多,127034.SZ
2022-02-25,做多,113605.SH
2022-02-25,做多,123113.SZ
2022-02-25,做多,123076.SZ
2022-02-25,做多,113584.SH
2022-02-25,做多,128124.SZ
2022-02-25,做多,113627.SH
2022-02-25,做多,113589.SH
2022-02-25,做多,110072.SH
2022-02-25,做空,111002.SH
2022-02-25,做空,113051.SH
2022-02-25,做空,123114.SZ
2022-02-25,做空,127038.SZ
2022-02-25,做空,127030.SZ
2022-02-25,做空,123071.SZ
2022-02-25,做空,113597.SH
2022-02-25,做空,113048.SH
2022-02-25,做空,113616.SH
2022-02-25,做空,110074.SH
2022-02-25,做空,123121.SZ
2022-02-25,做空,128137.SZ
2022-02-25,做空,113615.SH
2022-02-25,做空,110075.SH
2022-02-25,做空,123112.SZ
2022-02-25,做空,113039.SH
2022-02-25,做空,127037.SZ
2022-02-25,做空,113636.SH
2022-03-25,做多,127018.SZ
2022-03-25,做多,127024.SZ
2022-03-25,做多,127046.SZ
2022-03-25,做多,127041.SZ
2022-03-25,做多,128108.SZ
2022-03-25,做多,113633.SH
2022-03-25,做多,110076.SH
2022-03-25,做多,123117.SZ
2022-03-25,做多,127034.SZ
2022-03-25,做多,128124.SZ
2022-03-25,做多,123076.SZ
2022-03-25,做多,113584.SH
2022-03-25,做多,123090.SZ
2022-03-25,做多,123113.SZ
2022-03-25,做多,128125.SZ
2022-03-25,做多,113605.SH
2022-03-25,做多,113627.SH
2022-03-25,做多,113589.SH
2022-03-25,做多,110072.SH
2022-03-25,做空,113597.SH
2022-03-25,做空,123114.SZ
2022-03-25,做空,127038.SZ
2022-03-25,做空,110074.SH
2022-03-25,做空,123071.SZ
2022-03-25,做空,111002.SH
2022-03-25,做空,123121.SZ
2022-03-25,做空,128128.SZ
2022-03-25,做空,128129.SZ
2022-03-25,做空,113615.SH
2022-03-25,做空,110075.SH
2022-03-25,做空,123054.SZ
2022-03-25,做空,123085.SZ
2022-03-25,做空,113616.SH
2022-03-25,做空,113039.SH
2022-03-25,做空,110077.SH
2022-03-25,做空,113575.SH
2022-03-25,做空,128141.SZ
2022-03-25,做空,128137.SZ
2022-04-29,做多,113638.SH
2022-04-29,做多,123117.SZ
2022-04-29,做多,113627.SH
2022-04-29,做多,110076.SH
2022-04-29,做多,127024.SZ
2022-04-29,做多,123090.SZ
2022-04-29,做多,123109.SZ
2022-04-29,做多,127047.SZ
2022-04-29,做多,113625.SH
2022-04-29,做多,113605.SH
2022-04-29,做多,113584.SH
2022-04-29,做多,128125.SZ
2022-04-29,做多,127034.SZ
2022-04-29,做多,123076.SZ
2022-04-29,做多,127053.SZ
2022-04-29,做多,123113.SZ
2022-04-29,做多,128108.SZ
2022-04-29,做多,113589.SH
2022-04-29,做多,110072.SH
2022-04-29,做多,128124.SZ
2022-04-29,做空,127038.SZ
2022-04-29,做空,123114.SZ
2022-04-29,做空,110074.SH
2022-04-29,做空,123121.SZ
2022-04-29,做空,113615.SH
2022-04-29,做空,110075.SH
2022-04-29,做空,128128.SZ
2022-04-29,做空,128137.SZ
2022-04-29,做空,113575.SH
2022-04-29,做空,110077.SH
2022-04-29,做空,113634.SH
2022-04-29,做空,128141.SZ
2022-04-29,做空,127017.SZ
2022-04-29,做空,110085.SH
2022-04-29,做空,113039.SH
2022-04-29,做空,128129.SZ
2022-04-29,做空,128119.SZ
2022-04-29,做空,113636.SH
2022-04-29,做空,123091.SZ
2022-04-29,做空,123085.SZ
2022-05-27,做多,127024.SZ
2022-05-27,做多,113605.SH
2022-05-27,做多,127046.SZ
2022-05-27,做多,123090.SZ
2022-05-27,做多,113633.SH
2022-05-27,做多,127034.SZ
2022-05-27,做多,123119.SZ
2022-05-27,做多,123109.SZ
2022-05-27,做多,127053.SZ
2022-05-27,做多,113627.SH
2022-05-27,做多,113584.SH
2022-05-27,做多,128125.SZ
2022-05-27,做多,113625.SH
2022-05-27,做多,127047.SZ
2022-05-27,做多,123113.SZ
2022-05-27,做多,123076.SZ
2022-05-27,做多,127044.SZ
2022-05-27,做多,128108.SZ
2022-05-27,做多,110072.SH
2022-05-27,做多,113589.SH
2022-05-27,做多,128124.SZ
2022-05-27,做空,111003.SH
2022-05-27,做空,127038.SZ
2022-05-27,做空,113575.SH
2022-05-27,做空,123114.SZ
2022-05-27,做空,110074.SH
2022-05-27,做空,123121.SZ
2022-05-27,做空,128128.SZ
2022-05-27,做空,127030.SZ
2022-05-27,做空,123071.SZ
2022-05-27,做空,110077.SH
2022-05-27,做空,110075.SH
2022-05-27,做空,113039.SH
2022-05-27,做空,111004.SH
2022-05-27,做空,123085.SZ
2022-05-27,做空,128141.SZ
2022-05-27,做空,111002.SH
2022-05-27,做空,113634.SH
2022-05-27,做空,123091.SZ
2022-05-27,做空,110085.SH
2022-05-27,做空,113051.SH
2022-05-27,做空,113615.SH
2022-06-24,做多,127046.SZ
2022-06-24,做多,113054.SH
2022-06-24,做多,123109.SZ
2022-06-24,做多,128136.SZ
2022-06-24,做多,123119.SZ
2022-06-24,做多,123117.SZ
2022-06-24,做多,113056.SH
2022-06-24,做多,127044.SZ
2022-06-24,做多,113625.SH
2022-06-24,做多,110076.SH
2022-06-24,做多,113605.SH
2022-06-24,做多,127024.SZ
2022-06-24,做多,123076.SZ
2022-06-24,做多,128125.SZ
2022-06-24,做多,113627.SH
2022-06-24,做多,113584.SH
2022-06-24,做多,123113.SZ
2022-06-24,做多,127034.SZ
2022-06-24,做多,128108.SZ
2022-06-24,做多,127047.SZ
2022-06-24,做多,110072.SH
2022-06-24,做多,128124.SZ
2022-06-24,做多,113589.SH
2022-06-24,做空,113646.SH
2022-06-24,做空,111003.SH
2022-06-24,做空,113575.SH
2022-06-24,做空,127038.SZ
2022-06-24,做空,127030.SZ
2022-06-24,做空,127059.SZ
2022-06-24,做空,127062.SZ
2022-06-24,做空,127037.SZ
2022-06-24,做空,123071.SZ
2022-06-24,做空,123114.SZ
2022-06-24,做空,111004.SH
2022-06-24,做空,111002.SH
2022-06-24,做空,110074.SH
2022-06-24,做空,123121.SZ
2022-06-24,做空,113615.SH
2022-06-24,做空,123054.SZ
2022-06-24,做空,113051.SH
2022-06-24,做空,113039.SH
2022-06-24,做空,123091.SZ
2022-06-24,做空,113634.SH
2022-06-24,做空,110075.SH
2022-06-24,做空,111000.SH
2022-06-24,做空,128137.SZ
2022-07-29,做多,128136.SZ
2022-07-29,做多,118004.SH
2022-07-29,做多,110076.SH
2022-07-29,做多,113633.SH
2022-07-29,做多,128044.SZ
2022-07-29,做多,110073.SH
2022-07-29,做多,123117.SZ
2022-07-29,做多,127024.SZ
2022-07-29,做多,113625.SH
2022-07-29,做多,123113.SZ
2022-07-29,做多,113056.SH
2022-07-29,做多,123119.SZ
2022-07-29,做多,113605.SH
2022-07-29,做多,113627.SH
2022-07-29,做多,128125.SZ
2022-07-29,做多,127044.SZ
2022-07-29,做多,123076.SZ
2022-07-29,做多,127034.SZ
2022-07-29,做多,113584.SH
2022-07-29,做多,128108.SZ
2022-07-29,做多,127047.SZ
2022-07-29,做多,110072.SH
2022-07-29,做多,113589.SH
2022-07-29,做空,113646.SH
2022-07-29,做空,111003.SH
2022-07-29,做空,123071.SZ
2022-07-29,做空,123114.SZ
2022-07-29,做空,113575.SH
2022-07-29,做空,127038.SZ
2022-07-29,做空,127030.SZ
2022-07-29,做空,123112.SZ
2022-07-29,做空,111004.SH
2022-07-29,做空,113648.SH
2022-07-29,做空,113051.SH
2022-07-29,做空,127037.SZ
2022-07-29,做空,127059.SZ
2022-07-29,做空,110074.SH
2022-07-29,做空,113634.SH
2022-07-29,做空,113615.SH
2022-07-29,做空,113647.SH
2022-07-29,做空,110075.SH
2022-07-29,做空,128128.SZ
2022-07-29,做空,111002.SH
2022-07-29,做空,127062.SZ
2022-07-29,做空,123054.SZ
2022-07-29,做空,118005.SH
2022-08-26,做多,123117.SZ
2022-08-26,做多,110073.SH
2022-08-26,做多,127033.SZ
2022-08-26,做多,127046.SZ
2022-08-26,做多,123064.SZ
2022-08-26,做多,128044.SZ
2022-08-26,做多,113633.SH
2022-08-26,做多,118004.SH
2022-08-26,做多,110076.SH
2022-08-26,做多,123113.SZ
2022-08-26,做多,127024.SZ
2022-08-26,做多,113627.SH
2022-08-26,做多,123076.SZ
2022-08-26,做多,113605.SH
2022-08-26,做多,113625.SH
2022-08-26,做多,113056.SH
2022-08-26,做多,128125.SZ
2022-08-26,做多,127034.SZ
2022-08-26,做多,113584.SH
2022-08-26,做多,127044.SZ
2022-08-26,做多,128108.SZ
2022-08-26,做多,127047.SZ
2022-08-26,做多,113589.SH
2022-08-26,做多,110072.SH
2022-08-26,做空,113646.SH
2022-08-26,做空,127064.SZ
2022-08-26,做空,123071.SZ
2022-08-26,做空,127037.SZ
2022-08-26,做空,123114.SZ
2022-08-26,做空,127038.SZ
2022-08-26,做空,113615.SH
2022-08-26,做空,127030.SZ
2022-08-26,做空,111003.SH
2022-08-26,做空,110074.SH
2022-08-26,做空,113051.SH
2022-08-26,做空,113648.SH
2022-08-26,做空,113575.SH
2022-08-26,做空,113634.SH
2022-08-26,做空,127059.SZ
2022-08-26,做空,113636.SH
2022-08-26,做空,110075.SH
2022-08-26,做空,123133.SZ
2022-08-26,做空,128128.SZ
2022-08-26,做空,111004.SH
2022-08-26,做空,128141.SZ
2022-08-26,做空,113039.SH
2022-08-26,做空,127050.SZ
2022-08-26,做空,127027.SZ
2022-09-30,做多,113625.SH
2022-09-30,做多,113054.SH
2022-09-30,做多,128136.SZ
2022-09-30,做多,123109.SZ
2022-09-30,做多,113056.SH
2022-09-30,做多,113605.SH
2022-09-30,做多,110076.SH
2022-09-30,做多,123076.SZ
2022-09-30,做多,127024.SZ
2022-09-30,做多,113633.SH
2022-09-30,做多,110081.SH
2022-09-30,做多,118004.SH
2022-09-30,做多,113627.SH
2022-09-30,做多,113584.SH
2022-09-30,做多,128044.SZ
2022-09-30,做多,123064.SZ
2022-09-30,做多,123113.SZ
2022-09-30,做多,128125.SZ
2022-09-30,做多,127044.SZ
2022-09-30,做多,127033.SZ
2022-09-30,做多,127034.SZ
2022-09-30,做多,128108.SZ
2022-09-30,做多,127047.SZ
2022-09-30,做多,110072.SH
2022-09-30,做多,113589.SH
2022-09-30,做空,113646.SH
2022-09-30,做空,127064.SZ
2022-09-30,做空,127030.SZ
2022-09-30,做空,127038.SZ
2022-09-30,做空,123071.SZ
2022-09-30,做空,127037.SZ
2022-09-30,做空,123121.SZ
2022-09-30,做空,113615.SH
2022-09-30,做空,123114.SZ
2022-09-30,做空,113634.SH
2022-09-30,做空,110075.SH
2022-09-30,做空,113575.SH
2022-09-30,做空,111003.SH
2022-09-30,做空,123085.SZ
2022-09-30,做空,110074.SH
2022-09-30,做空,128128.SZ
2022-09-30,做空,113051.SH
2022-09-30,做空,110077.SH
2022-09-30,做空,123133.SZ
2022-09-30,做空,128141.SZ
2022-09-30,做空,128121.SZ
2022-09-30,做空,123107.SZ
2022-09-30,做空,111000.SH
2022-09-30,做空,127045.SZ
2022-09-30,做空,113039.SH
2022-10-28,做多,123064.SZ
2022-10-28,做多,113643.SH
2022-10-28,做多,128136.SZ
2022-10-28,做多,118004.SH
2022-10-28,做多,113052.SH
2022-10-28,做多,123076.SZ
2022-10-28,做多,127024.SZ
2022-10-28,做多,113056.SH
2022-10-28,做多,123117.SZ
2022-10-28,做多,113627.SH
2022-10-28,做多,113633.SH
2022-10-28,做多,113584.SH
2022-10-28,做多,113625.SH
2022-10-28,做多,127033.SZ
2022-10-28,做多,127061.SZ
2022-10-28,做多,128044.SZ
2022-10-28,做多,127055.SZ
2022-10-28,做多,110081.SH
2022-10-28,做多,128125.SZ
2022-10-28,做多,127034.SZ
2022-10-28,做多,123113.SZ
2022-10-28,做多,127044.SZ
2022-10-28,做多,128108.SZ
2022-10-28,做多,127047.SZ
2022-10-28,做多,113589.SH
2022-10-28,做多,110072.SH
2022-10-28,做空,113646.SH
2022-10-28,做空,123114.SZ
2022-10-28,做空,123121.SZ
2022-10-28,做空,127064.SZ
2022-10-28,做空,127038.SZ
2022-10-28,做空,127037.SZ
2022-10-28,做空,123085.SZ
2022-10-28,做空,113575.SH
2022-10-28,做空,113615.SH
2022-10-28,做空,113634.SH
2022-10-28,做空,123071.SZ
2022-10-28,做空,110074.SH
2022-10-28,做空,110075.SH
2022-10-28,做空,113051.SH
2022-10-28,做空,111000.SH
2022-10-28,做空,118013.SH
2022-10-28,做空,113654.SH
2022-10-28,做空,123090.SZ
2022-10-28,做空,128141.SZ
2022-10-28,做空,113039.SH
2022-10-28,做空,110077.SH
2022-10-28,做空,123112.SZ
2022-10-28,做空,128121.SZ
2022-10-28,做空,123149.SZ
2022-10-28,做空,128128.SZ
2022-10-28,做空,127030.SZ
2022-11-25,做多,127068.SZ
2022-11-25,做多,113052.SH
2022-11-25,做多,127053.SZ
2022-11-25,做多,127066.SZ
2022-11-25,做多,113625.SH
2022-11-25,做多,127061.SZ
2022-11-25,做多,128136.SZ
2022-11-25,做多,118004.SH
2022-11-25,做多,127024.SZ
2022-11-25,做多,110081.SH
2022-11-25,做多,127044.SZ
2022-11-25,做多,113638.SH
2022-11-25,做多,113056.SH
2022-11-25,做多,127041.SZ
2022-11-25,做多,123117.SZ
2022-11-25,做多,127033.SZ
2022-11-25,做多,113584.SH
2022-11-25,做多,113627.SH
2022-11-25,做多,123076.SZ
2022-11-25,做多,113633.SH
2022-11-25,做多,128125.SZ
2022-11-25,做多,127034.SZ
2022-11-25,做多,123113.SZ
2022-11-25,做多,128108.SZ
2022-11-25,做多,127047.SZ
2022-11-25,做多,110072.SH
2022-11-25,做多,113589.SH
2022-11-25,做空,127038.SZ
2022-11-25,做空,123114.SZ
2022-11-25,做空,113575.SH
2022-11-25,做空,127064.SZ
2022-11-25,做空,127070.SZ
2022-11-25,做空,111000.SH
2022-11-25,做空,127037.SZ
2022-11-25,做空,113646.SH
2022-11-25,做空,128128.SZ
2022-11-25,做空,113634.SH
2022-11-25,做空,110075.SH
2022-11-25,做空,127069.SZ
2022-11-25,做空,123121.SZ
2022-11-25,做空,113649.SH
2022-11-25,做空,127030.SZ
2022-11-25,做空,113654.SH
2022-11-25,做空,110077.SH
2022-11-25,做空,113039.SH
2022-11-25,做空,110074.SH
2022-11-25,做空,118013.SH
2022-11-25,做空,123071.SZ
2022-11-25,做空,123112.SZ
2022-11-25,做空,113655.SH
2022-11-25,做空,123085.SZ
2022-11-25,做空,123149.SZ
2022-11-25,做空,111002.SH
2022-11-25,做空,128137.SZ
2022-12-30,做多,113052.SH
2022-12-30,做多,110076.SH
2022-12-30,做多,127056.SZ
2022-12-30,做多,127044.SZ
2022-12-30,做多,113610.SH
2022-12-30,做多,128136.SZ
2022-12-30,做多,127024.SZ
2022-12-30,做多,127041.SZ
2022-12-30,做多,118004.SH
2022-12-30,做多,127061.SZ
2022-12-30,做多,113627.SH
2022-12-30,做多,113644.SH
2022-12-30,做多,113638.SH
2022-12-30,做多,123064.SZ
2022-12-30,做多,113616.SH
2022-12-30,做多,113056.SH
2022-12-30,做多,123076.SZ
2022-12-30,做多,110081.SH
2022-12-30,做多,113633.SH
2022-12-30,做多,123113.SZ
2022-12-30,做多,113584.SH
2022-12-30,做多,127034.SZ
2022-12-30,做多,123117.SZ
2022-12-30,做多,128125.SZ
2022-12-30,做多,118005.SH
2022-12-30,做多,128108.SZ
2022-12-30,做多,127047.SZ
2022-12-30,做多,113589.SH
2022-12-30,做多,110072.SH
2022-12-30,做空,127038.SZ
2022-12-30,做空,113575.SH
2022-12-30,做空,127064.SZ
2022-12-30,做空,123114.SZ
2022-12-30,做空,127037.SZ
2022-12-30,做空,113634.SH
2022-12-30,做空,113654.SH
2022-12-30,做空,113646.SH
2022-12-30,做空,113649.SH
2022-12-30,做空,123085.SZ
2022-12-30,做空,110075.SH
2022-12-30,做空,127069.SZ
2022-12-30,做空,111000.SH
2022-12-30,做空,113039.SH
2022-12-30,做空,111002.SH
2022-12-30,做空,110077.SH
2022-12-30,做空,128137.SZ
2022-12-30,做空,128128.SZ
2022-12-30,做空,127070.SZ
2022-12-30,做空,111004.SH
2022-12-30,做空,127072.SZ
2022-12-30,做空,113615.SH
2022-12-30,做空,123121.SZ
2022-12-30,做空,123149.SZ
2022-12-30,做空,123112.SZ
2022-12-30,做空,128121.SZ
2022-12-30,做空,113051.SH
2022-12-30,做空,110090.SH
2022-12-30,做空,110074.SH
2023-01-20,做多,113650.SH
2023-01-20,做多,113652.SH
2023-01-20,做多,113616.SH
2023-01-20,做多,113052.SH
2023-01-20,做多,127068.SZ
2023-01-20,做多,127044.SZ
2023-01-20,做多,110076.SH
2023-01-20,做多,118004.SH
2023-01-20,做多,127061.SZ
2023-01-20,做多,127024.SZ
2023-01-20,做多,113610.SH
2023-01-20,做多,127041.SZ
2023-01-20,做多,113644.SH
2023-01-20,做多,110081.SH
2023-01-20,做多,123113.SZ
2023-01-20,做多,118005.SH
2023-01-20,做多,128136.SZ
2023-01-20,做多,123117.SZ
2023-01-20,做多,113633.SH
2023-01-20,做多,123064.SZ
2023-01-20,做多,123076.SZ
2023-01-20,做多,113627.SH
2023-01-20,做多,113056.SH
2023-01-20,做多,113584.SH
2023-01-20,做多,127034.SZ
2023-01-20,做多,128125.SZ
2023-01-20,做多,128108.SZ
2023-01-20,做多,127047.SZ
2023-01-20,做多,113589.SH
2023-01-20,做多,110072.SH
2023-01-20,做空,127038.SZ
2023-01-20,做空,127064.SZ
2023-01-20,做空,123114.SZ
2023-01-20,做空,127037.SZ
2023-01-20,做空,113575.SH
2023-01-20,做空,111000.SH
2023-01-20,做空,127069.SZ
2023-01-20,做空,113634.SH
2023-01-20,做空,127070.SZ
2023-01-20,做空,113660.SH
2023-01-20,做空,128137.SZ
2023-01-20,做空,113654.SH
2023-01-20,做空,127030.SZ
2023-01-20,做空,123071.SZ
2023-01-20,做空,113646.SH
2023-01-20,做空,110074.SH
2023-01-20,做空,113039.SH
2023-01-20,做空,118013.SH
2023-01-20,做空,123121.SZ
2023-01-20,做空,110090.SH
2023-01-20,做空,127072.SZ
2023-01-20,做空,123085.SZ
2023-01-20,做空,113649.SH
2023-01-20,做空,128128.SZ
2023-01-20,做空,110075.SH
2023-01-20,做空,113655.SH
2023-01-20,做空,110077.SH
2023-01-20,做空,113658.SH
2023-01-20,做空,111004.SH
2023-01-20,做空,123158.SZ
2023-02-24,做多,113054.SH
2023-02-24,做多,127055.SZ
2023-02-24,做多,128129.SZ
2023-02-24,做多,113605.SH
2023-02-24,做多,110073.SH
2023-02-24,做多,127044.SZ
2023-02-24,做多,113610.SH
2023-02-24,做多,127061.SZ
2023-02-24,做多,127068.SZ
2023-02-24,做多,113652.SH
2023-02-24,做多,113052.SH
2023-02-24,做多,113627.SH
2023-02-24,做多,110076.SH
2023-02-24,做多,123113.SZ
2023-02-24,做多,113616.SH
2023-02-24,做多,128136.SZ
2023-02-24,做多,123064.SZ
2023-02-24,做多,113633.SH
2023-02-24,做多,128125.SZ
2023-02-24,做多,127034.SZ
2023-02-24,做多,113056.SH
2023-02-24,做多,123117.SZ
2023-02-24,做多,110081.SH
2023-02-24,做多,123076.SZ
2023-02-24,做多,113584.SH
2023-02-24,做多,118005.SH
2023-02-24,做多,128108.SZ
2023-02-24,做多,127047.SZ
2023-02-24,做多,113589.SH
2023-02-24,做多,110072.SH
2023-02-24,做空,113575.SH
2023-02-24,做空,127038.SZ
2023-02-24,做空,123114.SZ
2023-02-24,做空,127064.SZ
2023-02-24,做空,127037.SZ
2023-02-24,做空,113660.SH
2023-02-24,做空,113646.SH
2023-02-24,做空,110090.SH
2023-02-24,做空,127030.SZ
2023-02-24,做空,113661.SH
2023-02-24,做空,113654.SH
2023-02-24,做空,127070.SZ
2023-02-24,做空,113634.SH
2023-02-24,做空,123071.SZ
2023-02-24,做空,111000.SH
2023-02-24,做空,127069.SZ
2023-02-24,做空,127072.SZ
2023-02-24,做空,123121.SZ
2023-02-24,做空,123085.SZ
2023-02-24,做空,113615.SH
2023-02-24,做空,123054.SZ
2023-02-24,做空,123112.SZ
2023-02-24,做空,128137.SZ
2023-02-24,做空,113039.SH
2023-02-24,做空,128128.SZ
2023-02-24,做空,110075.SH
2023-02-24,做空,111005.SH
2023-02-24,做空,110074.SH
2023-02-24,做空,110077.SH
2023-02-24,做空,111003.SH
2023-03-31,做多,110073.SH
2023-03-31,做多,127031.SZ
2023-03-31,做多,127055.SZ
2023-03-31,做多,113605.SH
2023-03-31,做多,128129.SZ
2023-03-31,做多,113638.SH
2023-03-31,做多,113043.SH
2023-03-31,做多,113627.SH
2023-03-31,做多,113052.SH
2023-03-31,做多,110081.SH
2023-03-31,做多,113610.SH
2023-03-31,做多,123165.SZ
2023-03-31,做多,127044.SZ
2023-03-31,做多,113616.SH
2023-03-31,做多,110076.SH
2023-03-31,做多,128136.SZ
2023-03-31,做多,128125.SZ
2023-03-31,做多,127034.SZ
2023-03-31,做多,123064.SZ
2023-03-31,做多,113652.SH
2023-03-31,做多,113056.SH
2023-03-31,做多,123113.SZ
2023-03-31,做多,127068.SZ
2023-03-31,做多,113633.SH
2023-03-31,做多,113584.SH
2023-03-31,做多,123076.SZ
2023-03-31,做多,118005.SH
2023-03-31,做多,128108.SZ
2023-03-31,做多,113589.SH
2023-03-31,做多,127047.SZ
2023-03-31,做多,110072.SH
2023-03-31,做空,113575.SH
2023-03-31,做空,127038.SZ
2023-03-31,做空,127037.SZ
2023-03-31,做空,113660.SH
2023-03-31,做空,127064.SZ
2023-03-31,做空,113646.SH
2023-03-31,做空,123054.SZ
2023-03-31,做空,118030.SH
2023-03-31,做空,127072.SZ
2023-03-31,做空,113039.SH
2023-03-31,做空,113615.SH
2023-03-31,做空,113634.SH
2023-03-31,做空,111000.SH
2023-03-31,做空,127069.SZ
2023-03-31,做空,113588.SH
2023-03-31,做空,123114.SZ
2023-03-31,做空,118003.SH
2023-03-31,做空,110090.SH
2023-03-31,做空,128137.SZ
2023-03-31,做空,123059.SZ
2023-03-31,做空,123158.SZ
2023-03-31,做空,127030.SZ
2023-03-31,做空,123150.SZ
2023-03-31,做空,113654.SH
2023-03-31,做空,111003.SH
2023-03-31,做空,123085.SZ
2023-03-31,做空,111005.SH
2023-03-31,做空,113643.SH
2023-03-31,做空,123112.SZ
2023-03-31,做空,113597.SH
2023-03-31,做空,123071.SZ
2023-04-28,做多,113605.SH
2023-04-28,做多,123165.SZ
2023-04-28,做多,127041.SZ
2023-04-28,做多,127067.SZ
2023-04-28,做多,118031.SH
2023-04-28,做多,118022.SH
2023-04-28,做多,110076.SH
2023-04-28,做多,113650.SH
2023-04-28,做多,113627.SH
2023-04-28,做多,113053.SH
2023-04-28,做多,128125.SZ
2023-04-28,做多,123064.SZ
2023-04-28,做多,127055.SZ
2023-04-28,做多,127061.SZ
2023-04-28,做多,113610.SH
2023-04-28,做多,113638.SH
2023-04-28,做多,123113.SZ
2023-04-28,做多,110081.SH
2023-04-28,做多,127044.SZ
2023-04-28,做多,113652.SH
2023-04-28,做多,128136.SZ
2023-04-28,做多,127034.SZ
2023-04-28,做多,113633.SH
2023-04-28,做多,123117.SZ
2023-04-28,做多,113584.SH
2023-04-28,做多,123076.SZ
2023-04-28,做多,127068.SZ
2023-04-28,做多,128108.SZ
2023-04-28,做多,118005.SH
2023-04-28,做多,113589.SH
2023-04-28,做多,127047.SZ
2023-04-28,做多,110072.SH
2023-04-28,做空,127037.SZ
2023-04-28,做空,127064.SZ
2023-04-28,做空,113575.SH
2023-04-28,做空,118030.SH
2023-04-28,做空,113634.SH
2023-04-28,做空,127038.SZ
2023-04-28,做空,113660.SH
2023-04-28,做空,113646.SH
2023-04-28,做空,113039.SH
2023-04-28,做空,127072.SZ
2023-04-28,做空,123114.SZ
2023-04-28,做空,113615.SH
2023-04-28,做空,113597.SH
2023-04-28,做空,123158.SZ
2023-04-28,做空,110074.SH
2023-04-28,做空,123054.SZ
2023-04-28,做空,118003.SH
2023-04-28,做空,111010.SH
2023-04-28,做空,113654.SH
2023-04-28,做空,113588.SH
2023-04-28,做空,123059.SZ
2023-04-28,做空,128137.SZ
2023-04-28,做空,110077.SH
2023-04-28,做空,123179.SZ
2023-04-28,做空,123176.SZ
2023-04-28,做空,113666.SH
2023-04-28,做空,123150.SZ
2023-04-28,做空,111003.SH
2023-04-28,做空,128121.SZ
2023-04-28,做空,113643.SH
2023-04-28,做空,113051.SH
2023-04-28,做空,111000.SH
2023-05-26,做多,127059.SZ
2023-05-26,做多,123109.SZ
2023-05-26,做多,118031.SH
2023-05-26,做多,118022.SH
2023-05-26,做多,118024.SH
2023-05-26,做多,113605.SH
2023-05-26,做多,113049.SH
2023-05-26,做多,123165.SZ
2023-05-26,做多,113650.SH
2023-05-26,做多,110081.SH
2023-05-26,做多,123064.SZ
2023-05-26,做多,113053.SH
2023-05-26,做多,127061.SZ
2023-05-26,做多,128136.SZ
2023-05-26,做多,127055.SZ
2023-05-26,做多,127034.SZ
2023-05-26,做多,127067.SZ
2023-05-26,做多,113633.SH
2023-05-26,做多,113638.SH
2023-05-26,做多,128125.SZ
2023-05-26,做多,123117.SZ
2023-05-26,做多,113584.SH
2023-05-26,做多,113652.SH
2023-05-26,做多,113610.SH
2023-05-26,做多,123113.SZ
2023-05-26,做多,128108.SZ
2023-05-26,做多,127044.SZ
2023-05-26,做多,123076.SZ
2023-05-26,做多,118005.SH
2023-05-26,做多,127068.SZ
2023-05-26,做多,113589.SH
2023-05-26,做多,110072.SH
2023-05-26,做多,127047.SZ
2023-05-26,做空,127064.SZ
2023-05-26,做空,127037.SZ
2023-05-26,做空,113660.SH
2023-05-26,做空,123176.SZ
2023-05-26,做空,113634.SH
2023-05-26,做空,113039.SH
2023-05-26,做空,113575.SH
2023-05-26,做空,118030.SH
2023-05-26,做空,113615.SH
2023-05-26,做空,127038.SZ
2023-05-26,做空,127084.SZ
2023-05-26,做空,123114.SZ
2023-05-26,做空,127072.SZ
2023-05-26,做空,118033.SH
2023-05-26,做空,118003.SH
2023-05-26,做空,123071.SZ
2023-05-26,做空,110074.SH
2023-05-26,做空,123149.SZ
2023-05-26,做空,128137.SZ
2023-05-26,做空,113654.SH
2023-05-26,做空,123054.SZ
2023-05-26,做空,113597.SH
2023-05-26,做空,123112.SZ
2023-05-26,做空,113051.SH
2023-05-26,做空,111000.SH
2023-05-26,做空,123158.SZ
2023-05-26,做空,110075.SH
2023-05-26,做空,111005.SH
2023-05-26,做空,113646.SH
2023-05-26,做空,123059.SZ
2023-05-26,做空,110090.SH
2023-05-26,做空,127069.SZ
2023-05-26,做空,128121.SZ
2023-06-30,做多,113605.SH
2023-06-30,做多,113665.SH
2023-06-30,做多,113052.SH
2023-06-30,做多,113049.SH
2023-06-30,做多,127059.SZ
2023-06-30,做多,113636.SH
2023-06-30,做多,118004.SH
2023-06-30,做多,123109.SZ
2023-06-30,做多,127055.SZ
2023-06-30,做多,127068.SZ
2023-06-30,做多,113638.SH
2023-06-30,做多,118022.SH
2023-06-30,做多,128136.SZ
2023-06-30,做多,110076.SH
2023-06-30,做多,128125.SZ
2023-06-30,做多,123165.SZ
2023-06-30,做多,113650.SH
2023-06-30,做多,110081.SH
2023-06-30,做多,123064.SZ
2023-06-30,做多,127067.SZ
2023-06-30,做多,113584.SH
2023-06-30,做多,118031.SH
2023-06-30,做多,113633.SH
2023-06-30,做多,113652.SH
2023-06-30,做多,113053.SH
2023-06-30,做多,123117.SZ
2023-06-30,做多,128108.SZ
2023-06-30,做多,123113.SZ
2023-06-30,做多,127044.SZ
2023-06-30,做多,123076.SZ
2023-06-30,做多,118005.SH
2023-06-30,做多,127033.SZ
2023-06-30,做多,127061.SZ
2023-06-30,做多,110072.SH
2023-06-30,做空,111013.SH
2023-06-30,做空,113575.SH
2023-06-30,做空,123176.SZ
2023-06-30,做空,113039.SH
2023-06-30,做空,127064.SZ
2023-06-30,做空,123192.SZ
2023-06-30,做空,113634.SH
2023-06-30,做空,113646.SH
2023-06-30,做空,113615.SH
2023-06-30,做空,127038.SZ
2023-06-30,做空,118030.SH
2023-06-30,做空,113660.SH
2023-06-30,做空,123112.SZ
2023-06-30,做空,123114.SZ
2023-06-30,做空,127084.SZ
2023-06-30,做空,123054.SZ
2023-06-30,做空,127072.SZ
2023-06-30,做空,111005.SH
2023-06-30,做空,110074.SH
2023-06-30,做空,123194.SZ
2023-06-30,做空,127037.SZ
2023-06-30,做空,113597.SH
2023-06-30,做空,110077.SH
2023-06-30,做空,127054.SZ
2023-06-30,做空,128137.SZ
2023-06-30,做空,113654.SH
2023-06-30,做空,118003.SH
2023-06-30,做空,118033.SH
2023-06-30,做空,123071.SZ
2023-06-30,做空,123149.SZ
2023-06-30,做空,123085.SZ
2023-06-30,做空,123158.SZ
2023-06-30,做空,123150.SZ
2023-06-30,做空,110090.SH
2023-07-28,做多,123144.SZ
2023-07-28,做多,113052.SH
2023-07-28,做多,118032.SH
2023-07-28,做多,113627.SH
2023-07-28,做多,123109.SZ
2023-07-28,做多,113638.SH
2023-07-28,做多,113665.SH
2023-07-28,做多,127067.SZ
2023-07-28,做多,113605.SH
2023-07-28,做多,118004.SH
2023-07-28,做多,110076.SH
2023-07-28,做多,128125.SZ
2023-07-28,做多,127068.SZ
2023-07-28,做多,128136.SZ
2023-07-28,做多,127044.SZ
2023-07-28,做多,118022.SH
2023-07-28,做多,113650.SH
2023-07-28,做多,123165.SZ
2023-07-28,做多,113652.SH
2023-07-28,做多,123064.SZ
2023-07-28,做多,113633.SH
2023-07-28,做多,123104.SZ
2023-07-28,做多,113584.SH
2023-07-28,做多,110081.SH
2023-07-28,做多,113053.SH
2023-07-28,做多,127033.SZ
2023-07-28,做多,123113.SZ
2023-07-28,做多,118031.SH
2023-07-28,做多,123117.SZ
2023-07-28,做多,128108.SZ
2023-07-28,做多,123076.SZ
2023-07-28,做多,118005.SH
2023-07-28,做多,127061.SZ
2023-07-28,做多,110072.SH
2023-07-28,做空,111013.SH
2023-07-28,做空,113575.SH
2023-07-28,做空,123176.SZ
2023-07-28,做空,113646.SH
2023-07-28,做空,127064.SZ
2023-07-28,做空,113634.SH
2023-07-28,做空,127037.SZ
2023-07-28,做空,118030.SH
2023-07-28,做空,113039.SH
2023-07-28,做空,123192.SZ
2023-07-28,做空,127084.SZ
2023-07-28,做空,113660.SH
2023-07-28,做空,127072.SZ
2023-07-28,做空,127069.SZ
2023-07-28,做空,127038.SZ
2023-07-28,做空,110074.SH
2023-07-28,做空,123114.SZ
2023-07-28,做空,123149.SZ
2023-07-28,做空,128137.SZ
2023-07-28,做空,123112.SZ
2023-07-28,做空,113654.SH
2023-07-28,做空,123054.SZ
2023-07-28,做空,123071.SZ
2023-07-28,做空,123091.SZ
2023-07-28,做空,127054.SZ
2023-07-28,做空,113615.SH
2023-07-28,做空,111005.SH
2023-07-28,做空,128128.SZ
2023-07-28,做空,127050.SZ
2023-07-28,做空,123085.SZ
2023-07-28,做空,113597.SH
2023-07-28,做空,111003.SH
2023-07-28,做空,113648.SH
2023-07-28,做空,123194.SZ
2023-08-25,做多,113625.SH
2023-08-25,做多,113049.SH
2023-08-25,做多,118034.SH
2023-08-25,做多,123154.SZ
2023-08-25,做多,110076.SH
2023-08-25,做多,113665.SH
2023-08-25,做多,127068.SZ
2023-08-25,做多,128136.SZ
2023-08-25,做多,113652.SH
2023-08-25,做多,123179.SZ
2023-08-25,做多,123109.SZ
2023-08-25,做多,118004.SH
2023-08-25,做多,128125.SZ
2023-08-25,做多,127055.SZ
2023-08-25,做多,113638.SH
2023-08-25,做多,113584.SH
2023-08-25,做多,113650.SH
2023-08-25,做多,118032.SH
2023-08-25,做多,123064.SZ
2023-08-25,做多,127044.SZ
2023-08-25,做多,110081.SH
2023-08-25,做多,123165.SZ
2023-08-25,做多,113633.SH
2023-08-25,做多,127033.SZ
2023-08-25,做多,128108.SZ
2023-08-25,做多,118022.SH
2023-08-25,做多,123104.SZ
2023-08-25,做多,123117.SZ
2023-08-25,做多,123113.SZ
2023-08-25,做多,113053.SH
2023-08-25,做多,123076.SZ
2023-08-25,做多,127061.SZ
2023-08-25,做多,118031.SH
2023-08-25,做多,118005.SH
2023-08-25,做多,110072.SH
2023-08-25,做空,111013.SH
2023-08-25,做空,113575.SH
2023-08-25,做空,123192.SZ
2023-08-25,做空,123176.SZ
2023-08-25,做空,113039.SH
2023-08-25,做空,113646.SH
2023-08-25,做空,123194.SZ
2023-08-25,做空,127084.SZ
2023-08-25,做空,127064.SZ
2023-08-25,做空,127072.SZ
2023-08-25,做空,127037.SZ
2023-08-25,做空,118030.SH
2023-08-25,做空,113634.SH
2023-08-25,做空,113051.SH
2023-08-25,做空,127038.SZ
2023-08-25,做空,110074.SH
2023-08-25,做空,123054.SZ
2023-08-25,做空,123114.SZ
2023-08-25,做空,111005.SH
2023-08-25,做空,128141.SZ
2023-08-25,做空,123149.SZ
2023-08-25,做空,113660.SH
2023-08-25,做空,113615.SH
2023-08-25,做空,128128.SZ
2023-08-25,做空,123112.SZ
2023-08-25,做空,127054.SZ
2023-08-25,做空,110075.SH
2023-08-25,做空,110092.SH
2023-08-25,做空,113062.SH
2023-08-25,做空,127050.SZ
2023-08-25,做空,123091.SZ
2023-08-25,做空,128137.SZ
2023-08-25,做空,128121.SZ
2023-08-25,做空,113058.SH
2023-08-25,做空,127069.SZ
2023-09-28,做多,113616.SH
2023-09-28,做多,113049.SH
2023-09-28,做多,113059.SH
2023-09-28,做多,113638.SH
2023-09-28,做多,113625.SH
2023-09-28,做多,123154.SZ
2023-09-28,做多,110076.SH
2023-09-28,做多,127055.SZ
2023-09-28,做多,113658.SH
2023-09-28,做多,127066.SZ
2023-09-28,做多,113652.SH
2023-09-28,做多,118034.SH
2023-09-28,做多,113661.SH
2023-09-28,做多,128136.SZ
2023-09-28,做多,128125.SZ
2023-09-28,做多,123165.SZ
2023-09-28,做多,123109.SZ
2023-09-28,做多,127089.SZ
2023-09-28,做多,113584.SH
2023-09-28,做多,123104.SZ
2023-09-28,做多,123064.SZ
2023-09-28,做多,128108.SZ
2023-09-28,做多,123076.SZ
2023-09-28,做多,123113.SZ
2023-09-28,做多,113650.SH
2023-09-28,做多,127033.SZ
2023-09-28,做多,118032.SH
2023-09-28,做多,127044.SZ
2023-09-28,做多,110081.SH
2023-09-28,做多,123117.SZ
2023-09-28,做多,113053.SH
2023-09-28,做多,113633.SH
2023-09-28,做多,118022.SH
2023-09-28,做多,127061.SZ
2023-09-28,做多,118031.SH
2023-09-28,做多,110072.SH
2023-09-28,做多,118005.SH
2023-09-28,做空,111013.SH
2023-09-28,做空,113575.SH
2023-09-28,做空,123192.SZ
2023-09-28,做空,113067.SH
2023-09-28,做空,113646.SH
2023-09-28,做空,123176.SZ
2023-09-28,做空,127064.SZ
2023-09-28,做空,127072.SZ
2023-09-28,做空,127084.SZ
2023-09-28,做空,113039.SH
2023-09-28,做空,118030.SH
2023-09-28,做空,127038.SZ
2023-09-28,做空,113660.SH
2023-09-28,做空,123112.SZ
2023-09-28,做空,113634.SH
2023-09-28,做空,113673.SH
2023-09-28,做空,123054.SZ
2023-09-28,做空,113051.SH
2023-09-28,做空,128128.SZ
2023-09-28,做空,111005.SH
2023-09-28,做空,123114.SZ
2023-09-28,做空,123149.SZ
2023-09-28,做空,110074.SH
2023-09-28,做空,111015.SH
2023-09-28,做空,127054.SZ
2023-09-28,做空,123091.SZ
2023-09-28,做空,127027.SZ
2023-09-28,做空,128141.SZ
2023-09-28,做空,127090.SZ
2023-09-28,做空,113615.SH
2023-09-28,做空,127082.SZ
2023-09-28,做空,128137.SZ
2023-09-28,做空,110092.SH
2023-09-28,做空,128121.SZ
2023-09-28,做空,113588.SH
2023-09-28,做空,113058.SH
2023-09-28,做空,113674.SH
2023-10-27,做多,127067.SZ
2023-10-27,做多,123216.SZ
2023-10-27,做多,128136.SZ
2023-10-27,做多,113625.SH
2023-10-27,做多,113670.SH
2023-10-27,做多,123180.SZ
2023-10-27,做多,127055.SZ
2023-10-27,做多,113584.SH
2023-10-27,做多,113652.SH
2023-10-27,做多,113059.SH
2023-10-27,做多,123064.SZ
2023-10-27,做多,128125.SZ
2023-10-27,做多,123179.SZ
2023-10-27,做多,123154.SZ
2023-10-27,做多,128108.SZ
2023-10-27,做多,123113.SZ
2023-10-27,做多,123076.SZ
2023-10-27,做多,113661.SH
2023-10-27,做多,123104.SZ
2023-10-27,做多,113658.SH
2023-10-27,做多,123117.SZ
2023-10-27,做多,127066.SZ
2023-10-27,做多,110081.SH
2023-10-27,做多,118034.SH
2023-10-27,做多,123165.SZ
2023-10-27,做多,113650.SH
2023-10-27,做多,127033.SZ
2023-10-27,做多,118032.SH
2023-10-27,做多,113053.SH
2023-10-27,做多,127089.SZ
2023-10-27,做多,127044.SZ
2023-10-27,做多,127061.SZ
2023-10-27,做多,113633.SH
2023-10-27,做多,118022.SH
2023-10-27,做多,118031.SH
2023-10-27,做多,118005.SH
2023-10-27,做多,110072.SH
2023-10-27,做空,113575.SH
2023-10-27,做空,123176.SZ
2023-10-27,做空,113646.SH
2023-10-27,做空,113067.SH
2023-10-27,做空,127084.SZ
2023-10-27,做空,123192.SZ
2023-10-27,做空,113039.SH
2023-10-27,做空,123054.SZ
2023-10-27,做空,118030.SH
2023-10-27,做空,127064.SZ
2023-10-27,做空,111017.SH
2023-10-27,做空,113051.SH
2023-10-27,做空,123194.SZ
2023-10-27,做空,123112.SZ
2023-10-27,做空,113615.SH
2023-10-27,做空,128141.SZ
2023-10-27,做空,127037.SZ
2023-10-27,做空,127054.SZ
2023-10-27,做空,128128.SZ
2023-10-27,做空,113673.SH
2023-10-27,做空,111015.SH
2023-10-27,做空,127072.SZ
2023-10-27,做空,123091.SZ
2023-10-27,做空,127082.SZ
2023-10-27,做空,123149.SZ
2023-10-27,做空,111005.SH
2023-10-27,做空,123071.SZ
2023-10-27,做空,113634.SH
2023-10-27,做空,113660.SH
2023-10-27,做空,128137.SZ
2023-10-27,做空,110074.SH
2023-10-27,做空,123150.SZ
2023-10-27,做空,113062.SH
2023-10-27,做空,113648.SH
2023-10-27,做空,127027.SZ
2023-10-27,做空,123114.SZ
2023-10-27,做空,128121.SZ
2023-11-24,做多,127025.SZ
2023-11-24,做多,123144.SZ
2023-11-24,做多,123064.SZ
2023-11-24,做多,127046.SZ
2023-11-24,做多,123180.SZ
2023-11-24,做多,113665.SH
2023-11-24,做多,113655.SH
2023-11-24,做多,110095.SH
2023-11-24,做多,128108.SZ
2023-11-24,做多,113666.SH
2023-11-24,做多,113584.SH
2023-11-24,做多,128136.SZ
2023-11-24,做多,113658.SH
2023-11-24,做多,113625.SH
2023-11-24,做多,123076.SZ
2023-11-24,做多,127067.SZ
2023-11-24,做多,128125.SZ
2023-11-24,做多,123165.SZ
2023-11-24,做多,123104.SZ
2023-11-24,做多,123113.SZ
2023-11-24,做多,113059.SH
2023-11-24,做多,123154.SZ
2023-11-24,做多,123179.SZ
2023-11-24,做多,113650.SH
2023-11-24,做多,110081.SH
2023-11-24,做多,127066.SZ
2023-11-24,做多,118034.SH
2023-11-24,做多,113661.SH
2023-11-24,做多,113053.SH
2023-11-24,做多,118032.SH
2023-11-24,做多,127089.SZ
2023-11-24,做多,127061.SZ
2023-11-24,做多,127044.SZ
2023-11-24,做多,113633.SH
2023-11-24,做多,118031.SH
2023-11-24,做多,118022.SH
2023-11-24,做多,118005.SH
2023-11-24,做多,110072.SH
2023-11-24,做空,113575.SH
2023-11-24,做空,123176.SZ
2023-11-24,做空,113646.SH
2023-11-24,做空,113067.SH
2023-11-24,做空,123192.SZ
2023-11-24,做空,128141.SZ
2023-11-24,做空,127082.SZ
2023-11-24,做空,123112.SZ
2023-11-24,做空,118030.SH
2023-11-24,做空,113039.SH
2023-11-24,做空,113051.SH
2023-11-24,做空,111017.SH
2023-11-24,做空,113634.SH
2023-11-24,做空,127064.SZ
2023-11-24,做空,128128.SZ
2023-11-24,做空,113615.SH
2023-11-24,做空,128137.SZ
2023-11-24,做空,113648.SH
2023-11-24,做空,110074.SH
2023-11-24,做空,127037.SZ
2023-11-24,做空,127040.SZ
2023-11-24,做空,123149.SZ
2023-11-24,做空,123114.SZ
2023-11-24,做空,127027.SZ
2023-11-24,做空,127084.SZ
2023-11-24,做空,113062.SH
2023-11-24,做空,110093.SH
2023-11-24,做空,127054.SZ
2023-11-24,做空,123213.SZ
2023-11-24,做空,111005.SH
2023-11-24,做空,127072.SZ
2023-11-24,做空,110075.SH
2023-11-24,做空,111015.SH
2023-11-24,做空,123194.SZ
2023-11-24,做空,113671.SH
2023-11-24,做空,123071.SZ
2023-11-24,做空,111003.SH
2023-11-24,做空,113674.SH
2023-12-29,做多,113584.SH
2023-12-29,做多,123113.SZ
2023-12-29,做多,123180.SZ
2023-12-29,做多,127068.SZ
2023-12-29,做多,127046.SZ
2023-12-29,做多,118013.SH
2023-12-29,做多,123104.SZ
2023-12-29,做多,127067.SZ
2023-12-29,做多,113049.SH
2023-12-29,做多,128125.SZ
2023-12-29,做多,123165.SZ
2023-12-29,做多,113658.SH
2023-12-29,做多,113625.SH
2023-12-29,做多,113670.SH
2023-12-29,做多,113059.SH
2023-12-29,做多,113650.SH
2023-12-29,做多,110095.SH
2023-12-29,做多,123154.SZ
2023-12-29,做多,127066.SZ
2023-12-29,做多,110081.SH
2023-12-29,做多,127033.SZ
2023-12-29,做多,123179.SZ
2023-12-29,做多,111010.SH
2023-12-29,做多,123216.SZ
2023-12-29,做多,113666.SH
2023-12-29,做多,113655.SH
2023-12-29,做多,113661.SH
2023-12-29,做多,113053.SH
2023-12-29,做多,118032.SH
2023-12-29,做多,127044.SZ
2023-12-29,做多,113633.SH
2023-12-29,做多,127061.SZ
2023-12-29,做多,127089.SZ
2023-12-29,做多,118034.SH
2023-12-29,做多,118005.SH
2023-12-29,做多,118022.SH
2023-12-29,做多,118031.SH
2023-12-29,做多,110072.SH
2023-12-29,做空,113575.SH
2023-12-29,做空,123176.SZ
2023-12-29,做空,113646.SH
2023-12-29,做空,128141.SZ
2023-12-29,做空,113067.SH
2023-12-29,做空,113039.SH
2023-12-29,做空,111017.SH
2023-12-29,做空,123192.SZ
2023-12-29,做空,127054.SZ
2023-12-29,做空,113051.SH
2023-12-29,做空,118030.SH
2023-12-29,做空,128128.SZ
2023-12-29,做空,127082.SZ
2023-12-29,做空,128121.SZ
2023-12-29,做空,127040.SZ
2023-12-29,做空,113588.SH
2023-12-29,做空,127072.SZ
2023-12-29,做空,128137.SZ
2023-12-29,做空,127084.SZ
2023-12-29,做空,113634.SH
2023-12-29,做空,127088.SZ
2023-12-29,做空,123112.SZ
2023-12-29,做空,110093.SH
2023-12-29,做空,110074.SH
2023-12-29,做空,113615.SH
2023-12-29,做空,123213.SZ
2023-12-29,做空,111005.SH
2023-12-29,做空,127027.SZ
2023-12-29,做空,127053.SZ
2023-12-29,做空,127064.SZ
2023-12-29,做空,118003.SH
2023-12-29,做空,127050.SZ
2023-12-29,做空,113671.SH
2023-12-29,做空,110075.SH
2023-12-29,做空,123150.SZ
2023-12-29,做空,127090.SZ
2023-12-29,做空,123114.SZ
2023-12-29,做空,123149.SZ
2024-01-26,做多,113636.SH
2024-01-26,做多,127034.SZ
2024-01-26,做多,118042.SH
2024-01-26,做多,127067.SZ
2024-01-26,做多,128134.SZ
2024-01-26,做多,118024.SH
2024-01-26,做多,113650.SH
2024-01-26,做多,113059.SH
2024-01-26,做多,113666.SH
2024-01-26,做多,118013.SH
2024-01-26,做多,123165.SZ
2024-01-26,做多,113049.SH
2024-01-26,做多,123216.SZ
2024-01-26,做多,113670.SH
2024-01-26,做多,127068.SZ
2024-01-26,做多,123180.SZ
2024-01-26,做多,118033.SH
2024-01-26,做多,123154.SZ
2024-01-26,做多,113655.SH
2024-01-26,做多,110095.SH
2024-01-26,做多,110081.SH
2024-01-26,做多,123179.SZ
2024-01-26,做多,113677.SH
2024-01-26,做多,113633.SH
2024-01-26,做多,113053.SH
2024-01-26,做多,118034.SH
2024-01-26,做多,113661.SH
2024-01-26,做多,111010.SH
2024-01-26,做多,123193.SZ
2024-01-26,做多,127066.SZ
2024-01-26,做多,127044.SZ
2024-01-26,做多,127089.SZ
2024-01-26,做多,127061.SZ
2024-01-26,做多,118031.SH
2024-01-26,做多,118032.SH
2024-01-26,做多,127033.SZ
2024-01-26,做多,118022.SH
2024-01-26,做多,118005.SH
2024-01-26,做多,110072.SH
2024-01-26,做空,113575.SH
2024-01-26,做空,123054.SZ
2024-01-26,做空,113588.SH
2024-01-26,做空,113646.SH
2024-01-26,做空,127098.SZ
2024-01-26,做空,128141.SZ
2024-01-26,做空,111017.SH
2024-01-26,做空,127054.SZ
2024-01-26,做空,113067.SH
2024-01-26,做空,113051.SH
2024-01-26,做空,113039.SH
2024-01-26,做空,123192.SZ
2024-01-26,做空,127082.SZ
2024-01-26,做空,127027.SZ
2024-01-26,做空,110075.SH
2024-01-26,做空,113062.SH
2024-01-26,做空,127040.SZ
2024-01-26,做空,113648.SH
2024-01-26,做空,128128.SZ
2024-01-26,做空,127037.SZ
2024-01-26,做空,110074.SH
2024-01-26,做空,128121.SZ
2024-01-26,做空,127084.SZ
2024-01-26,做空,111005.SH
2024-01-26,做空,127070.SZ
2024-01-26,做空,123194.SZ
2024-01-26,做空,123112.SZ
2024-01-26,做空,123213.SZ
2024-01-26,做空,123150.SZ
2024-01-26,做空,127050.SZ
2024-01-26,做空,113042.SH
2024-01-26,做空,127018.SZ
2024-01-26,做空,113631.SH
2024-01-26,做空,113615.SH
2024-01-26,做空,123176.SZ
2024-01-26,做空,127064.SZ
2024-01-26,做空,111015.SH
2024-01-26,做空,113058.SH
2024-01-26,做空,123107.SZ
2024-02-23,做多,118013.SH
2024-02-23,做多,123215.SZ
2024-02-23,做多,110095.SH
2024-02-23,做多,110087.SH
2024-02-23,做多,127062.SZ
2024-02-23,做多,113059.SH
2024-02-23,做多,113661.SH
2024-02-23,做多,113650.SH
2024-02-23,做多,127055.SZ
2024-02-23,做多,118033.SH
2024-02-23,做多,113670.SH
2024-02-23,做多,123144.SZ
2024-02-23,做多,113677.SH
2024-02-23,做多,111009.SH
2024-02-23,做多,123076.SZ
2024-02-23,做多,113633.SH
2024-02-23,做多,123165.SZ
2024-02-23,做多,127066.SZ
2024-02-23,做多,123154.SZ
2024-02-23,做多,123180.SZ
2024-02-23,做多,110081.SH
2024-02-23,做多,127034.SZ
2024-02-23,做多,110092.SH
2024-02-23,做多,123179.SZ
2024-02-23,做多,113053.SH
2024-02-23,做多,118034.SH
2024-02-23,做多,127089.SZ
2024-02-23,做多,111010.SH
2024-02-23,做多,123216.SZ
2024-02-23,做多,123193.SZ
2024-02-23,做多,127044.SZ
2024-02-23,做多,118031.SH
2024-02-23,做多,127068.SZ
2024-02-23,做多,118032.SH
2024-02-23,做多,113665.SH
2024-02-23,做多,118022.SH
2024-02-23,做多,118005.SH
2024-02-23,做多,127061.SZ
2024-02-23,做多,110072.SH
2024-02-23,做多,127033.SZ
2024-02-23,做空,113575.SH
2024-02-23,做空,123054.SZ
2024-02-23,做空,111017.SH
2024-02-23,做空,113588.SH
2024-02-23,做空,110075.SH
2024-02-23,做空,113039.SH
2024-02-23,做空,113062.SH
2024-02-23,做空,123192.SZ
2024-02-23,做空,128141.SZ
2024-02-23,做空,113051.SH
2024-02-23,做空,113067.SH
2024-02-23,做空,127054.SZ
2024-02-23,做空,113646.SH
2024-02-23,做空,127027.SZ
2024-02-23,做空,123194.SZ
2024-02-23,做空,127084.SZ
2024-02-23,做空,127098.SZ
2024-02-23,做空,127064.SZ
2024-02-23,做空,113042.SH
2024-02-23,做空,113634.SH
2024-02-23,做空,127050.SZ
2024-02-23,做空,128121.SZ
2024-02-23,做空,113648.SH
2024-02-23,做空,113631.SH
2024-02-23,做空,127030.SZ
2024-02-23,做空,123112.SZ
2024-02-23,做空,123150.SZ
2024-02-23,做空,110074.SH
2024-02-23,做空,127072.SZ
2024-02-23,做空,111000.SH
2024-02-23,做空,123107.SZ
2024-02-23,做空,118025.SH
2024-02-23,做空,127037.SZ
2024-02-23,做空,127018.SZ
2024-02-23,做空,113066.SH
2024-02-23,做空,113615.SH
2024-02-23,做空,123149.SZ
2024-02-23,做空,110090.SH
2024-02-23,做空,110077.SH
2024-02-23,做空,128137.SZ
2024-03-29,做多,123133.SZ
2024-03-29,做多,127046.SZ
2024-03-29,做多,111010.SH
2024-03-29,做多,123165.SZ
2024-03-29,做多,127067.SZ
2024-03-29,做多,113655.SH
2024-03-29,做多,113640.SH
2024-03-29,做多,110087.SH
2024-03-29,做多,113679.SH
2024-03-29,做多,118013.SH
2024-03-29,做多,118034.SH
2024-03-29,做多,118024.SH
2024-03-29,做多,110095.SH
2024-03-29,做多,113633.SH
2024-03-29,做多,113670.SH
2024-03-29,做多,113677.SH
2024-03-29,做多,110081.SH
2024-03-29,做多,123154.SZ
2024-03-29,做多,123180.SZ
2024-03-29,做多,111009.SH
2024-03-29,做多,118033.SH
2024-03-29,做多,113053.SH
2024-03-29,做多,127089.SZ
2024-03-29,做多,110086.SH
2024-03-29,做多,123216.SZ
2024-03-29,做多,123144.SZ
2024-03-29,做多,127044.SZ
2024-03-29,做多,123193.SZ
2024-03-29,做多,123179.SZ
2024-03-29,做多,118031.SH
2024-03-29,做多,118032.SH
2024-03-29,做多,127034.SZ
2024-03-29,做多,110072.SH
2024-03-29,做多,113665.SH
2024-03-29,做多,110092.SH
2024-03-29,做多,118005.SH
2024-03-29,做多,118022.SH
2024-03-29,做多,127068.SZ
2024-03-29,做多,127061.SZ
2024-03-29,做多,127033.SZ
2024-03-29,做空,113575.SH
2024-03-29,做空,123054.SZ
2024-03-29,做空,113646.SH
2024-03-29,做空,113062.SH
2024-03-29,做空,113066.SH
2024-03-29,做空,113067.SH
2024-03-29,做空,127095.SZ
2024-03-29,做空,110075.SH
2024-03-29,做空,113588.SH
2024-03-29,做空,113051.SH
2024-03-29,做空,113039.SH
2024-03-29,做空,127084.SZ
2024-03-29,做空,123192.SZ
2024-03-29,做空,127050.SZ
2024-03-29,做空,127054.SZ
2024-03-29,做空,113042.SH
2024-03-29,做空,123176.SZ
2024-03-29,做空,127064.SZ
2024-03-29,做空,118030.SH
2024-03-29,做空,111017.SH
2024-03-29,做空,128141.SZ
2024-03-29,做空,123107.SZ
2024-03-29,做空,113615.SH
2024-03-29,做空,123194.SZ
2024-03-29,做空,127027.SZ
2024-03-29,做空,113648.SH
2024-03-29,做空,113634.SH
2024-03-29,做空,113671.SH
2024-03-29,做空,110074.SH
2024-03-29,做空,127092.SZ
2024-03-29,做空,113674.SH
2024-03-29,做空,123112.SZ
2024-03-29,做空,127072.SZ
2024-03-29,做空,127030.SZ
2024-03-29,做空,127037.SZ
2024-03-29,做空,110077.SH
2024-03-29,做空,127018.SZ
2024-03-29,做空,123150.SZ
2024-03-29,做空,113631.SH
2024-03-29,做空,127045.SZ
2024-04-30,做多,113649.SH
2024-04-30,做多,113625.SH
2024-04-30,做多,110087.SH
2024-04-30,做多,123215.SZ
2024-04-30,做多,127062.SZ
2024-04-30,做多,113640.SH
2024-04-30,做多,118024.SH
2024-04-30,做多,123076.SZ
2024-04-30,做多,113650.SH
2024-04-30,做多,123157.SZ
2024-04-30,做多,113670.SH
2024-04-30,做多,128108.SZ
2024-04-30,做多,113633.SH
2024-04-30,做多,113679.SH
2024-04-30,做多,127105.SZ
2024-04-30,做多,123154.SZ
2024-04-30,做多,123165.SZ
2024-04-30,做多,123180.SZ
2024-04-30,做多,110086.SH
2024-04-30,做多,110081.SH
2024-04-30,做多,118034.SH
2024-04-30,做多,113053.SH
2024-04-30,做多,110072.SH
2024-04-30,做多,123193.SZ
2024-04-30,做多,127034.SZ
2024-04-30,做多,127089.SZ
2024-04-30,做多,127044.SZ
2024-04-30,做多,118005.SH
2024-04-30,做多,118032.SH
2024-04-30,做多,123179.SZ
2024-04-30,做多,118022.SH
2024-04-30,做多,127068.SZ
2024-04-30,做多,110095.SH
2024-04-30,做多,127061.SZ
2024-04-30,做多,123144.SZ
2024-04-30,做多,123216.SZ
2024-04-30,做多,118031.SH
2024-04-30,做多,111009.SH
2024-04-30,做多,113665.SH
2024-04-30,做多,110092.SH
2024-04-30,做空,113575.SH
2024-04-30,做空,113588.SH
2024-04-30,做空,123054.SZ
2024-04-30,做空,113039.SH
2024-04-30,做空,123192.SZ
2024-04-30,做空,113067.SH
2024-04-30,做空,110075.SH
2024-04-30,做空,127092.SZ
2024-04-30,做空,113646.SH
2024-04-30,做空,113051.SH
2024-04-30,做空,127064.SZ
2024-04-30,做空,113062.SH
2024-04-30,做空,113042.SH
2024-04-30,做空,113634.SH
2024-04-30,做空,127095.SZ
2024-04-30,做空,127050.SZ
2024-04-30,做空,123194.SZ
2024-04-30,做空,123107.SZ
2024-04-30,做空,113066.SH
2024-04-30,做空,111017.SH
2024-04-30,做空,128141.SZ
2024-04-30,做空,113648.SH
2024-04-30,做空,127037.SZ
2024-04-30,做空,113682.SH
2024-04-30,做空,127084.SZ
2024-04-30,做空,113674.SH
2024-04-30,做空,127027.SZ
2024-04-30,做空,127054.SZ
2024-04-30,做空,113615.SH
2024-04-30,做空,127082.SZ
2024-04-30,做空,110077.SH
2024-04-30,做空,128128.SZ
2024-04-30,做空,127030.SZ
2024-04-30,做空,111015.SH
2024-04-30,做空,127045.SZ
2024-04-30,做空,123176.SZ
2024-04-30,做空,127069.SZ
2024-04-30,做空,110074.SH
2024-04-30,做空,127072.SZ
2024-04-30,做空,110090.SH
2024-05-31,做多,127062.SZ
2024-05-31,做多,113661.SH
2024-05-31,做多,127105.SZ
2024-05-31,做多,128125.SZ
2024-05-31,做多,113677.SH
2024-05-31,做多,123183.SZ
2024-05-31,做多,113650.SH
2024-05-31,做多,111004.SH
2024-05-31,做多,118024.SH
2024-05-31,做多,113649.SH
2024-05-31,做多,123076.SZ
2024-05-31,做多,127044.SZ
2024-05-31,做多,123165.SZ
2024-05-31,做多,110086.SH
2024-05-31,做多,123216.SZ
2024-05-31,做多,123154.SZ
2024-05-31,做多,113633.SH
2024-05-31,做多,123180.SZ
2024-05-31,做多,123193.SZ
2024-05-31,做多,123157.SZ
2024-05-31,做多,110081.SH
2024-05-31,做多,113053.SH
2024-05-31,做多,123215.SZ
2024-05-31,做多,118034.SH
2024-05-31,做多,123179.SZ
2024-05-31,做多,110072.SH
2024-05-31,做多,123144.SZ
2024-05-31,做多,118022.SH
2024-05-31,做多,127089.SZ
2024-05-31,做多,127068.SZ
2024-05-31,做多,111009.SH
2024-05-31,做多,118032.SH
2024-05-31,做多,118005.SH
2024-05-31,做多,110095.SH
2024-05-31,做多,127034.SZ
2024-05-31,做多,128108.SZ
2024-05-31,做多,118031.SH
2024-05-31,做多,127061.SZ
2024-05-31,做多,113665.SH
2024-05-31,做多,110092.SH
2024-05-31,做空,113588.SH
2024-05-31,做空,123192.SZ
2024-05-31,做空,113646.SH
2024-05-31,做空,110075.SH
2024-05-31,做空,113067.SH
2024-05-31,做空,113039.SH
2024-05-31,做空,127037.SZ
2024-05-31,做空,113051.SH
2024-05-31,做空,113042.SH
2024-05-31,做空,113648.SH
2024-05-31,做空,127064.SZ
2024-05-31,做空,111017.SH
2024-05-31,做空,110074.SH
2024-05-31,做空,128141.SZ
2024-05-31,做空,123194.SZ
2024-05-31,做空,113682.SH
2024-05-31,做空,127050.SZ
2024-05-31,做空,123054.SZ
2024-05-31,做空,113634.SH
2024-05-31,做空,127095.SZ
2024-05-31,做空,113671.SH
2024-05-31,做空,127070.SZ
2024-05-31,做空,127045.SZ
2024-05-31,做空,113674.SH
2024-05-31,做空,113667.SH
2024-05-31,做空,127092.SZ
2024-05-31,做空,127069.SZ
2024-05-31,做空,128128.SZ
2024-05-31,做空,113062.SH
2024-05-31,做空,123114.SZ
2024-05-31,做空,127031.SZ
2024-05-31,做空,127040.SZ
2024-05-31,做空,127082.SZ
2024-05-31,做空,127084.SZ
2024-05-31,做空,127027.SZ
2024-05-31,做空,111000.SH
2024-05-31,做空,113631.SH
2024-05-31,做空,113658.SH
2024-05-31,做空,127054.SZ
2024-05-31,做空,123176.SZ
2024-06-28,做多,123183.SZ
2024-06-28,做多,123076.SZ
2024-06-28,做多,111004.SH
2024-06-28,做多,118042.SH
2024-06-28,做多,123168.SZ
2024-06-28,做多,123154.SZ
2024-06-28,做多,113650.SH
2024-06-28,做多,123215.SZ
2024-06-28,做多,113053.SH
2024-06-28,做多,123180.SZ
2024-06-28,做多,123165.SZ
2024-06-28,做多,123193.SZ
2024-06-28,做多,127105.SZ
2024-06-28,做多,113654.SH
2024-06-28,做多,123179.SZ
2024-06-28,做多,110081.SH
2024-06-28,做多,118022.SH
2024-06-28,做多,127103.SZ
2024-06-28,做多,127044.SZ
2024-06-28,做多,113048.SH
2024-06-28,做多,118032.SH
2024-06-28,做多,118034.SH
2024-06-28,做多,127061.SZ
2024-06-28,做多,118005.SH
2024-06-28,做多,123085.SZ
2024-06-28,做多,127034.SZ
2024-06-28,做多,110086.SH
2024-06-28,做多,127089.SZ
2024-06-28,做多,128108.SZ
2024-06-28,做多,113649.SH
2024-06-28,做多,123216.SZ
2024-06-28,做多,111009.SH
2024-06-28,做多,113640.SH
2024-06-28,做多,127068.SZ
2024-06-28,做多,118031.SH
2024-06-28,做多,123144.SZ
2024-06-28,做多,113665.SH
2024-06-28,做多,110095.SH
2024-06-28,做多,110092.SH
2024-06-28,做多,110072.SH
2024-06-28,做空,123192.SZ
2024-06-28,做空,127037.SZ
2024-06-28,做空,110075.SH
2024-06-28,做空,111017.SH
2024-06-28,做空,113588.SH
2024-06-28,做空,113067.SH
2024-06-28,做空,113066.SH
2024-06-28,做空,113051.SH
2024-06-28,做空,113615.SH
2024-06-28,做空,113634.SH
2024-06-28,做空,113042.SH
2024-06-28,做空,113646.SH
2024-06-28,做空,127050.SZ
2024-06-28,做空,113039.SH
2024-06-28,做空,110077.SH
2024-06-28,做空,113062.SH
2024-06-28,做空,123114.SZ
2024-06-28,做空,127064.SZ
2024-06-28,做空,127027.SZ
2024-06-28,做空,127092.SZ
2024-06-28,做空,110074.SH
2024-06-28,做空,113674.SH
2024-06-28,做空,123107.SZ
2024-06-28,做空,128141.SZ
2024-06-28,做空,123176.SZ
2024-06-28,做空,127045.SZ
2024-06-28,做空,113648.SH
2024-06-28,做空,128128.SZ
2024-06-28,做空,127095.SZ
2024-06-28,做空,113631.SH
2024-06-28,做空,127070.SZ
2024-06-28,做空,127084.SZ
2024-06-28,做空,123054.SZ
2024-06-28,做空,113671.SH
2024-06-28,做空,127054.SZ
2024-06-28,做空,113056.SH
2024-06-28,做空,111003.SH
2024-06-28,做空,113652.SH
2024-06-28,做空,113682.SH
2024-06-28,做空,113052.SH
2024-07-26,做多,113650.SH
2024-07-26,做多,113679.SH
2024-07-26,做多,123180.SZ
2024-07-26,做多,123154.SZ
2024-07-26,做多,113654.SH
2024-07-26,做多,118022.SH
2024-07-26,做多,123179.SZ
2024-07-26,做多,118042.SH
2024-07-26,做多,123215.SZ
2024-07-26,做多,123085.SZ
2024-07-26,做多,127098.SZ
2024-07-26,做多,127105.SZ
2024-07-26,做多,123193.SZ
2024-07-26,做多,123216.SZ
2024-07-26,做多,123165.SZ
2024-07-26,做多,111004.SH
2024-07-26,做多,118005.SH
2024-07-26,做多,113649.SH
2024-07-26,做多,123168.SZ
2024-07-26,做多,110081.SH
2024-07-26,做多,118034.SH
2024-07-26,做多,118032.SH
2024-07-26,做多,123172.SZ
2024-07-26,做多,110086.SH
2024-07-26,做多,127103.SZ
2024-07-26,做多,113640.SH
2024-07-26,做多,113048.SH
2024-07-26,做多,127061.SZ
2024-07-26,做多,128108.SZ
2024-07-26,做多,127034.SZ
2024-07-26,做多,127068.SZ
2024-07-26,做多,127089.SZ
2024-07-26,做多,127044.SZ
2024-07-26,做多,123144.SZ
2024-07-26,做多,111009.SH
2024-07-26,做多,118031.SH
2024-07-26,做多,113665.SH
2024-07-26,做多,110095.SH
2024-07-26,做多,110092.SH
2024-07-26,做空,110075.SH
2024-07-26,做空,127037.SZ
2024-07-26,做空,113646.SH
2024-07-26,做空,113042.SH
2024-07-26,做空,123192.SZ
2024-07-26,做空,113066.SH
2024-07-26,做空,113067.SH
2024-07-26,做空,113051.SH
2024-07-26,做空,113039.SH
2024-07-26,做空,113615.SH
2024-07-26,做空,127084.SZ
2024-07-26,做空,111017.SH
2024-07-26,做空,110074.SH
2024-07-26,做空,123114.SZ
2024-07-26,做空,127050.SZ
2024-07-26,做空,113634.SH
2024-07-26,做空,127027.SZ
2024-07-26,做空,113062.SH
2024-07-26,做空,123107.SZ
2024-07-26,做空,110077.SH
2024-07-26,做空,127092.SZ
2024-07-26,做空,128141.SZ
2024-07-26,做空,127095.SZ
2024-07-26,做空,113631.SH
2024-07-26,做空,113674.SH
2024-07-26,做空,127064.SZ
2024-07-26,做空,127045.SZ
2024-07-26,做空,113056.SH
2024-07-26,做空,123054.SZ
2024-07-26,做空,113052.SH
2024-07-26,做空,123176.SZ
2024-07-26,做空,111000.SH
2024-07-26,做空,128128.SZ
2024-07-26,做空,128129.SZ
2024-07-26,做空,113588.SH
2024-07-26,做空,127018.SZ
2024-07-26,做空,127069.SZ
2024-07-26,做空,128136.SZ
2024-07-26,做空,127054.SZ
2024-08-30,做多,127059.SZ
2024-08-30,做多,113677.SH
2024-08-30,做多,118036.SH
2024-08-30,做多,123154.SZ
2024-08-30,做多,118042.SH
2024-08-30,做多,113670.SH
2024-08-30,做多,111010.SH
2024-08-30,做多,113643.SH
2024-08-30,做多,123179.SZ
2024-08-30,做多,123180.SZ
2024-08-30,做多,113048.SH
2024-08-30,做多,127062.SZ
2024-08-30,做多,113679.SH
2024-08-30,做多,127034.SZ
2024-08-30,做多,123165.SZ
2024-08-30,做多,123216.SZ
2024-08-30,做多,118005.SH
2024-08-30,做多,123193.SZ
2024-08-30,做多,128108.SZ
2024-08-30,做多,123168.SZ
2024-08-30,做多,127105.SZ
2024-08-30,做多,111004.SH
2024-08-30,做多,123172.SZ
2024-08-30,做多,113649.SH
2024-08-30,做多,118034.SH
2024-08-30,做多,113640.SH
2024-08-30,做多,110081.SH
2024-08-30,做多,110086.SH
2024-08-30,做多,118032.SH
2024-08-30,做多,123215.SZ
2024-08-30,做多,123144.SZ
2024-08-30,做多,127068.SZ
2024-08-30,做多,127061.SZ
2024-08-30,做多,113665.SH
2024-08-30,做多,127103.SZ
2024-08-30,做多,111009.SH
2024-08-30,做多,118031.SH
2024-08-30,做多,127089.SZ
2024-08-30,做多,110095.SH
2024-08-30,做多,110092.SH
2024-08-30,做空,113686.SH
2024-08-30,做空,127037.SZ
2024-08-30,做空,113646.SH
2024-08-30,做空,110075.SH
2024-08-30,做空,113067.SH
2024-08-30,做空,110074.SH
2024-08-30,做空,113042.SH
2024-08-30,做空,127084.SZ
2024-08-30,做空,113634.SH
2024-08-30,做空,123192.SZ
2024-08-30,做空,127092.SZ
2024-08-30,做空,113066.SH
2024-08-30,做空,113051.SH
2024-08-30,做空,113615.SH
2024-08-30,做空,111017.SH
2024-08-30,做空,127050.SZ
2024-08-30,做空,113588.SH
2024-08-30,做空,123107.SZ
2024-08-30,做空,113039.SH
2024-08-30,做空,110077.SH
2024-08-30,做空,113062.SH
2024-08-30,做空,128141.SZ
2024-08-30,做空,113631.SH
2024-08-30,做空,123054.SZ
2024-08-30,做空,127027.SZ
2024-08-30,做空,113052.SH
2024-08-30,做空,113037.SH
2024-08-30,做空,127031.SZ
2024-08-30,做空,127054.SZ
2024-08-30,做空,113673.SH
2024-08-30,做空,127095.SZ
2024-08-30,做空,127018.SZ
2024-08-30,做空,110084.SH
2024-08-30,做空,128129.SZ
2024-08-30,做空,113056.SH
2024-08-30,做空,128128.SZ
2024-08-30,做空,110073.SH
2024-08-30,做空,123176.SZ
2024-08-30,做空,128136.SZ
2024-08-30,做空,127082.SZ
2024-09-27,做多,113677.SH
2024-09-27,做多,113670.SH
2024-09-27,做多,113643.SH
2024-09-27,做多,118022.SH
2024-09-27,做多,123154.SZ
2024-09-27,做多,113679.SH
2024-09-27,做多,123179.SZ
2024-09-27,做多,127044.SZ
2024-09-27,做多,118042.SH
2024-09-27,做多,127105.SZ
2024-09-27,做多,113048.SH
2024-09-27,做多,118005.SH
2024-09-27,做多,127103.SZ
2024-09-27,做多,123168.SZ
2024-09-27,做多,127062.SZ
2024-09-27,做多,127098.SZ
2024-09-27,做多,123193.SZ
2024-09-27,做多,123165.SZ
2024-09-27,做多,123180.SZ
2024-09-27,做多,127034.SZ
2024-09-27,做多,113649.SH
2024-09-27,做多,113640.SH
2024-09-27,做多,128108.SZ
2024-09-27,做多,110086.SH
2024-09-27,做多,127061.SZ
2024-09-27,做多,123172.SZ
2024-09-27,做多,110081.SH
2024-09-27,做多,118034.SH
2024-09-27,做多,118032.SH
2024-09-27,做多,111004.SH
2024-09-27,做多,123216.SZ
2024-09-27,做多,123215.SZ
2024-09-27,做多,127068.SZ
2024-09-27,做多,123144.SZ
2024-09-27,做多,113665.SH
2024-09-27,做多,111009.SH
2024-09-27,做多,127089.SZ
2024-09-27,做多,118031.SH
2024-09-27,做多,110095.SH
2024-09-27,做多,110092.SH
2024-09-27,做空,113686.SH
2024-09-27,做空,127037.SZ
2024-09-27,做空,113588.SH
2024-09-27,做空,113066.SH
2024-09-27,做空,110075.SH
2024-09-27,做空,110074.SH
2024-09-27,做空,113067.SH
2024-09-27,做空,113615.SH
2024-09-27,做空,113646.SH
2024-09-27,做空,113042.SH
2024-09-27,做空,127092.SZ
2024-09-27,做空,113634.SH
2024-09-27,做空,113051.SH
2024-09-27,做空,123054.SZ
2024-09-27,做空,110077.SH
2024-09-27,做空,123192.SZ
2024-09-27,做空,113062.SH
2024-09-27,做空,127095.SZ
2024-09-27,做空,127050.SZ
2024-09-27,做空,113039.SH
2024-09-27,做空,111017.SH
2024-09-27,做空,110073.SH
2024-09-27,做空,127084.SZ
2024-09-27,做空,128141.SZ
2024-09-27,做空,123107.SZ
2024-09-27,做空,113631.SH
2024-09-27,做空,127027.SZ
2024-09-27,做空,127041.SZ
2024-09-27,做空,113037.SH
2024-09-27,做空,127064.SZ
2024-09-27,做空,113043.SH
2024-09-27,做空,128128.SZ
2024-09-27,做空,113052.SH
2024-09-27,做空,128136.SZ
2024-09-27,做空,113056.SH
2024-09-27,做空,127018.SZ
2024-09-27,做空,127054.SZ
2024-09-27,做空,113658.SH
2024-09-27,做空,113632.SH
2024-09-27,做空,123059.SZ
2024-10-25,做多,113643.SH
2024-10-25,做多,128134.SZ
2024-10-25,做多,113679.SH
2024-10-25,做多,123193.SZ
2024-10-25,做多,113046.SH
2024-10-25,做多,127067.SZ
2024-10-25,做多,118042.SH
2024-10-25,做多,127098.SZ
2024-10-25,做多,111014.SH
2024-10-25,做多,123172.SZ
2024-10-25,做多,113053.SH
2024-10-25,做多,127062.SZ
2024-10-25,做多,127105.SZ
2024-10-25,做多,113048.SH
2024-10-25,做多,127103.SZ
2024-10-25,做多,118034.SH
2024-10-25,做多,113650.SH
2024-10-25,做多,123154.SZ
2024-10-25,做多,123165.SZ
2024-10-25,做多,113649.SH
2024-10-25,做多,111004.SH
2024-10-25,做多,123179.SZ
2024-10-25,做多,113640.SH
2024-10-25,做多,127034.SZ
2024-10-25,做多,128108.SZ
2024-10-25,做多,123180.SZ
2024-10-25,做多,110086.SH
2024-10-25,做多,123216.SZ
2024-10-25,做多,118022.SH
2024-10-25,做多,127061.SZ
2024-10-25,做多,118005.SH
2024-10-25,做多,118032.SH
2024-10-25,做多,110095.SH
2024-10-25,做多,123215.SZ
2024-10-25,做多,113665.SH
2024-10-25,做多,127089.SZ
2024-10-25,做多,127068.SZ
2024-10-25,做多,123144.SZ
2024-10-25,做多,111009.SH
2024-10-25,做多,118031.SH
2024-10-25,做多,110092.SH
2024-10-25,做空,113686.SH
2024-10-25,做空,113615.SH
2024-10-25,做空,113646.SH
2024-10-25,做空,110075.SH
2024-10-25,做空,113588.SH
2024-10-25,做空,113066.SH
2024-10-25,做空,111017.SH
2024-10-25,做空,118050.SH
2024-10-25,做空,127037.SZ
2024-10-25,做空,113039.SH
2024-10-25,做空,127092.SZ
2024-10-25,做空,113042.SH
2024-10-25,做空,123241.SZ
2024-10-25,做空,123054.SZ
2024-10-25,做空,127050.SZ
2024-10-25,做空,113062.SH
2024-10-25,做空,113051.SH
2024-10-25,做空,110077.SH
2024-10-25,做空,127095.SZ
2024-10-25,做空,113067.SH
2024-10-25,做空,110074.SH
2024-10-25,做空,113634.SH
2024-10-25,做空,110073.SH
2024-10-25,做空,127099.SZ
2024-10-25,做空,127084.SZ
2024-10-25,做空,128141.SZ
2024-10-25,做空,123176.SZ
2024-10-25,做空,127055.SZ
2024-10-25,做空,113631.SH
2024-10-25,做空,123213.SZ
2024-10-25,做空,123059.SZ
2024-10-25,做空,113043.SH
2024-10-25,做空,111003.SH
2024-10-25,做空,123211.SZ
2024-10-25,做空,118003.SH
2024-10-25,做空,118030.SH
2024-10-25,做空,127031.SZ
2024-10-25,做空,127041.SZ
2024-10-25,做空,123107.SZ
2024-10-25,做空,127018.SZ
2024-10-25,做空,113037.SH
2024-11-29,做多,110087.SH
2024-11-29,做多,113643.SH
2024-11-29,做多,113046.SH
2024-11-29,做多,113648.SH
2024-11-29,做多,111014.SH
2024-11-29,做多,127044.SZ
2024-11-29,做多,113059.SH
2024-11-29,做多,113650.SH
2024-11-29,做多,127103.SZ
2024-11-29,做多,127062.SZ
2024-11-29,做多,110095.SH
2024-11-29,做多,127098.SZ
2024-11-29,做多,113048.SH
2024-11-29,做多,113649.SH
2024-11-29,做多,127067.SZ
2024-11-29,做多,110086.SH
2024-11-29,做多,123179.SZ
2024-11-29,做多,113679.SH
2024-11-29,做多,123247.SZ
2024-11-29,做多,113053.SH
2024-11-29,做多,127034.SZ
2024-11-29,做多,123193.SZ
2024-11-29,做多,118005.SH
2024-11-29,做多,123154.SZ
2024-11-29,做多,111004.SH
2024-11-29,做多,128108.SZ
2024-11-29,做多,123216.SZ
2024-11-29,做多,123180.SZ
2024-11-29,做多,118042.SH
2024-11-29,做多,123165.SZ
2024-11-29,做多,113665.SH
2024-11-29,做多,118022.SH
2024-11-29,做多,118034.SH
2024-11-29,做多,111009.SH
2024-11-29,做多,127061.SZ
2024-11-29,做多,118032.SH
2024-11-29,做多,127089.SZ
2024-11-29,做多,127068.SZ
2024-11-29,做多,118031.SH
2024-11-29,做多,123144.SZ
2024-11-29,做多,110092.SH
2024-11-29,做空,113686.SH
2024-11-29,做空,113588.SH
2024-11-29,做空,113615.SH
2024-11-29,做空,123054.SZ
2024-11-29,做空,118050.SH
2024-11-29,做空,127037.SZ
2024-11-29,做空,113646.SH
2024-11-29,做空,111017.SH
2024-11-29,做空,110075.SH
2024-11-29,做空,127084.SZ
2024-11-29,做空,127092.SZ
2024-11-29,做空,110077.SH
2024-11-29,做空,113042.SH
2024-11-29,做空,113066.SH
2024-11-29,做空,123059.SZ
2024-11-29,做空,123211.SZ
2024-11-29,做空,113062.SH
2024-11-29,做空,127050.SZ
2024-11-29,做空,113051.SH
2024-11-29,做空,113634.SH
2024-11-29,做空,113039.SH
2024-11-29,做空,110074.SH
2024-11-29,做空,113067.SH
2024-11-29,做空,123213.SZ
2024-11-29,做空,128141.SZ
2024-11-29,做空,127072.SZ
2024-11-29,做空,127095.SZ
2024-11-29,做空,110073.SH
2024-11-29,做空,113043.SH
2024-11-29,做空,123176.SZ
2024-11-29,做空,127064.SZ
2024-11-29,做空,111003.SH
2024-11-29,做空,123112.SZ
2024-11-29,做空,127099.SZ
2024-11-29,做空,123235.SZ
2024-11-29,做空,113631.SH
2024-11-29,做空,118030.SH
2024-11-29,做空,127041.SZ
2024-11-29,做空,118003.SH
2024-11-29,做空,113674.SH
2024-11-29,做空,111020.SH
2024-12-27,做多,113627.SH
2024-12-27,做多,127044.SZ
2024-12-27,做多,123183.SZ
2024-12-27,做多,113679.SH
2024-12-27,做多,123168.SZ
2024-12-27,做多,113650.SH
2024-12-27,做多,110086.SH
2024-12-27,做多,113048.SH
2024-12-27,做多,113059.SH
2024-12-27,做多,127067.SZ
2024-12-27,做多,113640.SH
2024-12-27,做多,113681.SH
2024-12-27,做多,113633.SH
2024-12-27,做多,113648.SH
2024-12-27,做多,123179.SZ
2024-12-27,做多,127098.SZ
2024-12-27,做多,123247.SZ
2024-12-27,做多,123165.SZ
2024-12-27,做多,127034.SZ
2024-12-27,做多,127103.SZ
2024-12-27,做多,123154.SZ
2024-12-27,做多,113053.SH
2024-12-27,做多,111004.SH
2024-12-27,做多,118042.SH
2024-12-27,做多,128108.SZ
2024-12-27,做多,113649.SH
2024-12-27,做多,123180.SZ
2024-12-27,做多,123216.SZ
2024-12-27,做多,111009.SH
2024-12-27,做多,118005.SH
2024-12-27,做多,118032.SH
2024-12-27,做多,118022.SH
2024-12-27,做多,110095.SH
2024-12-27,做多,113665.SH
2024-12-27,做多,118031.SH
2024-12-27,做多,118034.SH
2024-12-27,做多,127068.SZ
2024-12-27,做多,127061.SZ
2024-12-27,做多,123144.SZ
2024-12-27,做多,127089.SZ
2024-12-27,做多,110092.SH
2024-12-27,做空,113686.SH
2024-12-27,做空,113588.SH
2024-12-27,做空,113615.SH
2024-12-27,做空,111017.SH
2024-12-27,做空,123059.SZ
2024-12-27,做空,110075.SH
2024-12-27,做空,127084.SZ
2024-12-27,做空,118050.SH
2024-12-27,做空,123211.SZ
2024-12-27,做空,110097.SH
2024-12-27,做空,123054.SZ
2024-12-27,做空,110074.SH
2024-12-27,做空,113066.SH
2024-12-27,做空,118030.SH
2024-12-27,做空,113646.SH
2024-12-27,做空,113062.SH
2024-12-27,做空,113688.SH
2024-12-27,做空,113039.SH
2024-12-27,做空,127037.SZ
2024-12-27,做空,123213.SZ
2024-12-27,做空,110077.SH
2024-12-27,做空,127050.SZ
2024-12-27,做空,113042.SH
2024-12-27,做空,110073.SH
2024-12-27,做空,113051.SH
2024-12-27,做空,127072.SZ
2024-12-27,做空,113043.SH
2024-12-27,做空,127092.SZ
2024-12-27,做空,113067.SH
2024-12-27,做空,123112.SZ
2024-12-27,做空,127095.SZ
2024-12-27,做空,123241.SZ
2024-12-27,做空,128141.SZ
2024-12-27,做空,118013.SH
2024-12-27,做空,123176.SZ
2024-12-27,做空,113631.SH
2024-12-27,做空,113056.SH
2024-12-27,做空,111020.SH
2024-12-27,做空,113667.SH
2024-12-27,做空,113666.SH
2024-12-27,做空,113634.SH
2025-01-24,做多,113048.SH
2025-01-24,做多,123168.SZ
2025-01-24,做多,110087.SH
2025-01-24,做多,123085.SZ
2025-01-24,做多,113650.SH
2025-01-24,做多,113661.SH
2025-01-24,做多,110086.SH
2025-01-24,做多,123172.SZ
2025-01-24,做多,127044.SZ
2025-01-24,做多,113679.SH
2025-01-24,做多,123193.SZ
2025-01-24,做多,123247.SZ
2025-01-24,做多,123179.SZ
2025-01-24,做多,127034.SZ
2025-01-24,做多,113059.SH
2025-01-24,做多,113633.SH
2025-01-24,做多,113648.SH
2025-01-24,做多,113649.SH
2025-01-24,做多,127067.SZ
2025-01-24,做多,111004.SH
2025-01-24,做多,123165.SZ
2025-01-24,做多,113665.SH
2025-01-24,做多,123154.SZ
2025-01-24,做多,123180.SZ
2025-01-24,做多,113053.SH
2025-01-24,做多,127098.SZ
2025-01-24,做多,118005.SH
2025-01-24,做多,127103.SZ
2025-01-24,做多,118042.SH
2025-01-24,做多,128108.SZ
2025-01-24,做多,118032.SH
2025-01-24,做多,110095.SH
2025-01-24,做多,111009.SH
2025-01-24,做多,123216.SZ
2025-01-24,做多,118022.SH
2025-01-24,做多,127068.SZ
2025-01-24,做多,118031.SH
2025-01-24,做多,123144.SZ
2025-01-24,做多,118034.SH
2025-01-24,做多,127089.SZ
2025-01-24,做多,127061.SZ
2025-01-24,做多,110092.SH
2025-01-24,做空,123054.SZ
2025-01-24,做空,113588.SH
2025-01-24,做空,113615.SH
2025-01-24,做空,123059.SZ
2025-01-24,做空,118050.SH
2025-01-24,做空,110074.SH
2025-01-24,做空,127084.SZ
2025-01-24,做空,110075.SH
2025-01-24,做空,127092.SZ
2025-01-24,做空,127072.SZ
2025-01-24,做空,127037.SZ
2025-01-24,做空,123211.SZ
2025-01-24,做空,127062.SZ
2025-01-24,做空,118030.SH
2025-01-24,做空,110077.SH
2025-01-24,做空,127050.SZ
2025-01-24,做空,113039.SH
2025-01-24,做空,111017.SH
2025-01-24,做空,118013.SH
2025-01-24,做空,113646.SH
2025-01-24,做空,113066.SH
2025-01-24,做空,110097.SH
2025-01-24,做空,113688.SH
2025-01-24,做空,113062.SH
2025-01-24,做空,123213.SZ
2025-01-24,做空,113042.SH
2025-01-24,做空,113667.SH
2025-01-24,做空,113051.SH
2025-01-24,做空,111020.SH
2025-01-24,做空,128141.SZ
2025-01-24,做空,113052.SH
2025-01-24,做空,113677.SH
2025-01-24,做空,118003.SH
2025-01-24,做空,127095.SZ
2025-01-24,做空,113632.SH
2025-01-24,做空,127055.SZ
2025-01-24,做空,113067.SH
2025-01-24,做空,127041.SZ
2025-01-24,做空,113631.SH
2025-01-24,做空,110073.SH
2025-01-24,做空,113634.SH
2025-01-24,做空,123235.SZ
2025-02-28,做多,110087.SH
2025-02-28,做多,111001.SH
2025-02-28,做多,127085.SZ
2025-02-28,做多,127025.SZ
2025-02-28,做多,113648.SH
2025-02-28,做多,113640.SH
2025-02-28,做多,123168.SZ
2025-02-28,做多,113643.SH
2025-02-28,做多,127067.SZ
2025-02-28,做多,113650.SH
2025-02-28,做多,113655.SH
2025-02-28,做多,110095.SH
2025-02-28,做多,111014.SH
2025-02-28,做多,113679.SH
2025-02-28,做多,127044.SZ
2025-02-28,做多,127034.SZ
2025-02-28,做多,123193.SZ
2025-02-28,做多,123172.SZ
2025-02-28,做多,118031.SH
2025-02-28,做多,113059.SH
2025-02-28,做多,111004.SH
2025-02-28,做多,123179.SZ
2025-02-28,做多,123165.SZ
2025-02-28,做多,113633.SH
2025-02-28,做多,127103.SZ
2025-02-28,做多,123154.SZ
2025-02-28,做多,118005.SH
2025-02-28,做多,123180.SZ
2025-02-28,做多,127098.SZ
2025-02-28,做多,118042.SH
2025-02-28,做多,118034.SH
2025-02-28,做多,128108.SZ
2025-02-28,做多,127089.SZ
2025-02-28,做多,113665.SH
2025-02-28,做多,118032.SH
2025-02-28,做多,111009.SH
2025-02-28,做多,123216.SZ
2025-02-28,做多,118022.SH
2025-02-28,做多,127068.SZ
2025-02-28,做多,123144.SZ
2025-02-28,做多,127061.SZ
2025-02-28,做多,110092.SH
2025-02-28,做空,113588.SH
2025-02-28,做空,113615.SH
2025-02-28,做空,127084.SZ
2025-02-28,做空,123054.SZ
2025-02-28,做空,118050.SH
2025-02-28,做空,110075.SH
2025-02-28,做空,110074.SH
2025-02-28,做空,110097.SH
2025-02-28,做空,118030.SH
2025-02-28,做空,113692.SH
2025-02-28,做空,127072.SZ
2025-02-28,做空,110077.SH
2025-02-28,做空,113039.SH
2025-02-28,做空,118013.SH
2025-02-28,做空,118003.SH
2025-02-28,做空,123211.SZ
2025-02-28,做空,127050.SZ
2025-02-28,做空,127037.SZ
2025-02-28,做空,123235.SZ
2025-02-28,做空,123059.SZ
2025-02-28,做空,113646.SH
2025-02-28,做空,113051.SH
2025-02-28,做空,113667.SH
2025-02-28,做空,113062.SH
2025-02-28,做空,110098.SH
2025-02-28,做空,113688.SH
2025-02-28,做空,127040.SZ
2025-02-28,做空,113616.SH
2025-02-28,做空,127095.SZ
2025-02-28,做空,111003.SH
2025-02-28,做空,111017.SH
2025-02-28,做空,128141.SZ
2025-02-28,做空,113067.SH
2025-02-28,做空,127055.SZ
2025-02-28,做空,110090.SH
2025-02-28,做空,127092.SZ
2025-02-28,做空,113066.SH
2025-02-28,做空,123112.SZ
2025-02-28,做空,113631.SH
2025-02-28,做空,113052.SH
2025-02-28,做空,118051.SH
2025-02-28,做空,127041.SZ
2025-03-28,做多,111010.SH
2025-03-28,做多,123168.SZ
2025-03-28,做多,127102.SZ
2025-03-28,做多,110085.SH
2025-03-28,做多,123085.SZ
2025-03-28,做多,110095.SH
2025-03-28,做多,127034.SZ
2025-03-28,做多,111001.SH
2025-03-28,做多,127025.SZ
2025-03-28,做多,113670.SH
2025-03-28,做多,113048.SH
2025-03-28,做多,111014.SH
2025-03-28,做多,127089.SZ
2025-03-28,做多,127085.SZ
2025-03-28,做多,113650.SH
2025-03-28,做多,127044.SZ
2025-03-28,做多,113655.SH
2025-03-28,做多,123193.SZ
2025-03-28,做多,113633.SH
2025-03-28,做多,123172.SZ
2025-03-28,做多,113679.SH
2025-03-28,做多,123179.SZ
2025-03-28,做多,113059.SH
2025-03-28,做多,123165.SZ
2025-03-28,做多,128108.SZ
2025-03-28,做多,123180.SZ
2025-03-28,做多,118031.SH
2025-03-28,做多,123216.SZ
2025-03-28,做多,127103.SZ
2025-03-28,做多,127068.SZ
2025-03-28,做多,118005.SH
2025-03-28,做多,127098.SZ
2025-03-28,做多,123154.SZ
2025-03-28,做多,118042.SH
2025-03-28,做多,118034.SH
2025-03-28,做多,118032.SH
2025-03-28,做多,113665.SH
2025-03-28,做多,111009.SH
2025-03-28,做多,118022.SH
2025-03-28,做多,127061.SZ
2025-03-28,做多,123144.SZ
2025-03-28,做多,110092.SH
2025-03-28,做空,113588.SH
2025-03-28,做空,127084.SZ
2025-03-28,做空,113615.SH
2025-03-28,做空,110075.SH
2025-03-28,做空,118050.SH
2025-03-28,做空,123059.SZ
2025-03-28,做空,123235.SZ
2025-03-28,做空,110098.SH
2025-03-28,做空,123054.SZ
2025-03-28,做空,110097.SH
2025-03-28,做空,110077.SH
2025-03-28,做空,127037.SZ
2025-03-28,做空,113692.SH
2025-03-28,做空,123211.SZ
2025-03-28,做空,113070.SH
2025-03-28,做空,113039.SH
2025-03-28,做空,111017.SH
2025-03-28,做空,113051.SH
2025-03-28,做空,113067.SH
2025-03-28,做空,127050.SZ
2025-03-28,做空,113646.SH
2025-03-28,做空,113688.SH
2025-03-28,做空,118013.SH
2025-03-28,做空,113066.SH
2025-03-28,做空,127040.SZ
2025-03-28,做空,113052.SH
2025-03-28,做空,113062.SH
2025-03-28,做空,113616.SH
2025-03-28,做空,127072.SZ
2025-03-28,做空,127095.SZ
2025-03-28,做空,123107.SZ
2025-03-28,做空,127055.SZ
2025-03-28,做空,118030.SH
2025-03-28,做空,127045.SZ
2025-03-28,做空,118003.SH
2025-03-28,做空,111020.SH
2025-03-28,做空,127053.SZ
2025-03-28,做空,111003.SH
2025-03-28,做空,113042.SH
2025-03-28,做空,113634.SH
2025-03-28,做空,113043.SH
2025-03-28,做空,118004.SH
2025-04-30,做多,111014.SH
2025-04-30,做多,110081.SH
2025-04-30,做多,113670.SH
2025-04-30,做多,127067.SZ
2025-04-30,做多,113650.SH
2025-04-30,做多,111015.SH
2025-04-30,做多,110087.SH
2025-04-30,做多,113655.SH
2025-04-30,做多,123194.SZ
2025-04-30,做多,127085.SZ
2025-04-30,做多,127044.SZ
2025-04-30,做多,123193.SZ
2025-04-30,做多,123179.SZ
2025-04-30,做多,123172.SZ
2025-04-30,做多,123168.SZ
2025-04-30,做多,128108.SZ
2025-04-30,做多,113691.SH
2025-04-30,做多,113633.SH
2025-04-30,做多,123180.SZ
2025-04-30,做多,123165.SZ
2025-04-30,做多,118024.SH
2025-04-30,做多,113048.SH
2025-04-30,做多,110085.SH
2025-04-30,做多,113679.SH
2025-04-30,做多,118005.SH
2025-04-30,做多,113059.SH
2025-04-30,做多,123154.SZ
2025-04-30,做多,113665.SH
2025-04-30,做多,111009.SH
2025-04-30,做多,127068.SZ
2025-04-30,做多,123216.SZ
2025-04-30,做多,118022.SH
2025-04-30,做多,118032.SH
2025-04-30,做多,127103.SZ
2025-04-30,做多,118042.SH
2025-04-30,做多,127098.SZ
2025-04-30,做多,127061.SZ
2025-04-30,做多,110095.SH
2025-04-30,做多,118034.SH
2025-04-30,做多,127089.SZ
2025-04-30,做多,118031.SH
2025-04-30,做多,110092.SH
2025-04-30,做空,113588.SH
2025-04-30,做空,127084.SZ
2025-04-30,做空,118030.SH
2025-04-30,做空,123054.SZ
2025-04-30,做空,123059.SZ
2025-04-30,做空,113615.SH
2025-04-30,做空,110074.SH
2025-04-30,做空,127037.SZ
2025-04-30,做空,110075.SH
2025-04-30,做空,118050.SH
2025-04-30,做空,110097.SH
2025-04-30,做空,113070.SH
2025-04-30,做空,110077.SH
2025-04-30,做空,127092.SZ
2025-04-30,做空,113039.SH
2025-04-30,做空,127072.SZ
2025-04-30,做空,113067.SH
2025-04-30,做空,123235.SZ
2025-04-30,做空,113051.SH
2025-04-30,做空,123211.SZ
2025-04-30,做空,111017.SH
2025-04-30,做空,113646.SH
2025-04-30,做空,113634.SH
2025-04-30,做空,110098.SH
2025-04-30,做空,113052.SH
2025-04-30,做空,113062.SH
2025-04-30,做空,113631.SH
2025-04-30,做空,118013.SH
2025-04-30,做空,113616.SH
2025-04-30,做空,128142.SZ
2025-04-30,做空,127040.SZ
2025-04-30,做空,128141.SZ
2025-04-30,做空,113605.SH
2025-04-30,做空,123213.SZ
2025-04-30,做空,123241.SZ
2025-04-30,做空,113042.SH
2025-04-30,做空,118004.SH
2025-04-30,做空,127041.SZ
2025-04-30,做空,113632.SH
2025-04-30,做空,127031.SZ
2025-04-30,做空,113058.SH
2025-04-30,做空,113666.SH
2025-05-30,做多,127085.SZ
2025-05-30,做多,110081.SH
2025-05-30,做多,111015.SH
2025-05-30,做多,110086.SH
2025-05-30,做多,118033.SH
2025-05-30,做多,113670.SH
2025-05-30,做多,123252.SZ
2025-05-30,做多,127090.SZ
2025-05-30,做多,123193.SZ
2025-05-30,做多,110087.SH
2025-05-30,做多,127067.SZ
2025-05-30,做多,123179.SZ
2025-05-30,做多,113655.SH
2025-05-30,做多,111010.SH
2025-05-30,做多,123194.SZ
2025-05-30,做多,113633.SH
2025-05-30,做多,113691.SH
2025-05-30,做多,127044.SZ
2025-05-30,做多,118024.SH
2025-05-30,做多,123180.SZ
2025-05-30,做多,113048.SH
2025-05-30,做多,123172.SZ
2025-05-30,做多,123165.SZ
2025-05-30,做多,113679.SH
2025-05-30,做多,111009.SH
2025-05-30,做多,113665.SH
2025-05-30,做多,118005.SH
2025-05-30,做多,123154.SZ
2025-05-30,做多,110085.SH
2025-05-30,做多,123216.SZ
2025-05-30,做多,113059.SH
2025-05-30,做多,118032.SH
2025-05-30,做多,127103.SZ
2025-05-30,做多,118022.SH
2025-05-30,做多,118042.SH
2025-05-30,做多,127068.SZ
2025-05-30,做多,127098.SZ
2025-05-30,做多,127061.SZ
2025-05-30,做多,110095.SH
2025-05-30,做多,118034.SH
2025-05-30,做多,118031.SH
2025-05-30,做多,127089.SZ
2025-05-30,做多,110092.SH
2025-05-30,做空,113588.SH
2025-05-30,做空,110074.SH
2025-05-30,做空,127084.SZ
2025-05-30,做空,123059.SZ
2025-05-30,做空,123054.SZ
2025-05-30,做空,127037.SZ
2025-05-30,做空,118050.SH
2025-05-30,做空,113615.SH
2025-05-30,做空,110075.SH
2025-05-30,做空,110097.SH
2025-05-30,做空,110077.SH
2025-05-30,做空,113070.SH
2025-05-30,做空,123255.SZ
2025-05-30,做空,113067.SH
2025-05-30,做空,113051.SH
2025-05-30,做空,118030.SH
2025-05-30,做空,127092.SZ
2025-05-30,做空,113039.SH
2025-05-30,做空,113646.SH
2025-05-30,做空,113052.SH
2025-05-30,做空,111017.SH
2025-05-30,做空,110098.SH
2025-05-30,做空,128142.SZ
2025-05-30,做空,123211.SZ
2025-05-30,做空,118004.SH
2025-05-30,做空,113042.SH
2025-05-30,做空,113062.SH
2025-05-30,做空,123107.SZ
2025-05-30,做空,128141.SZ
2025-05-30,做空,113605.SH
2025-05-30,做空,113634.SH
2025-05-30,做空,113066.SH
2025-05-30,做空,113631.SH
2025-05-30,做空,127031.SZ
2025-05-30,做空,127045.SZ
2025-05-30,做空,111020.SH
2025-05-30,做空,127040.SZ
2025-05-30,做空,111003.SH
2025-05-30,做空,127072.SZ
2025-05-30,做空,118013.SH
2025-05-30,做空,127041.SZ
2025-05-30,做空,113056.SH
2025-05-30,做空,113037.SH
2025-06-27,做多,110086.SH
2025-06-27,做多,128134.SZ
2025-06-27,做多,127090.SZ
2025-06-27,做多,111014.SH
2025-06-27,做多,127025.SZ
2025-06-27,做多,113655.SH
2025-06-27,做多,127030.SZ
2025-06-27,做多,113670.SH
2025-06-27,做多,127067.SZ
2025-06-27,做多,111010.SH
2025-06-27,做多,118033.SH
2025-06-27,做多,127085.SZ
2025-06-27,做多,110087.SH
2025-06-27,做多,123172.SZ
2025-06-27,做多,113679.SH
2025-06-27,做多,113633.SH
2025-06-27,做多,113048.SH
2025-06-27,做多,123165.SZ
2025-06-27,做多,123180.SZ
2025-06-27,做多,118024.SH
2025-06-27,做多,123179.SZ
2025-06-27,做多,127044.SZ
2025-06-27,做多,110085.SH
2025-06-27,做多,110081.SH
2025-06-27,做多,118005.SH
2025-06-27,做多,113691.SH
2025-06-27,做多,127068.SZ
2025-06-27,做多,111009.SH
2025-06-27,做多,118032.SH
2025-06-27,做多,113059.SH
2025-06-27,做多,113665.SH
2025-06-27,做多,123154.SZ
2025-06-27,做多,123216.SZ
2025-06-27,做多,118042.SH
2025-06-27,做多,127103.SZ
2025-06-27,做多,118022.SH
2025-06-27,做多,127098.SZ
2025-06-27,做多,127089.SZ
2025-06-27,做多,118034.SH
2025-06-27,做多,118031.SH
2025-06-27,做多,110095.SH
2025-06-27,做空,127037.SZ
2025-06-27,做空,110074.SH
2025-06-27,做空,127084.SZ
2025-06-27,做空,113677.SH
2025-06-27,做空,123059.SZ
2025-06-27,做空,118050.SH
2025-06-27,做空,110097.SH
2025-06-27,做空,110075.SH
2025-06-27,做空,110077.SH
2025-06-27,做空,113070.SH
2025-06-27,做空,113043.SH
2025-06-27,做空,123255.SZ
2025-06-27,做空,113067.SH
2025-06-27,做空,113646.SH
2025-06-27,做空,113039.SH
2025-06-27,做空,113051.SH
2025-06-27,做空,128129.SZ
2025-06-27,做空,127092.SZ
2025-06-27,做空,111017.SH
2025-06-27,做空,127045.SZ
2025-06-27,做空,123235.SZ
2025-06-27,做空,127072.SZ
2025-06-27,做空,118013.SH
2025-06-27,做空,123211.SZ
2025-06-27,做空,118004.SH
2025-06-27,做空,113066.SH
2025-06-27,做空,128142.SZ
2025-06-27,做空,110098.SH
2025-06-27,做空,113597.SH
2025-06-27,做空,123241.SZ
2025-06-27,做空,128141.SZ
2025-06-27,做空,127040.SZ
2025-06-27,做空,110073.SH
2025-06-27,做空,113052.SH
2025-06-27,做空,127031.SZ
2025-06-27,做空,113037.SH
2025-06-27,做空,113054.SH
2025-06-27,做空,113616.SH
2025-06-27,做空,123112.SZ
2025-06-27,做空,111003.SH
2025-06-27,做空,127024.SZ
2025-07-25,做多,127089.SZ
2025-07-25,做多,111010.SH
2025-07-25,做多,111004.SH
2025-07-25,做多,113627.SH
2025-07-25,做多,127067.SZ
2025-07-25,做多,110081.SH
2025-07-25,做多,127046.SZ
2025-07-25,做多,128134.SZ
2025-07-25,做多,113679.SH
2025-07-25,做多,127090.SZ
2025-07-25,做多,113048.SH
2025-07-25,做多,113670.SH
2025-07-25,做多,118033.SH
2025-07-25,做多,123252.SZ
2025-07-25,做多,111014.SH
2025-07-25,做多,110085.SH
2025-07-25,做多,113655.SH
2025-07-25,做多,127068.SZ
2025-07-25,做多,123216.SZ
2025-07-25,做多,113650.SH
2025-07-25,做多,123180.SZ
2025-07-25,做多,127025.SZ
2025-07-25,做多,113633.SH
2025-07-25,做多,123172.SZ
2025-07-25,做多,123165.SZ
2025-07-25,做多,127103.SZ
2025-07-25,做多,111009.SH
2025-07-25,做多,110095.SH
2025-07-25,做多,118024.SH
2025-07-25,做多,123179.SZ
2025-07-25,做多,127044.SZ
2025-07-25,做多,118032.SH
2025-07-25,做多,118031.SH
2025-07-25,做多,123154.SZ
2025-07-25,做多,113059.SH
2025-07-25,做多,127098.SZ
2025-07-25,做多,118042.SH
2025-07-25,做多,118022.SH
2025-07-25,做多,118005.SH
2025-07-25,做多,118034.SH
2025-07-25,做空,110074.SH
2025-07-25,做空,118050.SH
2025-07-25,做空,113677.SH
2025-07-25,做空,113066.SH
2025-07-25,做空,123255.SZ
2025-07-25,做空,127037.SZ
2025-07-25,做空,110075.SH
2025-07-25,做空,118013.SH
2025-07-25,做空,113043.SH
2025-07-25,做空,123241.SZ
2025-07-25,做空,110097.SH
2025-07-25,做空,113067.SH
2025-07-25,做空,118030.SH
2025-07-25,做空,113615.SH
2025-07-25,做空,128128.SZ
2025-07-25,做空,113646.SH
2025-07-25,做空,127072.SZ
2025-07-25,做空,113039.SH
2025-07-25,做空,113070.SH
2025-07-25,做空,111017.SH
2025-07-25,做空,127092.SZ
2025-07-25,做空,127084.SZ
2025-07-25,做空,123211.SZ
2025-07-25,做空,110098.SH
2025-07-25,做空,118053.SH
2025-07-25,做空,113597.SH
2025-07-25,做空,127040.SZ
2025-07-25,做空,127031.SZ
2025-07-25,做空,113051.SH
2025-07-25,做空,127045.SZ
2025-07-25,做空,113616.SH
2025-07-25,做空,113667.SH
2025-07-25,做空,128129.SZ
2025-07-25,做空,123112.SZ
2025-07-25,做空,111005.SH
2025-07-25,做空,123064.SZ
2025-07-25,做空,128137.SZ
2025-07-25,做空,110077.SH
2025-07-25,做空,127050.SZ
2025-07-25,做空,128141.SZ
2025-08-29,做多,127088.SZ
2025-08-29,做多,113627.SH
2025-08-29,做多,127062.SZ
2025-08-29,做多,127056.SZ
2025-08-29,做多,123117.SZ
2025-08-29,做多,127046.SZ
2025-08-29,做多,111009.SH
2025-08-29,做多,118033.SH
2025-08-29,做多,127102.SZ
2025-08-29,做多,123104.SZ
2025-08-29,做多,113633.SH
2025-08-29,做多,110085.SH
2025-08-29,做多,123192.SZ
2025-08-29,做多,113665.SH
2025-08-29,做多,113670.SH
2025-08-29,做多,111010.SH
2025-08-29,做多,113679.SH
2025-08-29,做多,123183.SZ
2025-08-29,做多,123252.SZ
2025-08-29,做多,127044.SZ
2025-08-29,做多,118031.SH
2025-08-29,做多,113650.SH
2025-08-29,做多,123165.SZ
2025-08-29,做多,111014.SH
2025-08-29,做多,123180.SZ
2025-08-29,做多,123216.SZ
2025-08-29,做多,127025.SZ
2025-08-29,做多,110095.SH
2025-08-29,做多,127068.SZ
2025-08-29,做多,118032.SH
2025-08-29,做多,127103.SZ
2025-08-29,做多,113059.SH
2025-08-29,做多,123172.SZ
2025-08-29,做多,123179.SZ
2025-08-29,做多,127098.SZ
2025-08-29,做多,118005.SH
2025-08-29,做多,118042.SH
2025-08-29,做多,118022.SH
2025-08-29,做多,123154.SZ
2025-08-29,做多,118034.SH
2025-08-29,做空,123257.SZ
2025-08-29,做空,118056.SH
2025-08-29,做空,110097.SH
2025-08-29,做空,127109.SZ
2025-08-29,做空,123255.SZ
2025-08-29,做空,113677.SH
2025-08-29,做空,127110.SZ
2025-08-29,做空,127084.SZ
2025-08-29,做空,111022.SH
2025-08-29,做空,113043.SH
2025-08-29,做空,118050.SH
2025-08-29,做空,127092.SZ
2025-08-29,做空,118013.SH
2025-08-29,做空,127037.SZ
2025-08-29,做空,113067.SH
2025-08-29,做空,118053.SH
2025-08-29,做空,110075.SH
2025-08-29,做空,118030.SH
2025-08-29,做空,123176.SZ
2025-08-29,做空,123211.SZ
2025-08-29,做空,110098.SH
2025-08-29,做空,110077.SH
2025-08-29,做空,127031.SZ
2025-08-29,做空,113615.SH
2025-08-29,做空,113066.SH
2025-08-29,做空,128137.SZ
2025-08-29,做空,113646.SH
2025-08-29,做空,113667.SH
2025-08-29,做空,111000.SH
2025-08-29,做空,113070.SH
2025-08-29,做空,111017.SH
2025-08-29,做空,123158.SZ
2025-08-29,做空,111005.SH
2025-08-29,做空,127040.SZ
2025-08-29,做空,111003.SH
2025-08-29,做空,111018.SH
2025-08-29,做空,113616.SH
2025-08-29,做空,111020.SH
2025-08-29,做空,111023.SH
2025-08-29,做空,113051.SH
2025-09-30,做多,123150.SZ
2025-09-30,做多,128135.SZ
2025-09-30,做多,113679.SH
2025-09-30,做多,127062.SZ
2025-09-30,做多,113638.SH
2025-09-30,做多,123109.SZ
2025-09-30,做多,113693.SH
2025-09-30,做多,123192.SZ
2025-09-30,做多,123113.SZ
2025-09-30,做多,113049.SH
2025-09-30,做多,127067.SZ
2025-09-30,做多,118031.SH
2025-09-30,做多,127102.SZ
2025-09-30,做多,127068.SZ
2025-09-30,做多,118032.SH
2025-09-30,做多,113627.SH
2025-09-30,做多,123104.SZ
2025-09-30,做多,110085.SH
2025-09-30,做多,127046.SZ
2025-09-30,做多,113670.SH
2025-09-30,做多,110095.SH
2025-09-30,做多,113650.SH
2025-09-30,做多,118005.SH
2025-09-30,做多,127056.SZ
2025-09-30,做多,111009.SH
2025-09-30,做多,118042.SH
2025-09-30,做多,123252.SZ
2025-09-30,做多,123180.SZ
2025-09-30,做多,111014.SH
2025-09-30,做多,123216.SZ
2025-09-30,做多,113633.SH
2025-09-30,做多,127103.SZ
2025-09-30,做多,123172.SZ
2025-09-30,做多,123179.SZ
2025-09-30,做多,127098.SZ
2025-09-30,做多,127025.SZ
2025-09-30,做多,118034.SH
2025-09-30,做多,113059.SH
2025-09-30,做多,118022.SH
2025-09-30,做多,123154.SZ
2025-09-30,做空,118058.SH
2025-09-30,做空,123257.SZ
2025-09-30,做空,118056.SH
2025-09-30,做空,123255.SZ
2025-09-30,做空,111022.SH
2025-09-30,做空,123176.SZ
2025-09-30,做空,127037.SZ
2025-09-30,做空,127109.SZ
2025-09-30,做空,118013.SH
2025-09-30,做空,113677.SH
2025-09-30,做空,123211.SZ
2025-09-30,做空,110097.SH
2025-09-30,做空,118050.SH
2025-09-30,做空,113615.SH
2025-09-30,做空,127110.SZ
2025-09-30,做空,127066.SZ
2025-09-30,做空,118004.SH
2025-09-30,做空,111005.SH
2025-09-30,做空,128136.SZ
2025-09-30,做空,113646.SH
2025-09-30,做空,113667.SH
2025-09-30,做空,118053.SH
2025-09-30,做空,113043.SH
2025-09-30,做空,123158.SZ
2025-09-30,做空,113066.SH
2025-09-30,做空,110075.SH
2025-09-30,做空,113696.SH
2025-09-30,做空,118030.SH
2025-09-30,做空,123236.SZ
2025-09-30,做空,113616.SH
2025-09-30,做空,127038.SZ
2025-09-30,做空,113671.SH
2025-09-30,做空,127045.SZ
2025-09-30,做空,127072.SZ
2025-09-30,做空,128137.SZ
2025-09-30,做空,113067.SH
2025-09-30,做空,123215.SZ
2025-09-30,做空,110077.SH
2025-09-30,做空,113070.SH
2025-09-30,做空,127092.SZ
2025-10-31,做多,111001.SH
2025-10-31,做多,123109.SZ
2025-10-31,做多,127085.SZ
2025-10-31,做多,127088.SZ
2025-10-31,做多,113049.SH
2025-10-31,做多,113671.SH
2025-10-31,做多,127062.SZ
2025-10-31,做多,127046.SZ
2025-10-31,做多,123247.SZ
2025-10-31,做多,127044.SZ
2025-10-31,做多,113648.SH
2025-10-31,做多,123193.SZ
2025-10-31,做多,123183.SZ
2025-10-31,做多,123168.SZ
2025-10-31,做多,127102.SZ
2025-10-31,做多,123180.SZ
2025-10-31,做多,113693.SH
2025-10-31,做多,118031.SH
2025-10-31,做多,113670.SH
2025-10-31,做多,127070.SZ
2025-10-31,做多,110095.SH
2025-10-31,做多,123104.SZ
2025-10-31,做多,123216.SZ
2025-10-31,做多,113650.SH
2025-10-31,做多,123172.SZ
2025-10-31,做多,123252.SZ
2025-10-31,做多,118042.SH
2025-10-31,做多,118032.SH
2025-10-31,做多,118034.SH
2025-10-31,做多,111009.SH
2025-10-31,做多,113059.SH
2025-10-31,做多,127025.SZ
2025-10-31,做多,110081.SH
2025-10-31,做多,113633.SH
2025-10-31,做多,111014.SH
2025-10-31,做多,118005.SH
2025-10-31,做多,123179.SZ
2025-10-31,做多,127098.SZ
2025-10-31,做多,118022.SH
2025-10-31,做多,123154.SZ
2025-10-31,做空,118058.SH
2025-10-31,做空,123257.SZ
2025-10-31,做空,123255.SZ
2025-10-31,做空,118056.SH
2025-10-31,做空,123258.SZ
2025-10-31,做空,127109.SZ
2025-10-31,做空,127037.SZ
2025-10-31,做空,113677.SH
2025-10-31,做空,127110.SZ
2025-10-31,做空,113043.SH
2025-10-31,做空,123241.SZ
2025-10-31,做空,123176.SZ
2025-10-31,做空,127064.SZ
2025-10-31,做空,127111.SZ
2025-10-31,做空,113067.SH
2025-10-31,做空,113070.SH
2025-10-31,做空,113066.SH
2025-10-31,做空,113615.SH
2025-10-31,做空,123211.SZ
2025-10-31,做空,118004.SH
2025-10-31,做空,111022.SH
2025-10-31,做空,118050.SH
2025-10-31,做空,118030.SH
2025-10-31,做空,113698.SH
2025-10-31,做空,127066.SZ
2025-10-31,做空,118013.SH
2025-10-31,做空,113667.SH
2025-10-31,做空,127031.SZ
2025-10-31,做空,127084.SZ
2025-10-31,做空,127045.SZ
2025-10-31,做空,128136.SZ
2025-10-31,做空,127072.SZ
2025-10-31,做空,111002.SH
2025-10-31,做空,113646.SH
2025-10-31,做空,110097.SH
2025-10-31,做空,127038.SZ
2025-10-31,做空,123107.SZ
2025-10-31,做空,127050.SZ
2025-10-31,做空,113673.SH
2025-10-31,做空,113696.SH
2025-11-28,做多,123168.SZ
2025-11-28,做多,123090.SZ
2025-11-28,做多,118031.SH
2025-11-28,做多,127103.SZ
2025-11-28,做多,113049.SH
2025-11-28,做多,123216.SZ
2025-11-28,做多,127089.SZ
2025-11-28,做多,123213.SZ
2025-11-28,做多,123252.SZ
2025-11-28,做多,113648.SH
2025-11-28,做多,127046.SZ
2025-11-28,做多,113654.SH
2025-11-28,做多,127044.SZ
2025-11-28,做多,110085.SH
2025-11-28,做多,127068.SZ
2025-11-28,做多,123193.SZ
2025-11-28,做多,123172.SZ
2025-11-28,做多,123180.SZ
2025-11-28,做多,127102.SZ
2025-11-28,做多,123165.SZ
2025-11-28,做多,113670.SH
2025-11-28,做多,113650.SH
2025-11-28,做多,111001.SH
2025-11-28,做多,110095.SH
2025-11-28,做多,118034.SH
2025-11-28,做多,123104.SZ
2025-11-28,做多,118032.SH
2025-11-28,做多,110081.SH
2025-11-28,做多,111014.SH
2025-11-28,做多,113633.SH
2025-11-28,做多,118042.SH
2025-11-28,做多,118005.SH
2025-11-28,做多,113059.SH
2025-11-28,做多,111009.SH
2025-11-28,做多,123154.SZ
2025-11-28,做多,123179.SZ
2025-11-28,做多,127098.SZ
2025-11-28,做多,118022.SH
2025-11-28,做空,118058.SH
2025-11-28,做空,123255.SZ
2025-11-28,做空,118056.SH
2025-11-28,做空,123257.SZ
2025-11-28,做空,127037.SZ
2025-11-28,做空,127109.SZ
2025-11-28,做空,123258.SZ
2025-11-28,做空,118004.SH
2025-11-28,做空,113615.SH
2025-11-28,做空,113677.SH
2025-11-28,做空,113043.SH
2025-11-28,做空,118013.SH
2025-11-28,做空,127110.SZ
2025-11-28,做空,113070.SH
2025-11-28,做空,113067.SH
2025-11-28,做空,113066.SH
2025-11-28,做空,118030.SH
2025-11-28,做空,118050.SH
2025-11-28,做空,111005.SH
2025-11-28,做空,127064.SZ
2025-11-28,做空,113667.SH
2025-11-28,做空,127084.SZ
2025-11-28,做空,127111.SZ
2025-11-28,做空,123176.SZ
2025-11-28,做空,123241.SZ
2025-11-28,做空,127031.SZ
2025-11-28,做空,110097.SH
2025-11-28,做空,123211.SZ
2025-11-28,做空,127045.SZ
2025-11-28,做空,111017.SH
2025-11-28,做空,111002.SH
2025-11-28,做空,113646.SH
2025-11-28,做空,127050.SZ
2025-11-28,做空,127072.SZ
2025-11-28,做空,127055.SZ
2025-11-28,做空,127108.SZ
2025-11-28,做空,111022.SH
2025-11-28,做空,127066.SZ
2025-12-26,做多,118024.SH
2025-12-26,做多,127102.SZ
2025-12-26,做多,123168.SZ
2025-12-26,做多,113670.SH
2025-12-26,做多,123117.SZ
2025-12-26,做多,123183.SZ
2025-12-26,做多,123109.SZ
2025-12-26,做多,127085.SZ
2025-12-26,做多,111001.SH
2025-12-26,做多,127068.SZ
2025-12-26,做多,113049.SH
2025-12-26,做多,113648.SH
2025-12-26,做多,127089.SZ
2025-12-26,做多,127044.SZ
2025-12-26,做多,123165.SZ
2025-12-26,做多,118031.SH
2025-12-26,做多,123193.SZ
2025-12-26,做多,113665.SH
2025-12-26,做多,127046.SZ
2025-12-26,做多,118042.SH
2025-12-26,做多,113650.SH
2025-12-26,做多,118032.SH
2025-12-26,做多,111014.SH
2025-12-26,做多,110095.SH
2025-12-26,做多,118034.SH
2025-12-26,做多,118005.SH
2025-12-26,做多,110085.SH
2025-12-26,做多,123104.SZ
2025-12-26,做多,118022.SH
2025-12-26,做多,113059.SH
2025-12-26,做多,113633.SH
2025-12-26,做多,110081.SH
2025-12-26,做多,123179.SZ
2025-12-26,做多,123154.SZ
2025-12-26,做多,111009.SH
2025-12-26,做多,127098.SZ
2025-12-26,做空,118058.SH
2025-12-26,做空,123255.SZ
2025-12-26,做空,118056.SH
2025-12-26,做空,111023.SH
2025-12-26,做空,118013.SH
2025-12-26,做空,123257.SZ
2025-12-26,做空,127037.SZ
2025-12-26,做空,123258.SZ
2025-12-26,做空,123176.SZ
2025-12-26,做空,127109.SZ
2025-12-26,做空,123211.SZ
2025-12-26,做空,113677.SH
2025-12-26,做空,118051.SH
2025-12-26,做空,127110.SZ
2025-12-26,做空,123241.SZ
2025-12-26,做空,113654.SH
2025-12-26,做空,113070.SH
2025-12-26,做空,113667.SH
2025-12-26,做空,127064.SZ
2025-12-26,做空,127084.SZ
2025-12-26,做空,113067.SH
2025-12-26,做空,127082.SZ
2025-12-26,做空,127111.SZ
2025-12-26,做空,123236.SZ
2025-12-26,做空,113698.SH
2025-12-26,做空,118030.SH
2025-12-26,做空,111005.SH
2025-12-26,做空,111017.SH
2025-12-26,做空,113066.SH
2025-12-26,做空,123107.SZ
2025-12-26,做空,113646.SH
2025-12-26,做空,127050.SZ
2025-12-26,做空,127038.SZ
2025-12-26,做空,127031.SZ
2025-12-26,做空,113673.SH
2025-12-26,做空,127072.SZ
2026-01-30,做多,127102.SZ
2026-01-30,做多,123113.SZ
2026-01-30,做多,123192.SZ
2026-01-30,做多,113656.SH
2026-01-30,做多,123194.SZ
2026-01-30,做多,113636.SH
2026-01-30,做多,123172.SZ
2026-01-30,做多,127103.SZ
2026-01-30,做多,113648.SH
2026-01-30,做多,123183.SZ
2026-01-30,做多,113670.SH
2026-01-30,做多,111014.SH
2026-01-30,做多,113665.SH
2026-01-30,做多,123117.SZ
2026-01-30,做多,113062.SH
2026-01-30,做多,113650.SH
2026-01-30,做多,127046.SZ
2026-01-30,做多,127085.SZ
2026-01-30,做多,123104.SZ
2026-01-30,做多,118024.SH
2026-01-30,做多,113049.SH
2026-01-30,做多,118031.SH
2026-01-30,做多,118032.SH
2026-01-30,做多,123154.SZ
2026-01-30,做多,113059.SH
2026-01-30,做多,118022.SH
2026-01-30,做多,110095.SH
2026-01-30,做多,127089.SZ
2026-01-30,做多,111009.SH
2026-01-30,做多,118034.SH
2026-01-30,做多,123179.SZ
2026-01-30,做多,110085.SH
2026-01-30,做多,127098.SZ
2026-01-30,做多,118005.SH
2026-01-30,做多,113633.SH
2026-01-30,做多,110081.SH
2026-01-30,做空,118058.SH
2026-01-30,做空,123255.SZ
2026-01-30,做空,113698.SH
2026-01-30,做空,127037.SZ
2026-01-30,做空,118013.SH
2026-01-30,做空,123180.SZ
2026-01-30,做空,127092.SZ
2026-01-30,做空,118004.SH
2026-01-30,做空,118056.SH
2026-01-30,做空,123211.SZ
2026-01-30,做空,113673.SH
2026-01-30,做空,113677.SH
2026-01-30,做空,118051.SH
2026-01-30,做空,123176.SZ
2026-01-30,做空,127070.SZ
2026-01-30,做空,127109.SZ
2026-01-30,做空,123158.SZ
2026-01-30,做空,123241.SZ
2026-01-30,做空,118030.SH
2026-01-30,做空,127084.SZ
2026-01-30,做空,113654.SH
2026-01-30,做空,111021.SH
2026-01-30,做空,113667.SH
2026-01-30,做空,123258.SZ
2026-01-30,做空,127110.SZ
2026-01-30,做空,111022.SH
2026-01-30,做空,111023.SH
2026-01-30,做空,111005.SH
2026-01-30,做空,127082.SZ
2026-01-30,做空,113066.SH
2026-01-30,做空,113070.SH
2026-01-30,做空,123247.SZ
2026-01-30,做空,127064.SZ
2026-01-30,做空,113067.SH
2026-01-30,做空,123236.SZ
2026-01-30,做空,123114.SZ
2026-02-27,做多,123213.SZ
2026-02-27,做多,118003.SH
2026-02-27,做多,113670.SH
2026-02-27,做多,123183.SZ
2026-02-27,做多,113656.SH
2026-02-27,做多,123113.SZ
2026-02-27,做多,123172.SZ
2026-02-27,做多,113640.SH
2026-02-27,做多,113665.SH
2026-02-27,做多,123117.SZ
2026-02-27,做多,113648.SH
2026-02-27,做多,113062.SH
2026-02-27,做多,127085.SZ
2026-02-27,做多,123104.SZ
2026-02-27,做多,113644.SH
2026-02-27,做多,118022.SH
2026-02-27,做多,111014.SH
2026-02-27,做多,118050.SH
2026-02-27,做多,123114.SZ
2026-02-27,做多,118032.SH
2026-02-27,做多,110085.SH
2026-02-27,做多,118024.SH
2026-02-27,做多,113059.SH
2026-02-27,做多,113049.SH
2026-02-27,做多,113650.SH
2026-02-27,做多,118005.SH
2026-02-27,做多,127098.SZ
2026-02-27,做多,118031.SH
2026-02-27,做多,127089.SZ
2026-02-27,做多,111009.SH
2026-02-27,做多,123179.SZ
2026-02-27,做多,113633.SH
2026-02-27,做多,123154.SZ
2026-02-27,做多,123178.SZ
2026-02-27,做多,118034.SH
2026-02-27,做多,110081.SH
2026-02-27,做空,123255.SZ
2026-02-27,做空,118058.SH
2026-02-27,做空,127092.SZ
2026-02-27,做空,113673.SH
2026-02-27,做空,113698.SH
2026-02-27,做空,123158.SZ
2026-02-27,做空,118013.SH
2026-02-27,做空,111023.SH
2026-02-27,做空,123211.SZ
2026-02-27,做空,127037.SZ
2026-02-27,做空,118051.SH
2026-02-27,做空,118004.SH
2026-02-27,做空,123176.SZ
2026-02-27,做空,113677.SH
2026-02-27,做空,118056.SH
2026-02-27,做空,127110.SZ
2026-02-27,做空,113066.SH
2026-02-27,做空,127084.SZ
2026-02-27,做空,113686.SH
2026-02-27,做空,123241.SZ
2026-02-27,做空,111021.SH
2026-02-27,做空,123180.SZ
2026-02-27,做空,113067.SH
2026-02-27,做空,123258.SZ
2026-02-27,做空,127066.SZ
2026-02-27,做空,127053.SZ
2026-02-27,做空,113070.SH
2026-02-27,做空,127109.SZ
2026-02-27,做空,127082.SZ
2026-02-27,做空,123247.SZ
2026-02-27,做空,127031.SZ
2026-02-27,做空,111022.SH
2026-02-27,做空,127088.SZ
2026-02-27,做空,127111.SZ
2026-02-27,做空,113667.SH
2026-02-27,做空,127064.SZ
2026-03-27,做多,123193.SZ
2026-03-27,做多,113665.SH
2026-03-27,做多,113625.SH
2026-03-27,做多,113051.SH
2026-03-27,做多,110087.SH
2026-03-27,做多,127068.SZ
2026-03-27,做多,113627.SH
2026-03-27,做多,123192.SZ
2026-03-27,做多,113670.SH
2026-03-27,做多,113049.SH
2026-03-27,做多,127085.SZ
2026-03-27,做多,123172.SZ
2026-03-27,做多,123113.SZ
2026-03-27,做多,123165.SZ
2026-03-27,做多,113656.SH
2026-03-27,做多,118031.SH
2026-03-27,做多,118005.SH
2026-03-27,做多,127089.SZ
2026-03-27,做多,127044.SZ
2026-03-27,做多,118030.SH
2026-03-27,做多,111014.SH
2026-03-27,做多,113059.SH
2026-03-27,做多,123149.SZ
2026-03-27,做多,118032.SH
2026-03-27,做多,113650.SH
2026-03-27,做多,123154.SZ
2026-03-27,做多,118022.SH
2026-03-27,做多,110085.SH
2026-03-27,做多,118024.SH
2026-03-27,做多,123179.SZ
2026-03-27,做多,111009.SH
2026-03-27,做多,113633.SH
2026-03-27,做多,127098.SZ
2026-03-27,做多,118034.SH
2026-03-27,做多,110081.SH
2026-03-27,做空,123235.SZ
2026-03-27,做空,127037.SZ
2026-03-27,做空,111023.SH
2026-03-27,做空,123176.SZ
2026-03-27,做空,123158.SZ
2026-03-27,做空,118051.SH
2026-03-27,做空,127092.SZ
2026-03-27,做空,118056.SH
2026-03-27,做空,118013.SH
2026-03-27,做空,118050.SH
2026-03-27,做空,118058.SH
2026-03-27,做空,123211.SZ
2026-03-27,做空,113677.SH
2026-03-27,做空,123255.SZ
2026-03-27,做空,113673.SH
2026-03-27,做空,127053.SZ
2026-03-27,做空,113686.SH
2026-03-27,做空,127109.SZ
2026-03-27,做空,127055.SZ
2026-03-27,做空,123241.SZ
2026-03-27,做空,113070.SH
2026-03-27,做空,111021.SH
2026-03-27,做空,113646.SH
2026-03-27,做空,113691.SH
2026-03-27,做空,127082.SZ
2026-03-27,做空,127070.SZ
2026-03-27,做空,111022.SH
2026-03-27,做空,123258.SZ
2026-03-27,做空,127064.SZ
2026-03-27,做空,127110.SZ
2026-03-27,做空,127084.SZ
2026-03-27,做空,113066.SH
2026-03-27,做空,127088.SZ
2026-03-27,做空,113667.SH
2026-03-27,做空,123247.SZ
2026-04-03,做多,113627.SH
2026-04-03,做多,111013.SH
2026-04-03,做多,123236.SZ
2026-04-03,做多,127085.SZ
2026-04-03,做多,123192.SZ
2026-04-03,做多,123193.SZ
2026-04-03,做多,127068.SZ
2026-04-03,做多,113049.SH
2026-04-03,做多,123149.SZ
2026-04-03,做多,113640.SH
2026-04-03,做多,113648.SH
2026-04-03,做多,123165.SZ
2026-04-03,做多,113665.SH
2026-04-03,做多,113656.SH
2026-04-03,做多,123168.SZ
2026-04-03,做多,111014.SH
2026-04-03,做多,118005.SH
2026-04-03,做多,127044.SZ
2026-04-03,做多,123113.SZ
2026-04-03,做多,127089.SZ
2026-04-03,做多,118022.SH
2026-04-03,做多,113650.SH
2026-04-03,做多,113059.SH
2026-04-03,做多,118032.SH
2026-04-03,做多,118030.SH
2026-04-03,做多,123154.SZ
2026-04-03,做多,118031.SH
2026-04-03,做多,113633.SH
2026-04-03,做多,110085.SH
2026-04-03,做多,123179.SZ
2026-04-03,做多,111009.SH
2026-04-03,做多,118024.SH
2026-04-03,做多,127098.SZ
2026-04-03,做多,118034.SH
2026-04-03,做多,110081.SH
2026-04-03,做空,123255.SZ
2026-04-03,做空,123158.SZ
2026-04-03,做空,118058.SH
2026-04-03,做空,127037.SZ
2026-04-03,做空,123235.SZ
2026-04-03,做空,118050.SH
2026-04-03,做空,123176.SZ
2026-04-03,做空,127092.SZ
2026-04-03,做空,118013.SH
2026-04-03,做空,111023.SH
2026-04-03,做空,118051.SH
2026-04-03,做空,123211.SZ
2026-04-03,做空,113646.SH
2026-04-03,做空,113686.SH
2026-04-03,做空,113070.SH
2026-04-03,做空,127055.SZ
2026-04-03,做空,127053.SZ
2026-04-03,做空,113673.SH
2026-04-03,做空,118056.SH
2026-04-03,做空,127070.SZ
2026-04-03,做空,123258.SZ
2026-04-03,做空,113691.SH
2026-04-03,做空,111022.SH
2026-04-03,做空,113677.SH
2026-04-03,做空,113066.SH
2026-04-03,做空,127064.SZ
2026-04-03,做空,127082.SZ
2026-04-03,做空,111021.SH
2026-04-03,做空,127110.SZ
2026-04-03,做空,127109.SZ
2026-04-03,做空,127050.SZ
2026-04-03,做空,127072.SZ
2026-04-03,做空,118004.SH
2026-04-03,做空,110097.SH
2026-04-03,做空,110098.SH
