signal_date,market_count,market_eligible_count,eligible_count,long_entry_qualified_count,long_selected_count,three_model_count,financial_coverage,event_coverage,st_coverage
2019-01-04,111,12,5,4,1,94,1.0,0.0,1.0
2019-01-11,114,20,9,8,1,97,1.0,0.0,1.0
2019-01-18,115,20,10,9,2,98,1.0,0.0,1.0
2019-01-25,118,19,9,9,1,101,1.0,0.0,1.0
2019-02-01,118,26,13,11,2,100,1.0,0.0,1.0
2019-02-15,118,29,16,13,3,101,1.0,0.0,1.0
2019-02-22,121,33,19,15,3,104,1.0,0.0,1.0
2019-03-01,121,40,25,21,5,104,1.0,0.0,1.0
2019-03-08,122,48,31,26,6,105,1.0,0.0,1.0
2019-03-15,123,51,32,23,6,106,1.0,0.0,1.0
2019-03-22,128,49,31,18,6,110,1.0,0.0,1.0
2019-03-29,131,52,35,28,7,113,1.0,0.0,1.0
2019-04-04,138,42,29,19,5,119,1.0,0.0,1.0
2019-04-12,141,48,35,28,7,119,1.0,0.0,1.0
2019-04-19,147,45,33,27,6,126,1.0,0.0,1.0
2019-04-26,154,54,37,32,7,134,1.0,0.0,1.0
2019-04-30,156,52,27,25,5,136,1.0,0.0,1.0
2019-05-10,159,53,24,22,4,139,1.0,0.0,1.0
2019-05-17,162,51,26,24,5,141,1.0,0.0,1.0
2019-05-24,160,44,25,23,5,141,1.0,0.0,1.0
2019-05-31,160,31,14,13,2,141,1.0,0.0,1.0
2019-06-06,161,36,19,19,3,141,1.0,0.0,1.0
2019-06-14,161,44,22,21,4,141,1.0,0.0,1.0
2019-06-21,161,42,24,23,4,141,1.0,0.0,1.0
2019-06-28,162,39,21,20,4,143,1.0,0.0,1.0
2019-07-05,166,37,19,19,3,145,1.0,0.0,1.0
2019-07-12,168,40,20,19,4,148,1.0,0.0,1.0
2019-07-19,169,38,19,19,3,148,1.0,0.0,1.0
2019-07-26,172,37,18,17,3,149,1.0,0.0,1.0
2019-08-02,171,37,19,17,3,151,1.0,0.0,1.0
2019-08-09,172,38,19,17,3,152,1.0,0.0,1.0
2019-08-16,173,40,20,17,4,151,1.0,0.0,1.0
2019-08-23,174,36,16,14,3,152,1.0,0.0,1.0
2019-08-30,173,36,21,15,4,152,1.0,0.0,1.0
2019-09-06,173,37,23,17,4,153,1.0,0.0,1.0
2019-09-12,176,38,23,18,4,155,1.0,0.0,1.0
2019-09-20,178,37,23,17,4,158,1.0,0.0,1.0
2019-09-27,178,39,22,18,4,158,1.0,0.0,1.0
2019-09-30,178,40,24,20,4,158,1.0,0.0,1.0
2019-10-11,178,37,19,15,3,158,1.0,0.0,1.0
2019-10-18,179,30,18,13,3,158,1.0,0.0,1.0
2019-10-25,178,32,19,15,3,158,1.0,0.0,1.0
2019-11-01,179,33,22,16,4,157,1.0,0.0,1.0
2019-11-08,182,31,20,13,4,161,1.0,0.0,1.0
2019-11-15,183,33,22,15,4,162,1.0,0.0,1.0
2019-11-22,186,32,20,15,4,165,1.0,0.0,1.0
2019-11-29,189,29,19,15,3,168,1.0,0.0,1.0
2019-12-06,190,26,17,11,3,169,1.0,0.0,1.0
2019-12-13,195,30,18,12,3,174,1.0,0.0,1.0
2019-12-20,196,30,19,11,3,176,1.0,0.0,1.0
2019-12-27,196,37,23,14,4,177,1.0,0.0,1.0
2020-01-03,198,48,32,17,6,178,1.0,0.0,1.0
2020-01-10,209,56,39,23,7,189,1.0,0.0,1.0
2020-01-17,215,52,36,17,7,195,1.0,0.0,1.0
2020-01-23,224,55,39,18,7,203,1.0,0.0,1.0
2020-02-07,225,57,36,18,7,204,1.0,0.0,1.0
2020-02-14,228,57,42,17,8,205,1.0,0.0,1.0
2020-02-21,227,56,41,19,8,206,1.0,0.0,1.0
2020-02-28,228,70,50,26,10,208,1.0,0.0,1.0
2020-03-06,227,64,44,22,8,208,1.0,0.0,1.0
2020-03-13,226,80,53,31,10,206,1.0,0.0,1.0
2020-03-20,229,85,58,30,11,208,1.0,0.0,1.0
2020-03-27,222,94,64,32,12,205,1.0,0.0,1.0
2020-04-03,227,92,65,32,13,210,1.0,0.0,1.0
2020-04-10,232,92,66,34,13,214,1.0,0.0,1.0
2020-04-17,236,88,64,31,12,217,1.0,0.0,1.0
2020-04-24,238,73,52,22,10,219,1.0,0.0,1.0
2020-04-30,242,72,41,23,8,224,1.0,0.0,1.0
2020-05-08,245,67,26,15,5,227,1.0,0.0,1.0
2020-05-15,252,71,28,19,5,234,1.0,0.0,1.0
2020-05-22,257,85,32,28,6,238,1.0,0.0,1.0
2020-05-29,255,83,35,28,7,237,1.0,0.0,1.0
2020-06-05,255,77,32,26,6,237,1.0,0.0,1.0
2020-06-12,255,77,33,26,6,237,1.0,0.0,1.0
2020-06-19,256,63,24,19,4,238,1.0,0.0,1.0
2020-06-24,260,61,25,18,5,242,1.0,0.0,1.0
2020-07-03,264,54,22,14,4,246,1.0,0.0,1.0
2020-07-10,269,57,21,12,4,250,1.0,0.0,1.0
2020-07-17,275,72,27,19,5,254,1.0,0.0,1.0
2020-07-24,279,74,28,20,5,260,1.0,0.0,1.0
2020-07-31,282,66,26,18,5,261,1.0,0.0,1.0
2020-08-07,286,59,22,15,4,265,1.0,0.0,1.0
2020-08-14,290,61,22,15,4,269,1.0,0.0,1.0
2020-08-21,302,64,25,18,5,279,1.0,0.0,1.0
2020-08-28,300,64,26,18,5,278,1.0,0.0,1.0
2020-09-04,294,57,29,21,5,271,1.0,0.0,1.0
2020-09-11,294,66,36,29,7,271,1.0,0.0,1.0
2020-09-18,297,51,30,25,6,274,1.0,0.0,1.0
2020-09-25,301,51,33,27,6,278,1.0,0.0,1.0
2020-09-30,302,48,32,26,6,279,1.0,0.0,1.0
2020-10-09,302,43,28,23,5,279,1.0,0.0,1.0
2020-10-16,304,42,24,21,4,280,1.0,0.0,1.0
2020-10-23,304,56,33,29,6,279,1.0,0.0,1.0
2020-10-30,306,67,47,32,9,282,1.0,0.0,1.0
2020-11-06,309,62,43,33,8,284,1.0,0.0,1.0
2020-11-13,311,63,44,34,8,287,1.0,0.0,1.0
2020-11-20,317,61,40,29,8,293,1.0,0.0,1.0
2020-11-27,319,60,36,27,7,295,1.0,0.0,1.0
2020-12-04,321,67,41,31,8,297,1.0,0.0,1.0
2020-12-11,319,65,42,34,8,295,1.0,0.0,1.0
2020-12-18,321,72,47,42,9,297,1.0,0.0,1.0
2020-12-25,327,76,51,42,10,302,1.0,0.0,1.0
2020-12-31,331,70,47,38,9,304,1.0,0.0,1.0
2021-01-08,334,74,49,40,9,307,1.0,0.0,1.0
2021-01-15,339,82,53,43,10,311,1.0,0.0,1.0
2021-01-22,343,78,52,41,10,316,1.0,0.0,1.0
2021-01-29,343,81,55,48,11,315,1.0,0.0,1.0
2021-02-05,342,88,56,50,11,315,1.0,0.0,1.0
2021-02-10,344,87,55,42,11,316,1.0,0.0,1.0
2021-02-19,346,88,59,48,11,317,1.0,0.0,1.0
2021-02-26,344,100,68,57,13,317,1.0,0.0,1.0
2021-03-05,340,97,71,64,14,313,1.0,0.0,1.0
2021-03-12,339,92,68,58,13,314,1.0,0.0,1.0
2021-03-19,340,82,61,51,12,314,1.0,0.0,1.0
2021-03-26,340,87,66,57,13,314,1.0,0.0,1.0
2021-04-02,346,87,62,50,12,321,1.0,0.0,1.0
2021-04-09,346,88,63,54,12,321,1.0,0.0,1.0
2021-04-16,349,87,62,52,12,324,1.0,0.0,1.0
2021-04-23,359,88,63,55,12,333,1.0,0.0,1.0
2021-04-30,358,81,48,41,9,329,1.0,0.0,1.0
2021-05-07,360,84,45,38,9,331,1.0,0.0,1.0
2021-05-14,362,91,43,34,8,334,1.0,0.0,1.0
2021-05-21,361,89,42,32,8,333,1.0,0.0,1.0
2021-05-28,363,91,43,32,8,334,1.0,0.0,1.0
2021-06-04,365,91,42,30,8,337,1.0,0.0,1.0
2021-06-11,366,88,38,27,7,337,1.0,0.0,1.0
2021-06-18,367,92,40,29,8,336,1.0,0.0,1.0
2021-06-25,367,78,32,23,6,338,1.0,0.0,1.0
2021-07-02,369,80,36,28,7,340,1.0,0.0,1.0
2021-07-09,370,79,37,28,7,341,1.0,0.0,1.0
2021-07-16,370,76,34,23,6,341,1.0,0.0,1.0
2021-07-23,373,76,34,21,6,343,1.0,0.0,1.0
2021-07-30,372,82,34,18,6,343,1.0,0.0,1.0
2021-08-06,373,91,39,20,7,342,1.0,0.0,1.0
2021-08-13,374,91,41,20,8,343,1.0,0.0,1.0
2021-08-20,374,98,46,20,9,344,1.0,0.0,1.0
2021-08-27,376,90,48,17,9,346,1.0,0.0,1.0
2021-09-03,375,74,42,17,8,345,1.0,0.0,1.0
2021-09-10,374,76,42,16,8,344,1.0,0.0,1.0
2021-09-17,375,83,46,26,9,344,1.0,0.0,1.0
2021-09-24,375,84,46,20,9,343,1.0,0.0,1.0
2021-09-30,375,94,53,25,10,344,1.0,0.0,1.0
2021-10-08,375,94,53,23,10,344,1.0,0.0,1.0
2021-10-15,373,92,51,30,10,342,1.0,0.0,1.0
2021-10-22,374,86,49,25,9,342,1.0,0.0,1.0
2021-10-29,373,78,48,28,9,342,1.0,0.0,1.0
2021-11-05,372,75,45,21,9,341,1.0,0.0,1.0
2021-11-12,371,75,44,15,8,340,1.0,0.0,1.0
2021-11-19,371,85,49,17,9,340,1.0,0.0,1.0
2021-11-26,376,80,46,15,9,344,1.0,0.0,1.0
2021-12-03,375,84,47,15,9,343,1.0,0.0,1.0
2021-12-10,380,91,51,17,10,347,1.0,0.0,1.0
2021-12-17,378,90,52,14,10,345,1.0,0.0,1.0
2021-12-24,378,90,51,16,10,346,1.0,0.0,1.0
2021-12-31,379,88,51,14,10,347,1.0,0.0,1.0
2022-01-07,381,91,54,10,10,349,1.0,0.0,1.0
2022-01-14,381,90,53,16,10,348,1.0,0.0,1.0
2022-01-21,386,89,52,8,8,353,1.0,0.0,1.0
2022-01-28,386,94,58,7,7,353,1.0,0.0,1.0
2022-02-11,386,91,56,5,5,353,1.0,0.0,1.0
2022-02-18,387,99,61,17,12,354,1.0,0.0,1.0
2022-02-25,384,100,58,14,11,351,1.0,0.0,1.0
2022-03-04,383,106,65,18,13,350,1.0,0.0,1.0
2022-03-11,383,116,72,27,14,349,1.0,0.0,1.0
2022-03-18,384,120,74,20,14,351,1.0,0.0,1.0
2022-03-25,387,130,84,36,16,354,1.0,0.0,1.0
2022-04-01,389,124,83,31,16,356,1.0,0.0,1.0
2022-04-08,393,122,83,32,16,358,1.0,0.0,1.0
2022-04-15,395,121,80,33,16,359,1.0,0.0,1.0
2022-04-22,399,121,79,35,15,363,1.0,0.0,1.0
2022-04-29,402,128,74,33,14,365,1.0,0.0,1.0
2022-05-06,402,131,61,24,12,366,1.0,0.0,1.0
2022-05-13,404,130,59,26,11,366,1.0,0.0,1.0
2022-05-20,410,131,58,21,11,372,1.0,0.0,1.0
2022-05-27,412,133,58,24,11,375,1.0,0.0,1.0
2022-06-02,414,127,54,23,10,377,1.0,0.0,1.0
2022-06-10,414,118,48,22,9,377,1.0,0.0,1.0
2022-06-17,414,119,49,17,9,377,1.0,0.0,1.0
2022-06-24,415,116,45,16,9,378,1.0,0.0,1.0
2022-07-01,414,114,45,16,9,378,1.0,0.0,1.0
2022-07-08,414,114,47,15,9,377,1.0,0.0,1.0
2022-07-15,415,118,51,15,10,378,1.0,0.0,1.0
2022-07-22,421,116,50,15,10,383,1.0,0.0,1.0
2022-07-29,423,107,45,15,9,385,1.0,0.0,1.0
2022-08-05,425,106,42,11,8,387,1.0,0.0,1.0
2022-08-12,430,101,40,8,8,392,1.0,0.0,1.0
2022-08-19,430,104,42,11,8,393,1.0,0.0,1.0
2022-08-26,431,111,48,14,9,394,1.0,0.0,1.0
2022-09-02,433,122,68,22,13,396,1.0,0.0,1.0
2022-09-09,434,117,66,16,13,397,1.0,0.0,1.0
2022-09-16,434,125,73,23,14,395,1.0,0.0,1.0
2022-09-23,435,123,70,23,14,396,1.0,0.0,1.0
2022-09-30,432,123,71,26,14,393,1.0,0.0,1.0
2022-10-14,435,118,68,17,13,396,1.0,0.0,1.0
2022-10-21,438,127,75,21,15,398,1.0,0.0,1.0
2022-10-28,445,134,82,26,16,403,1.0,0.0,1.0
2022-11-04,448,125,72,19,14,406,1.0,0.0,1.0
2022-11-11,453,125,74,21,14,411,1.0,0.0,1.0
2022-11-18,458,136,82,36,16,416,1.0,0.0,1.0
2022-11-25,461,139,83,29,16,419,1.0,0.0,1.0
2022-12-02,460,133,81,24,16,420,1.0,0.0,1.0
2022-12-09,461,137,83,25,16,421,1.0,0.0,1.0
2022-12-16,466,141,87,37,17,426,1.0,0.0,1.0
2022-12-23,467,145,90,47,18,426,1.0,0.0,1.0
2022-12-30,467,139,89,39,17,425,1.0,0.0,1.0
2023-01-06,470,130,83,27,16,428,1.0,0.0,1.0
2023-01-13,472,128,85,30,17,431,1.0,0.0,1.0
2023-01-20,473,117,76,16,15,432,1.0,0.0,1.0
2023-02-03,473,124,76,15,15,432,1.0,0.0,1.0
2023-02-10,479,131,81,22,16,438,1.0,0.0,1.0
2023-02-17,479,144,90,34,18,438,1.0,0.0,1.0
2023-02-24,479,142,89,32,17,438,1.0,0.0,1.0
2023-03-03,477,139,88,23,17,436,1.0,0.0,1.0
2023-03-10,477,142,89,24,17,437,1.0,0.0,1.0
2023-03-17,476,139,85,25,17,437,1.0,0.0,1.0
2023-03-24,478,131,80,19,16,439,1.0,0.0,1.0
2023-03-31,479,126,78,15,15,440,1.0,0.0,1.0
2023-04-07,480,128,80,9,9,441,1.0,0.0,1.0
2023-04-14,483,131,85,16,16,443,1.0,0.0,1.0
2023-04-21,487,129,82,22,16,446,1.0,0.0,1.0
2023-04-28,495,132,67,13,13,454,1.0,0.0,1.0
2023-05-05,497,139,55,14,11,456,1.0,0.0,1.0
2023-05-12,499,150,59,16,11,458,1.0,0.0,1.0
2023-05-19,501,152,61,11,11,461,1.0,0.0,1.0
2023-05-26,502,147,57,13,11,461,1.0,0.0,1.0
2023-06-02,501,142,56,9,9,460,1.0,0.0,1.0
2023-06-09,500,144,57,10,10,459,1.0,0.0,1.0
2023-06-16,499,130,54,8,8,458,1.0,0.0,1.0
2023-06-21,499,132,54,8,8,458,1.0,0.0,1.0
2023-06-30,498,127,52,9,9,456,1.0,0.0,1.0
2023-07-07,500,125,54,9,9,460,1.0,0.0,1.0
2023-07-14,501,126,51,6,6,461,1.0,0.0,1.0
2023-07-21,507,127,52,7,7,467,1.0,0.0,1.0
2023-07-28,505,127,52,5,5,464,1.0,0.0,1.0
2023-08-04,508,128,52,4,4,468,1.0,0.0,1.0
2023-08-11,513,129,53,6,6,474,1.0,0.0,1.0
2023-08-18,526,132,57,7,7,486,1.0,0.0,1.0
2023-08-25,529,137,68,11,11,488,1.0,0.0,1.0
2023-09-01,533,135,82,7,7,492,1.0,0.0,1.0
2023-09-08,537,140,86,10,10,497,1.0,0.0,1.0
2023-09-15,541,144,89,12,12,501,1.0,0.0,1.0
2023-09-22,541,141,86,11,11,501,1.0,0.0,1.0
2023-09-28,542,133,78,9,9,502,1.0,0.0,1.0
2023-10-13,544,128,76,7,7,503,1.0,0.0,1.0
2023-10-20,546,134,79,14,14,506,1.0,0.0,1.0
2023-10-27,543,141,85,12,12,505,1.0,0.0,1.0
2023-11-03,542,140,87,11,11,505,1.0,0.0,1.0
2023-11-10,544,145,91,11,11,507,1.0,0.0,1.0
2023-11-17,545,142,90,16,16,506,1.0,0.0,1.0
2023-11-24,547,138,87,17,17,507,1.0,0.0,1.0
2023-12-01,547,140,87,18,17,508,1.0,0.0,1.0
2023-12-08,546,144,90,20,18,507,1.0,0.0,1.0
2023-12-15,546,145,89,19,17,507,1.0,0.0,1.0
2023-12-22,545,147,94,20,18,507,1.0,0.0,1.0
2023-12-29,543,150,94,14,14,505,1.0,0.0,1.0
2024-01-05,542,155,100,18,18,504,1.0,0.0,1.0
2024-01-12,543,155,99,18,18,505,1.0,0.0,1.0
2024-01-19,548,154,101,21,20,510,1.0,0.0,1.0
2024-01-26,548,163,106,21,21,512,1.0,0.0,1.0
2024-02-02,545,173,112,30,22,510,1.0,0.0,1.0
2024-02-08,546,175,114,27,22,511,1.0,0.0,1.0
2024-02-23,545,175,113,24,22,510,1.0,0.0,1.0
2024-03-01,546,176,113,33,22,509,1.0,0.0,1.0
2024-03-08,544,173,109,40,21,508,1.0,0.0,1.0
2024-03-15,542,169,106,39,21,507,1.0,0.0,1.0
2024-03-22,541,161,104,32,20,507,1.0,0.0,1.0
2024-03-29,541,158,103,45,20,506,1.0,0.0,1.0
2024-04-03,539,152,101,37,20,505,1.0,0.0,1.0
2024-04-12,538,153,103,31,20,503,1.0,0.0,1.0
2024-04-19,537,160,109,42,21,502,1.0,0.0,1.0
2024-04-26,536,161,97,34,19,500,1.0,0.0,1.0
2024-04-30,537,163,84,26,16,500,0.9938650306748467,0.0,1.0
2024-05-10,534,167,74,22,14,498,0.9940119760479041,0.0,1.0
2024-05-17,536,167,75,20,15,501,0.9940119760479041,0.0,1.0
2024-05-24,539,170,76,22,15,501,0.9941176470588236,0.0,1.0
2024-05-31,535,164,73,19,14,496,0.9939024390243902,0.0,1.0
2024-06-07,533,162,71,21,14,494,0.9938271604938271,0.0,1.0
2024-06-14,532,157,70,20,14,491,0.9936305732484076,0.0,1.0
2024-06-21,532,158,71,25,14,491,0.9936708860759493,0.0,1.0
2024-06-28,530,157,68,21,13,490,0.9936305732484076,0.0,1.0
2024-07-05,527,155,68,22,13,486,0.9935483870967742,0.0,1.0
2024-07-12,528,155,68,24,13,487,0.9935483870967742,0.0,1.0
2024-07-19,526,151,67,29,13,484,0.9933774834437086,0.0,1.0
2024-07-26,527,149,65,32,13,485,0.9932885906040269,0.0,1.0
2024-08-02,528,152,65,33,13,486,0.993421052631579,0.0,1.0
2024-08-09,528,149,66,36,13,486,0.9932885906040269,0.0,1.0
2024-08-16,528,154,70,50,14,486,0.9935064935064936,0.0,1.0
2024-08-23,529,154,74,52,14,489,0.9935064935064936,0.0,1.0
2024-08-30,530,158,93,55,18,498,1.0,0.0,1.0
2024-09-06,534,158,97,58,19,502,1.0,0.0,1.0
2024-09-13,536,160,98,67,19,504,1.0,0.0,1.0
2024-09-20,536,158,97,65,19,504,1.0,0.0,1.0
2024-09-27,536,160,97,58,19,504,1.0,0.0,1.0
2024-09-30,536,161,97,59,19,504,1.0,0.0,1.0
2024-10-11,536,165,99,70,19,503,1.0,0.0,1.0
2024-10-18,535,161,98,64,19,504,1.0,0.0,1.0
2024-10-25,534,160,97,65,19,503,1.0,0.0,1.0
2024-11-01,534,161,110,72,22,501,1.0,0.0,1.0
2024-11-08,531,158,109,70,21,501,1.0,0.0,1.0
2024-11-15,534,157,108,73,21,504,1.0,0.0,1.0
2024-11-22,534,156,107,69,21,503,1.0,0.0,1.0
2024-11-29,529,155,106,69,21,499,1.0,0.0,1.0
2024-12-06,524,157,108,67,21,495,1.0,0.0,1.0
2024-12-13,520,155,106,54,21,491,1.0,0.0,1.0
2024-12-20,512,158,107,56,21,484,1.0,0.0,1.0
2024-12-27,508,158,106,55,21,481,1.0,0.0,1.0
2025-01-03,507,160,107,53,21,480,1.0,0.0,1.0
2025-01-10,506,157,105,46,21,478,1.0,0.0,1.0
2025-01-17,504,157,106,45,21,477,1.0,0.0,1.0
2025-01-24,504,156,105,37,21,476,1.0,0.0,1.0
2025-01-27,503,155,103,36,20,475,1.0,0.0,1.0
2025-02-07,502,150,99,32,19,475,1.0,0.0,1.0
2025-02-14,502,148,97,32,19,475,1.0,0.0,1.0
2025-02-21,501,144,95,20,19,473,1.0,0.0,1.0
2025-02-28,498,147,96,24,19,472,1.0,0.0,1.0
2025-03-07,494,143,93,19,18,470,1.0,0.0,1.0
2025-03-14,493,143,93,22,18,468,1.0,0.0,1.0
2025-03-21,490,145,94,33,18,466,1.0,0.0,1.0
2025-03-28,480,149,100,37,20,458,1.0,0.0,1.0
2025-04-03,481,148,101,36,20,456,1.0,0.0,1.0
2025-04-11,476,150,105,44,21,452,1.0,0.0,1.0
2025-04-18,474,150,106,47,21,450,1.0,0.0,1.0
2025-04-25,474,147,102,41,20,450,1.0,0.0,1.0
2025-04-30,474,147,75,36,15,449,1.0,0.0,1.0
2025-05-09,475,151,66,24,13,451,1.0,0.0,1.0
2025-05-16,474,146,64,27,12,449,1.0,0.0,1.0
2025-05-23,472,145,64,26,12,446,1.0,0.0,1.0
2025-05-30,472,144,64,25,12,446,1.0,0.0,1.0
2025-06-06,472,140,63,22,12,447,1.0,0.0,1.0
2025-06-13,470,142,65,23,13,442,1.0,0.0,1.0
2025-06-20,469,139,62,17,12,441,1.0,0.0,1.0
2025-06-27,469,141,64,14,12,442,1.0,0.0,1.0
2025-07-04,470,138,63,11,11,443,1.0,0.0,1.0
2025-07-11,469,138,63,13,12,442,1.0,0.0,1.0
2025-07-18,466,136,62,11,11,440,1.0,0.0,1.0
2025-07-25,467,133,61,11,11,442,1.0,0.0,1.0
2025-08-01,461,134,63,12,12,436,1.0,0.0,1.0
2025-08-08,458,132,63,9,9,433,1.0,0.0,1.0
2025-08-15,452,128,59,6,6,427,1.0,0.0,1.0
2025-08-22,449,124,63,4,4,424,1.0,0.0,1.0
2025-08-29,439,127,72,11,11,416,1.0,0.0,1.0
2025-09-05,442,126,75,6,6,418,1.0,0.0,1.0
2025-09-12,439,123,75,6,6,415,1.0,0.0,1.0
2025-09-19,434,122,74,9,9,409,1.0,0.0,1.0
2025-09-26,429,121,73,8,8,405,1.0,0.0,1.0
2025-09-30,425,118,70,5,5,401,1.0,0.0,1.0
2025-10-10,421,114,69,8,8,398,1.0,0.0,1.0
2025-10-17,414,120,71,8,8,393,1.0,0.0,1.0
2025-10-24,411,117,70,9,9,389,1.0,0.0,1.0
2025-10-31,408,116,75,10,10,386,1.0,0.0,1.0
2025-11-07,404,114,74,11,11,383,1.0,0.0,1.0
2025-11-14,402,112,72,6,6,381,1.0,0.0,1.0
2025-11-21,401,114,73,3,3,381,1.0,0.0,1.0
2025-11-28,400,113,72,2,2,380,1.0,0.0,1.0
2025-12-05,397,107,70,3,3,378,1.0,0.0,1.0
2025-12-12,396,106,69,4,4,376,1.0,0.0,1.0
2025-12-19,390,106,70,3,3,370,1.0,0.0,1.0
2025-12-26,383,99,67,3,3,363,1.0,0.0,1.0
2025-12-31,386,97,67,1,1,366,1.0,0.0,1.0
2026-01-09,384,89,60,0,0,363,1.0,0.0,1.0
2026-01-16,385,90,63,3,3,365,1.0,0.0,1.0
2026-01-23,379,83,57,4,4,360,1.0,0.0,1.0
2026-01-30,379,91,60,2,2,359,1.0,0.0,1.0
2026-02-06,376,89,59,3,3,358,1.0,0.0,1.0
2026-02-13,374,88,55,0,0,356,1.0,0.0,1.0
2026-02-27,373,87,58,2,2,354,1.0,0.0,1.0
2026-03-06,369,85,56,0,0,349,1.0,0.0,1.0
2026-03-13,365,87,58,5,5,347,1.0,0.0,1.0
2026-03-20,364,95,64,5,5,347,1.0,0.0,1.0
2026-03-27,358,89,61,3,3,340,1.0,0.0,1.0
2026-04-03,351,94,66,2,2,332,1.0,0.0,1.0
2026-04-10,345,86,60,2,2,325,1.0,0.0,1.0
2026-04-17,342,84,60,4,4,324,1.0,0.0,1.0
2026-04-24,338,82,53,2,2,322,1.0,0.0,1.0
2026-04-30,336,83,45,1,1,318,1.0,0.0,1.0
2026-05-08,335,73,37,1,1,319,1.0,0.0,1.0
2026-05-15,335,78,40,2,2,319,1.0,0.0,1.0
2026-05-22,331,79,39,2,2,315,1.0,0.0,1.0
2026-05-29,326,79,38,2,2,309,1.0,0.0,1.0
2026-06-05,321,79,40,2,2,304,1.0,0.0,1.0
2026-06-12,320,79,40,2,2,302,1.0,0.0,1.0
2026-06-18,315,80,40,1,1,297,1.0,0.0,1.0
2026-06-26,311,79,39,1,1,293,1.0,0.0,1.0
2026-07-03,313,75,36,0,0,296,1.0,0.0,1.0
2026-07-10,314,76,37,0,0,297,1.0,0.0,1.0
2026-07-17,314,78,37,0,0,298,1.0,0.0,1.0
2026-07-24,313,77,37,0,0,299,1.0,0.0,1.0
2026-07-31,306,71,34,0,0,285,1.0,0.0,1.0
2026-08-07,308,72,35,0,0,287,1.0,0.0,1.0
2026-08-14,311,75,38,0,0,293,1.0,0.0,1.0
2026-08-21,314,77,41,1,1,298,1.0,0.0,1.0
2026-08-28,314,75,44,3,3,301,1.0,0.0,1.0
2026-09-04,313,77,48,2,2,297,1.0,0.0,1.0
2026-09-11,313,79,49,3,3,300,1.0,1.0,1.0
2026-09-18,312,78,49,2,2,299,1.0,1.0,1.0
2026-09-24,313,80,51,5,5,300,1.0,1.0,1.0
2026-09-30,314,80,48,4,4,301,0.9375,1.0,1.0
