date,code,reason,open,entry_limit
2019-04-22,113523.SH,fundamental_deterioration,,
2019-04-29,123004.SZ,fundamental_deterioration,,
2019-04-29,128023.SZ,fundamental_deterioration,,
2019-04-30,128021.SZ,fundamental_deterioration,,
2019-09-02,128062.SZ,fundamental_deterioration,,
2019-12-30,123003.SZ,redemption_event,,
2020-03-02,110046.SH,redemption_event,,
2020-03-16,113517.SH,redemption_event,,
2020-04-13,128065.SZ,fundamental_deterioration,,
2020-04-24,113554.SH,fundamental_deterioration,,
2020-04-27,113014.SH,fundamental_deterioration,,
2020-04-27,110042.SH,fundamental_deterioration,,
2020-04-30,113527.SH,fundamental_deterioration,,
2020-04-30,110052.SH,fundamental_deterioration,,
2020-04-30,127012.SZ,fundamental_deterioration,,
2020-05-06,128032.SZ,fundamental_deterioration,,
2020-05-06,113531.SH,redemption_event,,
2020-05-06,128035.SZ,fundamental_deterioration,,
2020-05-06,128028.SZ,fundamental_deterioration,,
2020-05-06,128085.SZ,fundamental_deterioration,,
2020-08-31,113534.SH,fundamental_deterioration,,
2020-12-15,113562.SH,redemption_event,,
2021-01-25,110077.SH,no_executable_open_or_one_price_session,,
2021-03-22,127025.SZ,no_executable_open_or_one_price_session,,
2021-03-29,127025.SZ,no_executable_open_or_one_price_session,,
2021-04-23,127025.SZ,fundamental_deterioration,,
2021-04-29,123070.SZ,fundamental_deterioration,,
2021-04-30,127006.SZ,fundamental_deterioration,,
2021-04-30,127027.SZ,fundamental_deterioration,,
2021-04-30,128114.SZ,fundamental_deterioration,,
2021-05-06,110070.SH,fundamental_deterioration,,
2021-10-27,127028.SZ,fundamental_deterioration,,
2021-11-29,127025.SZ,no_executable_open_or_one_price_session,,
2021-12-06,127025.SZ,no_executable_open_or_one_price_session,,
2022-01-19,113026.SH,redemption_event,,
2022-02-07,127019.SZ,open_above_margin_buy_limit,106.95,106.42224014773679
2022-04-11,127027.SZ,no_executable_open_or_one_price_session,,
2022-04-13,113047.SH,fundamental_deterioration,,
2022-04-14,127027.SZ,no_executable_open_or_one_price_session,,
2022-04-18,127027.SZ,no_executable_open_or_one_price_session,,
2022-04-19,127029.SZ,fundamental_deterioration,,
2022-04-20,127027.SZ,no_executable_open_or_one_price_session,,
2022-04-21,127025.SZ,fundamental_deterioration,,
2022-04-22,127027.SZ,no_executable_open_or_one_price_session,,
2022-04-22,128035.SZ,fundamental_deterioration,,
2022-04-27,127022.SZ,fundamental_deterioration,,
2022-04-28,113616.SH,fundamental_deterioration,,
2022-04-29,111002.SH,fundamental_deterioration,,
2022-05-05,113627.SH,fundamental_deterioration,,
2022-05-05,110062.SH,fundamental_deterioration,,
2022-05-05,127045.SZ,fundamental_deterioration,,
2022-05-05,113048.SH,fundamental_deterioration,,
2022-05-05,110084.SH,fundamental_deterioration,,
2022-05-05,113575.SH,fundamental_deterioration,,
2022-06-08,127013.SZ,redemption_event,,
2022-06-20,110071.SH,redemption_event,,
2022-07-11,127031.SZ,open_above_margin_buy_limit,131.2,131.13505675659584
2022-08-29,127042.SZ,fundamental_deterioration,,
2022-08-29,123101.SZ,fundamental_deterioration,,
2022-08-31,128053.SZ,fundamental_deterioration,,
2022-10-31,110047.SH,fundamental_deterioration,,
2022-10-31,127018.SZ,fundamental_deterioration,,
2022-10-31,110063.SH,fundamental_deterioration,,
2022-10-31,113526.SH,fundamental_deterioration,,
2022-12-28,113525.SH,redemption_event,,
2023-01-30,118024.SH,open_above_margin_buy_limit,127.89,127.81217400802777
2023-04-19,113639.SH,fundamental_deterioration,,
2023-04-24,127056.SZ,fundamental_deterioration,,
2023-04-26,128101.SZ,fundamental_deterioration,,
2023-04-26,113059.SH,fundamental_deterioration,,
2023-04-27,128128.SZ,no_executable_open_or_one_price_session,,
2023-04-27,123107.SZ,fundamental_deterioration,,
2023-04-27,123035.SZ,fundamental_deterioration,,
2023-04-27,123108.SZ,fundamental_deterioration,,
2023-04-28,128128.SZ,no_executable_open_or_one_price_session,,
2023-04-28,118025.SH,fundamental_deterioration,,
2023-04-28,118031.SH,fundamental_deterioration,,
2023-05-04,113631.SH,open_above_margin_buy_limit,121.0,120.05665605463017
2023-05-04,128074.SZ,open_above_margin_buy_limit,153.31,147.79502128188355
2023-05-04,128128.SZ,no_executable_open_or_one_price_session,,
2023-05-04,110062.SH,fundamental_deterioration,,
2023-05-04,113647.SH,fundamental_deterioration,,
2023-05-04,128075.SZ,fundamental_deterioration,,
2023-05-04,111002.SH,fundamental_deterioration,,
2023-05-04,110074.SH,fundamental_deterioration,,
2023-05-04,128081.SZ,fundamental_deterioration,,
2023-05-04,128128.SZ,fundamental_deterioration,,
2023-05-09,110057.SH,redemption_event,,
2023-07-10,127036.SZ,redemption_event,,
2023-07-24,128095.SZ,open_above_margin_buy_limit,154.0,148.58978934127242
2023-08-16,113616.SH,fundamental_deterioration,,
2023-08-23,113666.SH,fundamental_deterioration,,
2023-08-28,113061.SH,open_above_margin_buy_limit,131.35,130.85741488291063
2023-08-28,118034.SH,open_above_margin_buy_limit,117.4,115.92833764466181
2023-08-28,123158.SZ,open_above_margin_buy_limit,134.0,132.22410754860857
2023-09-01,127018.SZ,fundamental_deterioration,,
2023-09-01,127084.SZ,fundamental_deterioration,,
2023-09-25,113061.SH,open_above_margin_buy_limit,133.0,132.1996973452917
2023-10-23,128075.SZ,redemption_event,,
2023-11-20,118003.SH,open_above_margin_buy_limit,134.44,133.70323569993712
2024-01-02,123158.SZ,open_above_margin_buy_limit,129.798,129.66441518945902
2024-01-26,113063.SH,redemption_event,,
2024-04-03,127063.SZ,redemption_event,,
2024-04-15,127042.SZ,open_above_margin_buy_limit,112.0,111.42325441800409
2024-04-23,123128.SZ,fundamental_deterioration,,
2024-04-24,118019.SH,fundamental_deterioration,,
2024-04-24,127056.SZ,fundamental_deterioration,,
2024-04-24,128053.SZ,fundamental_deterioration,,
2024-04-24,111010.SH,fundamental_deterioration,,
2024-04-26,128136.SZ,fundamental_deterioration,,
2024-04-26,110082.SH,fundamental_deterioration,,
2024-04-26,113049.SH,fundamental_deterioration,,
2024-04-26,110072.SH,fundamental_deterioration,,
2024-04-29,113058.SH,fundamental_deterioration,,
2024-04-29,123210.SZ,fundamental_deterioration,,
2024-04-29,113563.SH,fundamental_deterioration,,
2024-04-29,127038.SZ,fundamental_deterioration,,
2024-04-29,127084.SZ,fundamental_deterioration,,
2024-05-06,110062.SH,fundamental_deterioration,,
2024-05-06,113655.SH,fundamental_deterioration,,
2024-05-06,128144.SZ,fundamental_deterioration,,
2024-05-06,110074.SH,fundamental_deterioration,,
2024-07-26,113602.SH,redemption_event,,
2024-08-29,113033.SH,fundamental_deterioration,,
2024-08-29,110055.SH,fundamental_deterioration,,
2024-09-02,118034.SH,fundamental_deterioration,,
2024-09-02,127103.SZ,fundamental_deterioration,,
2024-10-08,113631.SH,open_above_margin_buy_limit,139.999,139.32675059099367
2024-10-28,123101.SZ,fundamental_deterioration,,
2024-10-31,123247.SZ,fundamental_deterioration,,
2024-11-11,110068.SH,redemption_event,,
2025-02-21,113061.SH,redemption_event,,
2025-03-10,113641.SH,open_above_margin_buy_limit,130.457,130.25840216033222
2025-03-21,110093.SH,fundamental_deterioration,,
2025-03-31,110084.SH,no_executable_open_or_one_price_session,,
2025-04-21,127056.SZ,fundamental_deterioration,,
2025-04-23,113068.SH,fundamental_deterioration,,
2025-04-28,127072.SZ,fundamental_deterioration,,
2025-04-28,128136.SZ,fundamental_deterioration,,
2025-04-28,127052.SZ,fundamental_deterioration,,
2025-04-28,113661.SH,fundamental_deterioration,,
2025-04-28,113067.SH,fundamental_deterioration,,
2025-04-28,113672.SH,fundamental_deterioration,,
2025-04-28,113049.SH,fundamental_deterioration,,
2025-04-30,123149.SZ,verified_suspension_stale_mark,,
2025-04-30,127038.SZ,fundamental_deterioration,,
2025-04-30,113069.SH,fundamental_deterioration,,
2025-04-30,113632.SH,fundamental_deterioration,,
2025-05-06,123149.SZ,no_executable_open_or_one_price_session,,
2025-05-06,123149.SZ,verified_suspension_stale_mark,,
2025-05-06,128134.SZ,fundamental_deterioration,,
2025-05-06,110062.SH,fundamental_deterioration,,
2025-05-06,113674.SH,fundamental_deterioration,,
2025-05-06,127103.SZ,fundamental_deterioration,,
2025-08-11,127070.SZ,open_above_margin_buy_limit,138.0,132.8912214706388
2025-08-18,123145.SZ,redemption_event,,
2025-08-25,128131.SZ,redemption_event,,
2025-09-01,127052.SZ,redemption_event,,
2025-09-01,113641.SH,redemption_event,,
2025-09-08,123158.SZ,open_above_margin_buy_limit,141.173,140.8571085572385
2025-09-22,118024.SH,open_above_margin_buy_limit,128.0,127.97266336563047
2025-09-22,118025.SH,open_above_margin_buy_limit,131.5,131.4310721663121
2025-09-29,127066.SZ,open_above_margin_buy_limit,140.6,140.5632796186682
2025-10-27,113621.SH,open_above_margin_buy_limit,160.228,140.43435357894256
2025-10-27,113691.SH,open_above_margin_buy_limit,126.1,126.0019461749255
2025-11-03,127020.SZ,redemption_event,,
2025-11-04,113621.SH,redemption_event,,
2025-11-07,113047.SH,redemption_event,,
2025-11-13,127073.SZ,redemption_event,,
2025-11-19,123240.SZ,redemption_event,,
2025-11-24,110082.SH,redemption_event,,
2026-01-05,127038.SZ,no_executable_open_or_one_price_session,,
2026-01-12,127038.SZ,no_executable_open_or_one_price_session,,
2026-01-26,127039.SZ,redemption_event,,
2026-01-29,110089.SH,redemption_event,,
2026-02-09,127022.SZ,open_above_margin_buy_limit,139.63,139.27761762556742
2026-02-09,113623.SH,redemption_event,,
2026-02-11,110094.SH,redemption_event,,
2026-03-02,127022.SZ,open_above_margin_buy_limit,144.501,141.17949941917192
2026-04-07,118003.SH,open_above_margin_buy_limit,147.0,145.9408882467462
2026-04-24,113666.SH,fundamental_deterioration,,
2026-04-27,128141.SZ,redemption_event,,
2026-04-29,127038.SZ,fundamental_deterioration,,
2026-05-20,127066.SZ,redemption_event,,
2026-05-25,127026.SZ,redemption_event,,
2026-06-26,113632.SH,redemption_event,,
