signal_date,execution_date,portfolio,code,weight,signal,mean_upside,valuation_gap_yuan,status
2026-09-11,2026-09-14,long_only,110084.SH,0.1,-0.011969182,-0.011969182,-1.5958510317000218,pending_open
2026-09-11,2026-09-14,long_only,110093.SH,0.1,-0.0126409349,-0.0126409349,-1.5208308823000039,pending_open
2026-09-11,2026-09-14,long_only,113051.SH,0.1,0.0488186946,0.0488186946,5.801125482000003,pending_open
2026-09-11,2026-09-14,long_only,113058.SH,0.1,0.0020751702,0.0020751702,0.27001907429999505,pending_open
2026-09-11,2026-09-14,long_only,113066.SH,0.1,0.0336471149,0.0336471149,4.6274204188,pending_open
2026-09-11,2026-09-14,long_only,113659.SH,0.1,-0.013974768,-0.013974768,-1.8374024996999765,pending_open
2026-09-11,2026-09-14,long_only,113691.SH,0.1,0.0140052062,0.0140052062,2.0326596024000025,pending_open
2026-09-11,2026-09-14,long_only,123149.SZ,0.1,0.0092300312,0.0092300312,1.1919754639000075,pending_open
2026-09-11,2026-09-14,long_only,127103.SZ,0.1,0.0232143261,0.0232143261,3.1426626141000042,pending_open
2026-09-11,2026-09-14,long_short,110084.SH,0.1,-0.011969182,-0.011969182,-1.5958510317000218,pending_open
2026-09-11,2026-09-14,long_short,110090.SH,-0.1,-0.1043584528,-0.1043584528,-13.12411902400001,pending_open
2026-09-11,2026-09-14,long_short,110093.SH,0.1,-0.0126409349,-0.0126409349,-1.5208308823000039,pending_open
2026-09-11,2026-09-14,long_short,111014.SH,-0.1,-0.1090280941,-0.1090280941,-13.092747710799998,pending_open
2026-09-11,2026-09-14,long_short,113051.SH,0.1,0.0488186946,0.0488186946,5.801125482000003,pending_open
2026-09-11,2026-09-14,long_short,113058.SH,0.1,0.0020751702,0.0020751702,0.27001907429999505,pending_open
2026-09-11,2026-09-14,long_short,113066.SH,0.1,0.0336471149,0.0336471149,4.6274204188,pending_open
2026-09-11,2026-09-14,long_short,113070.SH,-0.1,-0.1414042519,-0.1414042519,-17.610202721199997,pending_open
2026-09-11,2026-09-14,long_short,113638.SH,-0.1,-0.1129863777,-0.1129863777,-13.728409828300002,pending_open
2026-09-11,2026-09-14,long_short,113659.SH,0.1,-0.013974768,-0.013974768,-1.8374024996999765,pending_open
2026-09-11,2026-09-14,long_short,113691.SH,0.1,0.0140052062,0.0140052062,2.0326596024000025,pending_open
2026-09-11,2026-09-14,long_short,113692.SH,-0.1,-0.1185681097,-0.1185681097,-15.047478808199998,pending_open
2026-09-11,2026-09-14,long_short,123149.SZ,0.1,0.0092300312,0.0092300312,1.1919754639000075,pending_open
2026-09-11,2026-09-14,long_short,123266.SZ,-0.1,-0.1586559418,-0.1586559418,-21.8218555471,pending_open
2026-09-11,2026-09-14,long_short,127072.SZ,-0.1,-0.1265296463,-0.1265296463,-16.728358003600007,pending_open
2026-09-11,2026-09-14,long_short,127085.SZ,-0.1,-0.1165639645,-0.1165639645,-13.787768535499993,pending_open
2026-09-11,2026-09-14,long_short,127103.SZ,0.1,0.0232143261,0.0232143261,3.1426626141000042,pending_open
2026-09-11,2026-09-14,long_short,127111.SZ,-0.1,-0.1115606489,-0.1115606489,-15.060687598000001,pending_open
