signal_date,market_count,market_eligible_count,eligible_count,three_model_count,financial_coverage,event_coverage,st_coverage
2019-01-25,118,19,9,101,1.0,0.0,1.0
2019-02-01,118,26,13,100,1.0,0.0,1.0
2019-02-15,118,29,16,101,1.0,0.0,1.0
2019-02-22,121,33,19,104,1.0,0.0,1.0
2019-03-01,121,40,25,104,1.0,0.0,1.0
2019-03-08,122,48,31,105,1.0,0.0,1.0
2019-03-15,123,51,32,106,1.0,0.0,1.0
2019-03-22,128,49,31,110,1.0,0.0,1.0
2019-03-29,131,52,35,113,1.0,0.0,1.0
2019-04-04,138,42,29,119,1.0,0.0,1.0
2019-04-12,141,48,35,119,1.0,0.0,1.0
2019-04-19,147,45,33,126,1.0,0.0,1.0
2019-04-26,154,54,37,134,1.0,0.0,1.0
2019-04-30,156,52,27,136,1.0,0.0,1.0
2019-05-10,159,53,24,139,1.0,0.0,1.0
2019-05-17,162,51,26,141,1.0,0.0,1.0
2019-05-24,160,44,25,141,1.0,0.0,1.0
2019-05-31,160,31,14,141,1.0,0.0,1.0
2019-06-06,161,36,19,141,1.0,0.0,1.0
2019-06-14,161,44,22,141,1.0,0.0,1.0
2019-06-21,161,42,24,141,1.0,0.0,1.0
2019-06-28,162,39,21,143,1.0,0.0,1.0
2019-07-05,166,37,19,145,1.0,0.0,1.0
2019-07-12,168,40,20,148,1.0,0.0,1.0
2019-07-19,169,38,19,148,1.0,0.0,1.0
2019-07-26,172,37,18,149,1.0,0.0,1.0
2019-08-02,171,37,19,151,1.0,0.0,1.0
2019-08-09,172,38,19,152,1.0,0.0,1.0
2019-08-16,173,40,20,151,1.0,0.0,1.0
2019-08-23,174,36,16,152,1.0,0.0,1.0
2019-08-30,173,36,21,152,1.0,0.0,1.0
2019-09-06,173,37,23,153,1.0,0.0,1.0
2019-09-12,176,38,23,155,1.0,0.0,1.0
2019-09-20,178,37,23,158,1.0,0.0,1.0
2019-09-27,178,39,22,158,1.0,0.0,1.0
2019-09-30,178,40,24,158,1.0,0.0,1.0
2019-10-11,178,37,19,158,1.0,0.0,1.0
2019-10-18,179,30,18,158,1.0,0.0,1.0
2019-10-25,178,32,19,158,1.0,0.0,1.0
2019-11-01,179,33,22,157,1.0,0.0,1.0
2019-11-08,182,31,20,161,1.0,0.0,1.0
2019-11-15,183,33,22,162,1.0,0.0,1.0
2019-11-22,186,32,20,165,1.0,0.0,1.0
2019-11-29,189,29,19,168,1.0,0.0,1.0
2019-12-06,190,26,17,169,1.0,0.0,1.0
2019-12-13,195,30,18,174,1.0,0.0,1.0
2019-12-20,196,30,19,176,1.0,0.0,1.0
2019-12-27,196,37,23,177,1.0,0.0,1.0
2020-01-03,198,48,32,178,1.0,0.0,1.0
2020-01-10,209,56,39,189,1.0,0.0,1.0
2020-01-17,215,52,36,195,1.0,0.0,1.0
2020-01-23,224,55,39,203,1.0,0.0,1.0
2020-02-07,225,57,36,204,1.0,0.0,1.0
2020-02-14,228,57,42,205,1.0,0.0,1.0
2020-02-21,227,56,41,206,1.0,0.0,1.0
2020-02-28,228,70,50,208,1.0,0.0,1.0
2020-03-06,227,64,44,208,1.0,0.0,1.0
2020-03-13,226,80,53,206,1.0,0.0,1.0
2020-03-20,229,85,58,208,1.0,0.0,1.0
2020-03-27,222,94,64,205,1.0,0.0,1.0
2020-04-03,227,92,65,210,1.0,0.0,1.0
2020-04-10,232,92,66,214,1.0,0.0,1.0
2020-04-17,236,88,64,217,1.0,0.0,1.0
2020-04-24,238,73,52,219,1.0,0.0,1.0
2020-04-30,242,72,41,224,1.0,0.0,1.0
2020-05-08,245,67,26,227,1.0,0.0,1.0
2020-05-15,252,71,28,234,1.0,0.0,1.0
2020-05-22,257,85,32,238,1.0,0.0,1.0
2020-05-29,255,83,35,237,1.0,0.0,1.0
2020-06-05,255,77,32,237,1.0,0.0,1.0
2020-06-12,255,77,33,237,1.0,0.0,1.0
2020-06-19,256,63,24,238,1.0,0.0,1.0
2020-06-24,260,61,25,242,1.0,0.0,1.0
2020-07-03,264,54,22,246,1.0,0.0,1.0
2020-07-10,269,57,21,250,1.0,0.0,1.0
2020-07-17,275,72,27,254,1.0,0.0,1.0
2020-07-24,279,74,28,260,1.0,0.0,1.0
2020-07-31,282,66,26,261,1.0,0.0,1.0
2020-08-07,286,59,22,265,1.0,0.0,1.0
2020-08-14,290,61,22,269,1.0,0.0,1.0
2020-08-21,302,64,25,279,1.0,0.0,1.0
2020-08-28,300,64,26,278,1.0,0.0,1.0
2020-09-04,294,57,29,271,1.0,0.0,1.0
2020-09-11,294,66,36,271,1.0,0.0,1.0
2020-09-18,297,51,30,274,1.0,0.0,1.0
2020-09-25,301,51,33,278,1.0,0.0,1.0
2020-09-30,302,48,32,279,1.0,0.0,1.0
2020-10-09,302,43,28,279,1.0,0.0,1.0
2020-10-16,304,42,24,280,1.0,0.0,1.0
2020-10-23,304,56,33,279,1.0,0.0,1.0
2020-10-30,306,67,47,282,1.0,0.0,1.0
2020-11-06,309,62,43,284,1.0,0.0,1.0
2020-11-13,311,63,44,287,1.0,0.0,1.0
2020-11-20,317,61,40,293,1.0,0.0,1.0
2020-11-27,319,60,36,295,1.0,0.0,1.0
2020-12-04,321,67,41,297,1.0,0.0,1.0
2020-12-11,319,65,42,295,1.0,0.0,1.0
2020-12-18,321,72,47,297,1.0,0.0,1.0
2020-12-25,327,76,51,302,1.0,0.0,1.0
2020-12-31,331,70,47,304,1.0,0.0,1.0
2021-01-08,334,74,49,307,1.0,0.0,1.0
2021-01-15,339,82,53,311,1.0,0.0,1.0
2021-01-22,343,78,52,316,1.0,0.0,1.0
2021-01-29,343,81,55,315,1.0,0.0,1.0
2021-02-05,342,88,56,315,1.0,0.0,1.0
2021-02-10,344,87,55,316,1.0,0.0,1.0
2021-02-19,346,88,59,317,1.0,0.0,1.0
2021-02-26,344,100,68,317,1.0,0.0,1.0
2021-03-05,340,97,71,313,1.0,0.0,1.0
2021-03-12,339,92,68,314,1.0,0.0,1.0
2021-03-19,340,82,61,314,1.0,0.0,1.0
2021-03-26,340,87,66,314,1.0,0.0,1.0
2021-04-02,346,87,62,321,1.0,0.0,1.0
2021-04-09,346,88,63,321,1.0,0.0,1.0
2021-04-16,349,87,62,324,1.0,0.0,1.0
2021-04-23,359,88,63,333,1.0,0.0,1.0
2021-04-30,358,81,48,329,1.0,0.0,1.0
2021-05-07,360,84,45,331,1.0,0.0,1.0
2021-05-14,362,91,43,334,1.0,0.0,1.0
2021-05-21,361,89,42,333,1.0,0.0,1.0
2021-05-28,363,91,43,334,1.0,0.0,1.0
2021-06-04,365,91,42,337,1.0,0.0,1.0
2021-06-11,366,88,38,337,1.0,0.0,1.0
2021-06-18,367,92,40,336,1.0,0.0,1.0
2021-06-25,367,78,32,338,1.0,0.0,1.0
2021-07-02,369,80,36,340,1.0,0.0,1.0
2021-07-09,370,79,37,341,1.0,0.0,1.0
2021-07-16,370,76,34,341,1.0,0.0,1.0
2021-07-23,373,76,34,343,1.0,0.0,1.0
2021-07-30,372,82,34,343,1.0,0.0,1.0
2021-08-06,373,91,39,342,1.0,0.0,1.0
2021-08-13,374,91,41,343,1.0,0.0,1.0
2021-08-20,374,98,46,344,1.0,0.0,1.0
2021-08-27,376,90,48,346,1.0,0.0,1.0
2021-09-03,375,74,42,345,1.0,0.0,1.0
2021-09-10,374,76,42,344,1.0,0.0,1.0
2021-09-17,375,83,46,344,1.0,0.0,1.0
2021-09-24,375,84,46,343,1.0,0.0,1.0
2021-09-30,375,94,53,344,1.0,0.0,1.0
2021-10-08,375,94,53,344,1.0,0.0,1.0
2021-10-15,373,92,51,342,1.0,0.0,1.0
2021-10-22,374,86,49,342,1.0,0.0,1.0
2021-10-29,373,78,48,342,1.0,0.0,1.0
2021-11-05,372,75,45,341,1.0,0.0,1.0
2021-11-12,371,75,44,340,1.0,0.0,1.0
2021-11-19,371,85,49,340,1.0,0.0,1.0
2021-11-26,376,80,46,344,1.0,0.0,1.0
2021-12-03,375,84,47,343,1.0,0.0,1.0
2021-12-10,380,91,51,347,1.0,0.0,1.0
2021-12-17,378,90,52,345,1.0,0.0,1.0
2021-12-24,378,90,51,346,1.0,0.0,1.0
2021-12-31,379,88,51,347,1.0,0.0,1.0
2022-01-07,381,91,54,349,1.0,0.0,1.0
2022-01-14,381,90,53,348,1.0,0.0,1.0
2022-01-21,386,89,52,353,1.0,0.0,1.0
2022-01-28,386,94,58,353,1.0,0.0,1.0
2022-02-11,386,91,56,353,1.0,0.0,1.0
2022-02-18,387,99,61,354,1.0,0.0,1.0
2022-02-25,384,100,58,351,1.0,0.0,1.0
2022-03-04,383,106,64,350,1.0,0.0,1.0
2022-03-11,383,116,71,349,1.0,0.0,1.0
2022-03-18,384,120,73,351,1.0,0.0,1.0
2022-03-25,387,130,83,354,1.0,0.0,1.0
2022-04-01,389,124,82,356,1.0,0.0,1.0
2022-04-08,393,122,82,358,1.0,0.0,1.0
2022-04-15,395,121,79,359,1.0,0.0,1.0
2022-04-22,399,121,78,363,1.0,0.0,1.0
2022-04-29,402,128,74,365,1.0,0.0,1.0
2022-05-06,402,131,61,366,1.0,0.0,1.0
2022-05-13,404,130,59,366,1.0,0.0,1.0
2022-05-20,410,131,58,372,1.0,0.0,1.0
2022-05-27,412,133,58,375,1.0,0.0,1.0
2022-06-02,414,127,53,377,1.0,0.0,1.0
2022-06-10,414,118,48,377,1.0,0.0,1.0
2022-06-17,414,119,49,377,1.0,0.0,1.0
2022-06-24,415,116,45,378,1.0,0.0,1.0
2022-07-01,414,114,45,378,1.0,0.0,1.0
2022-07-08,414,114,47,377,1.0,0.0,1.0
2022-07-15,415,118,50,378,1.0,0.0,1.0
2022-07-22,421,116,49,383,1.0,0.0,1.0
2022-07-29,423,107,44,385,1.0,0.0,1.0
2022-08-05,425,106,41,387,1.0,0.0,1.0
2022-08-12,430,101,40,392,1.0,0.0,1.0
2022-08-19,430,104,42,393,1.0,0.0,1.0
2022-08-26,431,111,48,394,1.0,0.0,1.0
2022-09-02,433,122,67,396,1.0,0.0,1.0
2022-09-09,434,117,65,397,1.0,0.0,1.0
2022-09-16,434,125,72,395,1.0,0.0,1.0
2022-09-23,435,123,69,396,1.0,0.0,1.0
2022-09-30,432,123,70,393,1.0,0.0,1.0
2022-10-14,435,118,67,396,1.0,0.0,1.0
2022-10-21,438,127,74,398,1.0,0.0,1.0
2022-10-28,445,134,80,403,1.0,0.0,1.0
2022-11-04,448,125,70,406,1.0,0.0,1.0
2022-11-11,453,125,72,411,1.0,0.0,1.0
2022-11-18,458,136,80,416,1.0,0.0,1.0
2022-11-25,461,139,81,419,1.0,0.0,1.0
2022-12-02,460,133,79,420,1.0,0.0,1.0
2022-12-09,461,137,81,421,1.0,0.0,1.0
2022-12-16,466,141,85,426,1.0,0.0,1.0
2022-12-23,467,145,88,426,1.0,0.0,1.0
2022-12-30,467,139,87,425,1.0,0.0,1.0
2023-01-06,470,130,81,428,1.0,0.0,1.0
2023-01-13,472,128,83,431,1.0,0.0,1.0
2023-01-20,473,117,74,432,1.0,0.0,1.0
2023-02-03,473,124,74,432,1.0,0.0,1.0
2023-02-10,479,131,79,438,1.0,0.0,1.0
2023-02-17,479,144,88,438,1.0,0.0,1.0
2023-02-24,479,142,87,438,1.0,0.0,1.0
2023-03-03,477,139,86,436,1.0,0.0,1.0
2023-03-10,477,142,87,437,1.0,0.0,1.0
2023-03-17,476,139,83,437,1.0,0.0,1.0
2023-03-24,478,131,78,439,1.0,0.0,1.0
2023-03-31,479,126,76,440,1.0,0.0,1.0
2023-04-07,480,128,77,441,1.0,0.0,1.0
2023-04-14,483,131,82,443,1.0,0.0,1.0
2023-04-21,487,129,78,446,1.0,0.0,1.0
2023-04-28,495,132,64,454,1.0,0.0,1.0
2023-05-05,497,139,53,456,1.0,0.0,1.0
2023-05-12,499,150,56,458,1.0,0.0,1.0
2023-05-19,501,152,58,461,1.0,0.0,1.0
2023-05-26,502,147,54,461,1.0,0.0,1.0
2023-06-02,501,142,53,460,1.0,0.0,1.0
2023-06-09,500,144,54,459,1.0,0.0,1.0
2023-06-16,499,130,51,458,1.0,0.0,1.0
2023-06-21,499,132,51,458,1.0,0.0,1.0
2023-06-30,498,127,49,456,1.0,0.0,1.0
2023-07-07,500,125,51,460,1.0,0.0,1.0
2023-07-14,501,126,48,461,1.0,0.0,1.0
2023-07-21,507,127,49,467,1.0,0.0,1.0
2023-07-28,505,127,49,464,1.0,0.0,1.0
2023-08-04,508,128,49,468,1.0,0.0,1.0
2023-08-11,513,129,50,474,1.0,0.0,1.0
2023-08-18,526,132,54,486,1.0,0.0,1.0
2023-08-25,529,137,65,488,1.0,0.0,1.0
2023-09-01,533,135,79,492,1.0,0.0,1.0
2023-09-08,537,140,83,497,1.0,0.0,1.0
2023-09-15,541,144,86,501,1.0,0.0,1.0
2023-09-22,541,141,83,501,1.0,0.0,1.0
2023-09-28,542,133,75,502,1.0,0.0,1.0
2023-10-13,544,128,73,503,1.0,0.0,1.0
2023-10-20,546,134,75,506,1.0,0.0,1.0
2023-10-27,543,141,82,505,1.0,0.0,1.0
2023-11-03,542,140,83,505,1.0,0.0,1.0
2023-11-10,544,145,86,507,1.0,0.0,1.0
2023-11-17,545,142,86,506,1.0,0.0,1.0
2023-11-24,547,138,81,507,1.0,0.0,1.0
2023-12-01,547,140,82,508,1.0,0.0,1.0
2023-12-08,546,144,85,507,1.0,0.0,1.0
2023-12-15,546,145,84,507,1.0,0.0,1.0
2023-12-22,545,147,88,507,1.0,0.0,1.0
2023-12-29,543,150,88,505,1.0,0.0,1.0
2024-01-05,542,155,94,504,1.0,0.0,1.0
2024-01-12,543,155,93,505,1.0,0.0,1.0
2024-01-19,548,154,95,510,1.0,0.0,1.0
2024-01-26,548,163,100,512,1.0,0.0,1.0
2024-02-02,545,173,106,510,1.0,0.0,1.0
2024-02-08,546,175,108,511,1.0,0.0,1.0
2024-02-23,545,175,107,510,1.0,0.0,1.0
2024-03-01,546,176,107,509,1.0,0.0,1.0
2024-03-08,544,173,103,508,1.0,0.0,1.0
2024-03-15,542,169,100,507,1.0,0.0,1.0
2024-03-22,541,161,98,507,1.0,0.0,1.0
2024-03-29,541,158,97,506,1.0,0.0,1.0
2024-04-03,539,152,95,505,1.0,0.0,1.0
2024-04-12,538,153,97,503,1.0,0.0,1.0
2024-04-19,537,160,103,502,1.0,0.0,1.0
2024-04-26,536,161,91,500,1.0,0.0,1.0
2024-04-30,537,163,79,500,0.9938650306748467,0.0,1.0
2024-05-10,534,167,70,498,0.9940119760479041,0.0,1.0
2024-05-17,536,167,71,501,0.9940119760479041,0.0,1.0
2024-05-24,539,170,72,501,0.9941176470588236,0.0,1.0
2024-05-31,535,164,69,496,0.9939024390243902,0.0,1.0
2024-06-07,533,162,67,494,0.9938271604938271,0.0,1.0
2024-06-14,532,157,66,491,0.9936305732484076,0.0,1.0
2024-06-21,532,158,67,491,0.9936708860759493,0.0,1.0
2024-06-28,530,157,64,490,0.9936305732484076,0.0,1.0
2024-07-05,527,155,64,486,0.9935483870967742,0.0,1.0
2024-07-12,528,155,64,487,0.9935483870967742,0.0,1.0
2024-07-19,526,151,62,484,0.9933774834437086,0.0,1.0
2024-07-26,527,149,60,485,0.9932885906040269,0.0,1.0
2024-08-02,528,152,60,486,0.993421052631579,0.0,1.0
2024-08-09,528,149,62,486,0.9932885906040269,0.0,1.0
2024-08-16,528,154,65,486,0.9935064935064936,0.0,1.0
2024-08-23,529,154,69,489,0.9935064935064936,0.0,1.0
2024-08-30,530,158,85,498,1.0,0.0,1.0
2024-09-06,534,158,89,502,1.0,0.0,1.0
2024-09-13,536,160,90,504,1.0,0.0,1.0
2024-09-20,536,158,89,504,1.0,0.0,1.0
2024-09-27,536,160,89,504,1.0,0.0,1.0
2024-09-30,536,161,90,504,1.0,0.0,1.0
2024-10-11,536,165,91,503,1.0,0.0,1.0
2024-10-18,535,161,90,504,1.0,0.0,1.0
2024-10-25,534,160,89,503,1.0,0.0,1.0
2024-11-01,534,161,101,501,1.0,0.0,1.0
2024-11-08,531,158,99,501,1.0,0.0,1.0
2024-11-15,534,157,97,504,1.0,0.0,1.0
2024-11-22,534,156,96,503,1.0,0.0,1.0
2024-11-29,529,155,95,499,1.0,0.0,1.0
2024-12-06,524,157,97,495,1.0,0.0,1.0
2024-12-13,520,155,95,491,1.0,0.0,1.0
2024-12-20,512,158,96,484,1.0,0.0,1.0
2024-12-27,508,158,95,481,1.0,0.0,1.0
2025-01-03,507,160,96,480,1.0,0.0,1.0
2025-01-10,506,157,95,478,1.0,0.0,1.0
2025-01-17,504,157,95,477,1.0,0.0,1.0
2025-01-24,504,156,94,476,1.0,0.0,1.0
2025-01-27,503,155,92,475,1.0,0.0,1.0
2025-02-07,502,150,88,475,1.0,0.0,1.0
2025-02-14,502,148,86,475,1.0,0.0,1.0
2025-02-21,501,144,84,473,1.0,0.0,1.0
2025-02-28,498,147,85,472,1.0,0.0,1.0
2025-03-07,494,143,82,470,1.0,0.0,1.0
2025-03-14,493,143,82,468,1.0,0.0,1.0
2025-03-21,490,145,83,466,1.0,0.0,1.0
2025-03-28,480,149,89,458,1.0,0.0,1.0
2025-04-03,481,148,90,456,1.0,0.0,1.0
2025-04-11,476,150,94,452,1.0,0.0,1.0
2025-04-18,474,150,95,450,1.0,0.0,1.0
2025-04-25,474,147,91,450,1.0,0.0,1.0
2025-04-30,474,147,67,449,1.0,0.0,1.0
2025-05-09,475,151,58,451,1.0,0.0,1.0
2025-05-16,474,146,56,449,1.0,0.0,1.0
2025-05-23,472,145,56,446,1.0,0.0,1.0
2025-05-30,472,144,56,446,1.0,0.0,1.0
2025-06-06,472,140,55,447,1.0,0.0,1.0
2025-06-13,470,142,57,442,1.0,0.0,1.0
2025-06-20,469,139,54,441,1.0,0.0,1.0
2025-06-27,469,141,56,442,1.0,0.0,1.0
2025-07-04,470,138,55,443,1.0,0.0,1.0
2025-07-11,469,138,55,442,1.0,0.0,1.0
2025-07-18,466,136,54,440,1.0,0.0,1.0
2025-07-25,467,133,54,442,1.0,0.0,1.0
2025-08-01,461,134,55,436,1.0,0.0,1.0
2025-08-08,458,132,55,433,1.0,0.0,1.0
2025-08-15,452,128,51,427,1.0,0.0,1.0
2025-08-22,449,124,54,424,1.0,0.0,1.0
2025-08-29,439,127,63,416,1.0,0.0,1.0
2025-09-05,442,126,66,418,1.0,0.0,1.0
2025-09-12,439,123,66,415,1.0,0.0,1.0
2025-09-19,434,122,65,409,1.0,0.0,1.0
2025-09-26,429,121,64,405,1.0,0.0,1.0
2025-09-30,425,118,61,401,1.0,0.0,1.0
2025-10-10,421,114,60,398,1.0,0.0,1.0
2025-10-17,414,120,62,393,1.0,0.0,1.0
2025-10-24,411,117,61,389,1.0,0.0,1.0
2025-10-31,408,116,66,386,1.0,0.0,1.0
2025-11-07,404,114,67,383,1.0,0.0,1.0
2025-11-14,402,112,63,381,1.0,0.0,1.0
2025-11-21,401,114,64,381,1.0,0.0,1.0
2025-11-28,400,113,63,380,1.0,0.0,1.0
2025-12-05,397,107,61,378,1.0,0.0,1.0
2025-12-12,396,106,60,376,1.0,0.0,1.0
2025-12-19,390,106,61,370,1.0,0.0,1.0
2025-12-26,383,99,59,363,1.0,0.0,1.0
2025-12-31,386,97,60,366,1.0,0.0,1.0
2026-01-09,384,89,54,363,1.0,0.0,1.0
2026-01-16,385,90,55,365,1.0,0.0,1.0
2026-01-23,379,83,51,360,1.0,0.0,1.0
2026-01-30,379,91,53,359,1.0,0.0,1.0
2026-02-06,376,89,52,358,1.0,0.0,1.0
2026-02-13,374,88,48,356,1.0,0.0,1.0
2026-02-27,373,87,51,354,1.0,0.0,1.0
2026-03-06,369,85,49,349,1.0,0.0,1.0
2026-03-13,365,87,51,347,1.0,0.0,1.0
2026-03-20,364,95,53,347,1.0,0.0,1.0
2026-03-27,358,89,52,340,1.0,0.0,1.0
2026-04-03,351,94,54,332,1.0,0.0,1.0
2026-04-10,345,86,49,325,1.0,0.0,1.0
2026-04-17,342,84,51,324,1.0,0.0,1.0
2026-04-24,338,82,45,322,1.0,0.0,1.0
2026-04-30,336,83,39,318,1.0,0.0,1.0
2026-05-08,335,73,31,319,1.0,0.0,1.0
2026-05-15,335,78,32,319,1.0,0.0,1.0
2026-05-22,331,79,30,315,1.0,0.0,1.0
2026-05-29,326,79,30,309,1.0,0.0,1.0
2026-06-05,321,79,30,304,1.0,0.0,1.0
2026-06-12,320,79,31,302,1.0,0.0,1.0
2026-06-18,315,80,31,297,1.0,0.0,1.0
2026-06-26,311,79,28,293,1.0,0.0,1.0
2026-07-03,313,75,28,296,1.0,0.0,1.0
2026-07-10,314,76,28,297,1.0,0.0,1.0
2026-07-17,314,78,28,298,1.0,0.0,1.0
2026-07-24,313,77,28,299,1.0,0.0,1.0
2026-07-31,306,71,27,285,1.0,0.0,1.0
2026-08-07,308,72,27,287,1.0,0.0,1.0
2026-08-14,311,75,29,293,1.0,0.0,1.0
2026-08-21,314,77,31,298,1.0,0.0,1.0
2026-08-28,314,75,32,301,1.0,0.0,1.0
2026-09-04,313,77,35,297,1.0,0.0,1.0
2026-09-11,313,79,35,300,1.0,1.0,1.0
