date,code,reason
2019-06-17,123021.SZ,no_executable_open_or_one_price_session
2019-07-29,110048.SH,no_executable_open_or_one_price_session
2019-12-30,123003.SZ,redemption_event
2020-03-02,110046.SH,redemption_event
2020-03-16,113517.SH,redemption_event
2020-04-13,123004.SZ,no_executable_open_or_one_price_session
2020-05-06,113531.SH,redemption_event
2020-05-21,113515.SH,redemption_event
2020-12-15,113562.SH,redemption_event
2021-01-25,110077.SH,no_executable_open_or_one_price_session
2021-03-22,127025.SZ,no_executable_open_or_one_price_session
2021-03-29,127025.SZ,no_executable_open_or_one_price_session
2021-11-29,127025.SZ,no_executable_open_or_one_price_session
2021-12-06,127025.SZ,no_executable_open_or_one_price_session
2022-01-19,113026.SH,redemption_event
2022-04-06,127014.SZ,no_executable_open_or_one_price_session
2022-04-11,127027.SZ,no_executable_open_or_one_price_session
2022-04-18,127027.SZ,no_executable_open_or_one_price_session
2022-05-16,127028.SZ,no_executable_open_or_one_price_session
2022-05-23,127028.SZ,no_executable_open_or_one_price_session
2022-05-23,127027.SZ,redemption_event
2022-05-24,127028.SZ,no_executable_open_or_one_price_session
2022-05-25,128107.SZ,redemption_event
2022-06-08,127013.SZ,redemption_event
2022-06-20,110071.SH,redemption_event
2022-10-27,110056.SH,redemption_event
2022-12-28,113525.SH,redemption_event
2023-04-10,123077.SZ,redemption_event
2023-04-17,127021.SZ,redemption_event
2023-05-04,128128.SZ,no_executable_open_or_one_price_session
2023-05-09,110057.SH,redemption_event
2023-07-10,127036.SZ,redemption_event
2023-10-23,128075.SZ,redemption_event
2024-01-26,113063.SH,redemption_event
2024-04-03,127063.SZ,redemption_event
2024-07-22,110072.SH,no_executable_open_or_one_price_session
2024-07-26,113602.SH,redemption_event
2024-07-29,110072.SH,no_executable_open_or_one_price_session
2024-08-05,110072.SH,no_executable_open_or_one_price_session
2024-08-12,110072.SH,no_executable_open_or_one_price_session
2024-08-19,110072.SH,no_executable_open_or_one_price_session
2024-08-26,110072.SH,no_executable_open_or_one_price_session
2024-08-28,110072.SH,unverified_close_carry_mark_not_exit
2024-08-29,110072.SH,unverified_close_carry_mark_not_exit
2024-08-30,110072.SH,unverified_close_carry_mark_not_exit
2024-09-02,110072.SH,no_executable_open_or_one_price_session
2024-09-02,110072.SH,unverified_close_carry_mark_not_exit
2024-09-03,110072.SH,unverified_close_carry_mark_not_exit
2024-09-04,110072.SH,unverified_close_carry_mark_not_exit
2024-09-05,110072.SH,unverified_close_carry_mark_not_exit
2024-09-06,110072.SH,unverified_close_carry_mark_not_exit
2024-09-09,110072.SH,no_executable_open_or_one_price_session
2024-09-09,110072.SH,unverified_close_carry_mark_not_exit
2024-09-10,110072.SH,unverified_close_carry_mark_not_exit
2024-09-11,110072.SH,unverified_close_carry_mark_not_exit
2024-09-12,110072.SH,unverified_close_carry_mark_not_exit
2024-09-13,110072.SH,unverified_close_carry_mark_not_exit
2024-09-18,110072.SH,no_executable_open_or_one_price_session
2024-09-18,110072.SH,unverified_close_carry_mark_not_exit
2024-09-19,110072.SH,unverified_close_carry_mark_not_exit
2024-09-20,110072.SH,unverified_close_carry_mark_not_exit
2024-09-23,110072.SH,no_executable_open_or_one_price_session
2024-09-23,110072.SH,unverified_close_carry_mark_not_exit
2024-09-24,110072.SH,unverified_close_carry_mark_not_exit
2024-09-25,110072.SH,unverified_close_carry_mark_not_exit
2024-09-26,110072.SH,unverified_close_carry_mark_not_exit
2024-09-27,110072.SH,unverified_close_carry_mark_not_exit
2024-09-30,110072.SH,no_executable_open_or_one_price_session
2024-09-30,110072.SH,unverified_close_carry_mark_not_exit
2024-10-08,110072.SH,no_executable_open_or_one_price_session
2024-10-08,110072.SH,unverified_close_carry_mark_not_exit
2024-10-09,110072.SH,unverified_close_carry_mark_not_exit
2024-10-10,110072.SH,unverified_close_carry_mark_not_exit
2024-10-11,110072.SH,unverified_close_carry_mark_not_exit
2024-10-14,110072.SH,no_executable_open_or_one_price_session
2024-10-14,110072.SH,unverified_close_carry_mark_not_exit
2024-10-15,110072.SH,unverified_close_carry_mark_not_exit
2024-10-16,110072.SH,unverified_close_carry_mark_not_exit
2024-10-17,110072.SH,unverified_close_carry_mark_not_exit
2024-10-18,110072.SH,unverified_close_carry_mark_not_exit
2024-10-21,110072.SH,no_executable_open_or_one_price_session
2024-10-21,110072.SH,unverified_close_carry_mark_not_exit
2024-10-22,110072.SH,unverified_close_carry_mark_not_exit
2024-10-23,110072.SH,unverified_close_carry_mark_not_exit
2024-10-24,110072.SH,unverified_close_carry_mark_not_exit
2024-10-25,110072.SH,unverified_close_carry_mark_not_exit
2024-10-28,110072.SH,no_executable_open_or_one_price_session
2024-10-28,110072.SH,unverified_close_carry_mark_not_exit
2024-10-29,110072.SH,unverified_close_carry_mark_not_exit
2024-10-30,110072.SH,unverified_close_carry_mark_not_exit
2024-10-31,110072.SH,unverified_close_carry_mark_not_exit
2024-11-01,110072.SH,unverified_close_carry_mark_not_exit
2024-11-04,110072.SH,no_executable_open_or_one_price_session
2024-11-04,110072.SH,unverified_close_carry_mark_not_exit
2024-11-05,110072.SH,unverified_close_carry_mark_not_exit
2024-11-06,110072.SH,unverified_close_carry_mark_not_exit
2024-11-06,127102.SZ,unverified_close_carry_mark_not_exit
2024-11-07,110072.SH,unverified_close_carry_mark_not_exit
2024-11-07,127102.SZ,unverified_close_carry_mark_not_exit
2024-11-08,110072.SH,unverified_close_carry_mark_not_exit
2024-11-08,127102.SZ,unverified_close_carry_mark_not_exit
2024-11-11,110072.SH,no_executable_open_or_one_price_session
2024-11-11,127102.SZ,no_executable_open_or_one_price_session
2024-11-11,110072.SH,unverified_close_carry_mark_not_exit
2024-11-11,127102.SZ,unverified_close_carry_mark_not_exit
2024-11-11,110068.SH,redemption_event
2024-11-12,110072.SH,no_executable_open_or_one_price_session
2024-11-12,127102.SZ,no_executable_open_or_one_price_session
2024-11-12,110072.SH,unverified_close_carry_mark_not_exit
2024-11-12,127102.SZ,unverified_close_carry_mark_not_exit
2024-11-13,110072.SH,unverified_close_carry_mark_not_exit
2024-11-13,127102.SZ,unverified_close_carry_mark_not_exit
2024-11-14,110072.SH,unverified_close_carry_mark_not_exit
2024-11-14,127102.SZ,unverified_close_carry_mark_not_exit
2024-11-15,110072.SH,unverified_close_carry_mark_not_exit
2024-11-15,127102.SZ,unverified_close_carry_mark_not_exit
2024-11-18,110072.SH,no_executable_open_or_one_price_session
2024-11-18,127102.SZ,no_executable_open_or_one_price_session
2024-11-18,110072.SH,unverified_close_carry_mark_not_exit
2024-11-18,127102.SZ,unverified_close_carry_mark_not_exit
2024-11-19,110072.SH,unverified_close_carry_mark_not_exit
2024-11-19,127102.SZ,unverified_close_carry_mark_not_exit
2024-11-20,110072.SH,unverified_close_carry_mark_not_exit
2024-11-21,110072.SH,unverified_close_carry_mark_not_exit
2024-11-22,110072.SH,unverified_close_carry_mark_not_exit
2024-11-25,110072.SH,no_executable_open_or_one_price_session
2024-11-25,110072.SH,unverified_close_carry_mark_not_exit
2024-11-26,110072.SH,unverified_close_carry_mark_not_exit
2024-11-27,110072.SH,unverified_close_carry_mark_not_exit
2024-11-28,110072.SH,unverified_close_carry_mark_not_exit
2024-11-29,110072.SH,unverified_close_carry_mark_not_exit
2024-12-02,110072.SH,no_executable_open_or_one_price_session
2024-12-02,110072.SH,unverified_close_carry_mark_not_exit
2024-12-03,110072.SH,unverified_close_carry_mark_not_exit
2024-12-04,110072.SH,unverified_close_carry_mark_not_exit
2024-12-05,110072.SH,unverified_close_carry_mark_not_exit
2024-12-06,110072.SH,unverified_close_carry_mark_not_exit
2024-12-09,110072.SH,no_executable_open_or_one_price_session
2024-12-09,110072.SH,unverified_close_carry_mark_not_exit
2024-12-10,110072.SH,unverified_close_carry_mark_not_exit
2024-12-11,110072.SH,unverified_close_carry_mark_not_exit
2024-12-12,110072.SH,unverified_close_carry_mark_not_exit
2024-12-13,110072.SH,unverified_close_carry_mark_not_exit
2024-12-16,110072.SH,no_executable_open_or_one_price_session
2024-12-16,110072.SH,unverified_close_carry_mark_not_exit
2024-12-17,110072.SH,unverified_close_carry_mark_not_exit
2024-12-18,110072.SH,unverified_close_carry_mark_not_exit
2024-12-19,110072.SH,unverified_close_carry_mark_not_exit
2024-12-20,110072.SH,unverified_close_carry_mark_not_exit
2024-12-23,110072.SH,no_executable_open_or_one_price_session
2024-12-23,110072.SH,unverified_close_carry_mark_not_exit
2024-12-24,110072.SH,unverified_close_carry_mark_not_exit
2024-12-25,110072.SH,unverified_close_carry_mark_not_exit
2024-12-26,110072.SH,unverified_close_carry_mark_not_exit
2024-12-27,110072.SH,unverified_close_carry_mark_not_exit
2024-12-30,110072.SH,no_executable_open_or_one_price_session
2024-12-30,110072.SH,unverified_close_carry_mark_not_exit
2024-12-31,110072.SH,unverified_close_carry_mark_not_exit
2025-01-02,110072.SH,unverified_close_carry_mark_not_exit
2025-01-03,110072.SH,unverified_close_carry_mark_not_exit
2025-01-06,110072.SH,no_executable_open_or_one_price_session
2025-01-06,110072.SH,unverified_close_carry_mark_not_exit
2025-01-07,110072.SH,unverified_close_carry_mark_not_exit
2025-01-08,110072.SH,unverified_close_carry_mark_not_exit
2025-01-09,110072.SH,unverified_close_carry_mark_not_exit
2025-01-10,110072.SH,unverified_close_carry_mark_not_exit
2025-01-13,110072.SH,no_executable_open_or_one_price_session
2025-01-13,110072.SH,unverified_close_carry_mark_not_exit
2025-01-14,110072.SH,unverified_close_carry_mark_not_exit
2025-01-15,110072.SH,unverified_close_carry_mark_not_exit
2025-01-16,110072.SH,unverified_close_carry_mark_not_exit
2025-01-17,110072.SH,unverified_close_carry_mark_not_exit
2025-01-20,110072.SH,no_executable_open_or_one_price_session
2025-01-20,110072.SH,unverified_close_carry_mark_not_exit
2025-01-21,110072.SH,unverified_close_carry_mark_not_exit
2025-01-22,110072.SH,unverified_close_carry_mark_not_exit
2025-01-23,110072.SH,unverified_close_carry_mark_not_exit
2025-01-24,110072.SH,unverified_close_carry_mark_not_exit
2025-01-27,110072.SH,no_executable_open_or_one_price_session
2025-01-27,110072.SH,unverified_close_carry_mark_not_exit
2025-02-05,110072.SH,no_executable_open_or_one_price_session
2025-02-05,110072.SH,unverified_close_carry_mark_not_exit
2025-02-06,110072.SH,unverified_close_carry_mark_not_exit
2025-02-07,110072.SH,unverified_close_carry_mark_not_exit
2025-02-10,110072.SH,no_executable_open_or_one_price_session
2025-02-10,110072.SH,unverified_close_carry_mark_not_exit
2025-02-11,110072.SH,unverified_close_carry_mark_not_exit
2025-02-12,110072.SH,unverified_close_carry_mark_not_exit
2025-02-13,110072.SH,unverified_close_carry_mark_not_exit
2025-02-14,110072.SH,unverified_close_carry_mark_not_exit
2025-02-17,110072.SH,no_executable_open_or_one_price_session
2025-02-17,110072.SH,unverified_close_carry_mark_not_exit
2025-02-18,110072.SH,unverified_close_carry_mark_not_exit
2025-02-19,110072.SH,unverified_close_carry_mark_not_exit
2025-02-20,110072.SH,unverified_close_carry_mark_not_exit
2025-02-21,110072.SH,unverified_close_carry_mark_not_exit
2025-02-21,113061.SH,redemption_event
2025-02-24,110072.SH,no_executable_open_or_one_price_session
2025-02-24,110072.SH,unverified_close_carry_mark_not_exit
2025-02-25,110072.SH,unverified_close_carry_mark_not_exit
2025-02-26,110072.SH,unverified_close_carry_mark_not_exit
2025-02-27,110072.SH,unverified_close_carry_mark_not_exit
2025-02-28,110072.SH,unverified_close_carry_mark_not_exit
2025-03-03,110072.SH,no_executable_open_or_one_price_session
2025-03-03,110072.SH,unverified_close_carry_mark_not_exit
2025-03-04,110072.SH,unverified_close_carry_mark_not_exit
2025-03-05,110072.SH,unverified_close_carry_mark_not_exit
2025-03-06,110072.SH,unverified_close_carry_mark_not_exit
2025-03-07,110072.SH,unverified_close_carry_mark_not_exit
2025-03-10,110072.SH,no_executable_open_or_one_price_session
2025-03-10,110072.SH,unverified_close_carry_mark_not_exit
2025-03-10,127014.SZ,redemption_event
2025-03-11,110072.SH,no_executable_open_or_one_price_session
2025-03-11,110072.SH,unverified_close_carry_mark_not_exit
2025-03-12,110072.SH,unverified_close_carry_mark_not_exit
2025-03-13,110072.SH,unverified_close_carry_mark_not_exit
2025-03-14,110072.SH,unverified_close_carry_mark_not_exit
2025-03-17,110072.SH,no_executable_open_or_one_price_session
2025-03-17,110072.SH,unverified_close_carry_mark_not_exit
2025-03-18,110072.SH,unverified_close_carry_mark_not_exit
2025-03-19,110072.SH,unverified_close_carry_mark_not_exit
2025-03-20,110072.SH,unverified_close_carry_mark_not_exit
2025-03-21,110072.SH,unverified_close_carry_mark_not_exit
2025-03-24,110072.SH,no_executable_open_or_one_price_session
2025-03-24,110072.SH,unverified_close_carry_mark_not_exit
2025-03-25,110072.SH,unverified_close_carry_mark_not_exit
2025-03-26,110072.SH,unverified_close_carry_mark_not_exit
2025-03-27,110072.SH,unverified_close_carry_mark_not_exit
2025-03-28,110072.SH,unverified_close_carry_mark_not_exit
2025-03-31,110072.SH,no_executable_open_or_one_price_session
2025-03-31,110072.SH,unverified_close_carry_mark_not_exit
2025-04-01,110072.SH,unverified_close_carry_mark_not_exit
2025-04-02,110072.SH,unverified_close_carry_mark_not_exit
2025-04-03,110072.SH,unverified_close_carry_mark_not_exit
2025-04-07,110072.SH,no_executable_open_or_one_price_session
2025-04-07,110072.SH,unverified_close_carry_mark_not_exit
2025-04-08,110072.SH,unverified_close_carry_mark_not_exit
2025-04-09,110072.SH,unverified_close_carry_mark_not_exit
2025-04-10,110072.SH,unverified_close_carry_mark_not_exit
2025-04-11,110072.SH,unverified_close_carry_mark_not_exit
2025-04-14,110072.SH,no_executable_open_or_one_price_session
2025-04-14,110072.SH,unverified_close_carry_mark_not_exit
2025-04-15,110072.SH,unverified_close_carry_mark_not_exit
2025-04-16,110072.SH,unverified_close_carry_mark_not_exit
2025-04-17,110072.SH,unverified_close_carry_mark_not_exit
2025-04-18,110072.SH,unverified_close_carry_mark_not_exit
2025-04-21,110072.SH,no_executable_open_or_one_price_session
2025-04-21,110072.SH,unverified_close_carry_mark_not_exit
2025-04-22,110072.SH,unverified_close_carry_mark_not_exit
2025-04-23,110072.SH,unverified_close_carry_mark_not_exit
2025-04-24,110072.SH,unverified_close_carry_mark_not_exit
2025-04-25,110072.SH,unverified_close_carry_mark_not_exit
2025-04-28,110072.SH,no_executable_open_or_one_price_session
2025-04-28,110072.SH,unverified_close_carry_mark_not_exit
2025-04-29,110072.SH,unverified_close_carry_mark_not_exit
2025-04-30,110072.SH,unverified_close_carry_mark_not_exit
2025-04-30,123149.SZ,verified_suspension_stale_mark
2025-05-06,110072.SH,no_executable_open_or_one_price_session
2025-05-06,123149.SZ,no_executable_open_or_one_price_session
2025-05-06,110072.SH,unverified_close_carry_mark_not_exit
2025-05-06,123149.SZ,verified_suspension_stale_mark
2025-05-07,110072.SH,unverified_close_carry_mark_not_exit
2025-05-08,110072.SH,unverified_close_carry_mark_not_exit
2025-05-09,110072.SH,unverified_close_carry_mark_not_exit
2025-05-12,110072.SH,no_executable_open_or_one_price_session
2025-05-12,110072.SH,unverified_close_carry_mark_not_exit
2025-05-13,110072.SH,unverified_close_carry_mark_not_exit
2025-05-14,110072.SH,unverified_close_carry_mark_not_exit
2025-05-15,110072.SH,unverified_close_carry_mark_not_exit
2025-05-16,110072.SH,unverified_close_carry_mark_not_exit
2025-05-19,110072.SH,no_executable_open_or_one_price_session
2025-05-19,110072.SH,unverified_close_carry_mark_not_exit
2025-05-20,110072.SH,unverified_close_carry_mark_not_exit
2025-05-21,110072.SH,unverified_close_carry_mark_not_exit
2025-05-22,110072.SH,unverified_close_carry_mark_not_exit
2025-05-23,110072.SH,unverified_close_carry_mark_not_exit
2025-05-26,110072.SH,no_executable_open_or_one_price_session
2025-05-26,110072.SH,unverified_close_carry_mark_not_exit
2025-05-27,110072.SH,unverified_close_carry_mark_not_exit
2025-05-28,110072.SH,unverified_close_carry_mark_not_exit
2025-05-29,110072.SH,unverified_close_carry_mark_not_exit
2025-05-30,110072.SH,unverified_close_carry_mark_not_exit
2025-06-03,110072.SH,no_executable_open_or_one_price_session
2025-06-03,110072.SH,unverified_close_carry_mark_not_exit
2025-06-04,110072.SH,unverified_close_carry_mark_not_exit
2025-06-05,110072.SH,unverified_close_carry_mark_not_exit
2025-06-06,110072.SH,unverified_close_carry_mark_not_exit
2025-06-09,110072.SH,no_executable_open_or_one_price_session
2025-06-09,110072.SH,unverified_close_carry_mark_not_exit
2025-06-10,110072.SH,unverified_close_carry_mark_not_exit
2025-06-11,110072.SH,unverified_close_carry_mark_not_exit
2025-06-12,110072.SH,unverified_close_carry_mark_not_exit
2025-06-13,110072.SH,unverified_close_carry_mark_not_exit
2025-06-16,110072.SH,no_executable_open_or_one_price_session
2025-06-16,110072.SH,unverified_close_carry_mark_not_exit
2025-06-17,110072.SH,unverified_close_carry_mark_not_exit
2025-06-18,110072.SH,unverified_close_carry_mark_not_exit
2025-06-19,110072.SH,unverified_close_carry_mark_not_exit
2025-06-20,110072.SH,unverified_close_carry_mark_not_exit
2025-06-23,110072.SH,no_executable_open_or_one_price_session
2025-06-23,110072.SH,unverified_close_carry_mark_not_exit
2025-06-24,110072.SH,unverified_close_carry_mark_not_exit
2025-06-25,110072.SH,unverified_close_carry_mark_not_exit
2025-06-26,110072.SH,unverified_close_carry_mark_not_exit
2025-06-27,110072.SH,unverified_close_carry_mark_not_exit
2025-06-30,110072.SH,no_executable_open_or_one_price_session
2025-06-30,110072.SH,unverified_close_carry_mark_not_exit
2025-07-01,110072.SH,unverified_close_carry_mark_not_exit
2025-07-02,110072.SH,unverified_close_carry_mark_not_exit
2025-07-03,110072.SH,unverified_close_carry_mark_not_exit
2025-07-04,110072.SH,unverified_close_carry_mark_not_exit
2025-07-07,110072.SH,no_executable_open_or_one_price_session
2025-07-07,110072.SH,unverified_close_carry_mark_not_exit
2025-07-08,110072.SH,unverified_close_carry_mark_not_exit
2025-07-09,110072.SH,unverified_close_carry_mark_not_exit
2025-07-10,110072.SH,unverified_close_carry_mark_not_exit
2025-07-11,110072.SH,unverified_close_carry_mark_not_exit
2025-07-14,110072.SH,no_executable_open_or_one_price_session
2025-07-14,110072.SH,unverified_close_carry_mark_not_exit
2025-07-15,110072.SH,unverified_close_carry_mark_not_exit
2025-07-16,110072.SH,unverified_close_carry_mark_not_exit
2025-07-17,110072.SH,unverified_close_carry_mark_not_exit
2025-07-18,110072.SH,unverified_close_carry_mark_not_exit
2025-07-21,110072.SH,no_executable_open_or_one_price_session
2025-07-21,110072.SH,unverified_close_carry_mark_not_exit
2025-07-22,110072.SH,unverified_close_carry_mark_not_exit
2025-07-23,110072.SH,unverified_close_carry_mark_not_exit
2025-07-24,110072.SH,unverified_close_carry_mark_not_exit
2025-07-25,110072.SH,unverified_close_carry_mark_not_exit
2025-07-28,110072.SH,no_executable_open_or_one_price_session
2025-07-28,110072.SH,unverified_close_carry_mark_not_exit
2025-07-29,110072.SH,unverified_close_carry_mark_not_exit
2025-07-30,110072.SH,unverified_close_carry_mark_not_exit
2025-07-31,110072.SH,unverified_close_carry_mark_not_exit
2025-08-01,110072.SH,unverified_close_carry_mark_not_exit
2025-08-04,110072.SH,no_executable_open_or_one_price_session
2025-08-04,110072.SH,unverified_close_carry_mark_not_exit
2025-08-05,110072.SH,unverified_close_carry_mark_not_exit
2025-08-06,110072.SH,unverified_close_carry_mark_not_exit
2025-08-07,110072.SH,unverified_close_carry_mark_not_exit
2025-08-08,110072.SH,unverified_close_carry_mark_not_exit
2025-08-11,110072.SH,no_executable_open_or_one_price_session
2025-08-11,110072.SH,unverified_close_carry_mark_not_exit
2025-08-11,113064.SH,redemption_event
2025-08-12,110072.SH,no_executable_open_or_one_price_session
2025-08-12,110072.SH,unverified_close_carry_mark_not_exit
2025-08-13,110072.SH,unverified_close_carry_mark_not_exit
2025-08-14,110072.SH,unverified_close_carry_mark_not_exit
2025-08-15,110072.SH,unverified_close_carry_mark_not_exit
2025-08-18,110072.SH,no_executable_open_or_one_price_session
2025-08-18,110072.SH,unverified_close_carry_mark_not_exit
2025-08-18,123145.SZ,redemption_event
2025-08-19,110072.SH,no_executable_open_or_one_price_session
2025-08-19,110072.SH,unverified_close_carry_mark_not_exit
2025-08-20,110072.SH,unverified_close_carry_mark_not_exit
2025-08-21,110072.SH,unverified_close_carry_mark_not_exit
2025-08-22,110072.SH,unverified_close_carry_mark_not_exit
2025-08-25,110072.SH,no_executable_open_or_one_price_session
2025-08-25,110072.SH,unverified_close_carry_mark_not_exit
2025-08-25,128131.SZ,redemption_event
2025-08-25,123130.SZ,redemption_event
2025-08-26,110072.SH,no_executable_open_or_one_price_session
2025-08-26,110072.SH,unverified_close_carry_mark_not_exit
2025-08-27,110072.SH,unverified_close_carry_mark_not_exit
2025-08-28,110072.SH,unverified_close_carry_mark_not_exit
2025-08-29,110072.SH,unverified_close_carry_mark_not_exit
2025-09-01,110072.SH,no_executable_open_or_one_price_session
2025-09-01,110072.SH,unverified_close_carry_mark_not_exit
2025-09-01,127052.SZ,redemption_event
2025-09-01,113641.SH,redemption_event
2025-09-02,110072.SH,no_executable_open_or_one_price_session
2025-09-02,110072.SH,unverified_close_carry_mark_not_exit
2025-09-03,110072.SH,unverified_close_carry_mark_not_exit
2025-09-04,110072.SH,unverified_close_carry_mark_not_exit
2025-09-05,110072.SH,unverified_close_carry_mark_not_exit
2025-09-08,110072.SH,no_executable_open_or_one_price_session
2025-09-08,110072.SH,unverified_close_carry_mark_not_exit
2025-09-09,110072.SH,unverified_close_carry_mark_not_exit
2025-09-10,110072.SH,unverified_close_carry_mark_not_exit
2025-09-11,110072.SH,unverified_close_carry_mark_not_exit
2025-09-12,110072.SH,unverified_close_carry_mark_not_exit
2025-09-15,110072.SH,no_executable_open_or_one_price_session
2025-09-15,110072.SH,unverified_close_carry_mark_not_exit
2025-09-16,110072.SH,unverified_close_carry_mark_not_exit
2025-09-17,110072.SH,unverified_close_carry_mark_not_exit
2025-09-18,110072.SH,unverified_close_carry_mark_not_exit
2025-09-19,110072.SH,unverified_close_carry_mark_not_exit
2025-09-22,110072.SH,no_executable_open_or_one_price_session
2025-09-22,110072.SH,unverified_close_carry_mark_not_exit
2025-09-23,110072.SH,unverified_close_carry_mark_not_exit
2025-09-24,110072.SH,unverified_close_carry_mark_not_exit
2025-09-25,110072.SH,unverified_close_carry_mark_not_exit
2025-09-26,110072.SH,unverified_close_carry_mark_not_exit
2025-09-29,110072.SH,no_executable_open_or_one_price_session
2025-09-29,110072.SH,unverified_close_carry_mark_not_exit
2025-09-30,110072.SH,unverified_close_carry_mark_not_exit
2025-10-09,110072.SH,no_executable_open_or_one_price_session
2025-10-09,110072.SH,unverified_close_carry_mark_not_exit
2025-10-10,110072.SH,unverified_close_carry_mark_not_exit
2025-10-13,110072.SH,no_executable_open_or_one_price_session
2025-10-13,110072.SH,unverified_close_carry_mark_not_exit
2025-10-14,110072.SH,unverified_close_carry_mark_not_exit
2025-10-15,110072.SH,unverified_close_carry_mark_not_exit
2025-10-16,110072.SH,unverified_close_carry_mark_not_exit
2025-10-17,110072.SH,unverified_close_carry_mark_not_exit
2025-10-20,110072.SH,no_executable_open_or_one_price_session
2025-10-20,110072.SH,unverified_close_carry_mark_not_exit
2025-10-20,127086.SZ,redemption_event
2025-10-21,110072.SH,no_executable_open_or_one_price_session
2025-10-21,110072.SH,unverified_close_carry_mark_not_exit
2025-10-22,110072.SH,unverified_close_carry_mark_not_exit
2025-10-23,110072.SH,unverified_close_carry_mark_not_exit
2025-10-24,110072.SH,unverified_close_carry_mark_not_exit
2025-10-27,110072.SH,no_executable_open_or_one_price_session
2025-10-27,110072.SH,unverified_close_carry_mark_not_exit
2025-10-28,110072.SH,unverified_close_carry_mark_not_exit
2025-10-29,110072.SH,unverified_close_carry_mark_not_exit
2025-10-30,110072.SH,unverified_close_carry_mark_not_exit
2025-10-31,110072.SH,unverified_close_carry_mark_not_exit
2025-11-03,110072.SH,no_executable_open_or_one_price_session
2025-11-03,110072.SH,unverified_close_carry_mark_not_exit
2025-11-03,127020.SZ,redemption_event
2025-11-04,110072.SH,no_executable_open_or_one_price_session
2025-11-04,110072.SH,unverified_close_carry_mark_not_exit
2025-11-04,113621.SH,redemption_event
2025-11-05,110072.SH,no_executable_open_or_one_price_session
2025-11-05,110072.SH,unverified_close_carry_mark_not_exit
2025-11-06,110072.SH,unverified_close_carry_mark_not_exit
2025-11-07,110072.SH,unverified_close_carry_mark_not_exit
2025-11-07,113047.SH,redemption_event
2025-11-10,110072.SH,no_executable_open_or_one_price_session
2025-11-10,110072.SH,unverified_close_carry_mark_not_exit
2025-11-11,110072.SH,unverified_close_carry_mark_not_exit
2025-11-12,110072.SH,unverified_close_carry_mark_not_exit
2025-11-13,110072.SH,unverified_close_carry_mark_not_exit
2025-11-13,127073.SZ,redemption_event
2025-11-14,110072.SH,no_executable_open_or_one_price_session
2025-11-14,110072.SH,unverified_close_carry_mark_not_exit
2025-11-17,110072.SH,no_executable_open_or_one_price_session
2025-11-17,110072.SH,unverified_close_carry_mark_not_exit
2025-11-18,110072.SH,unverified_close_carry_mark_not_exit
2025-11-19,110072.SH,unverified_close_carry_mark_not_exit
2025-11-19,123240.SZ,redemption_event
2025-11-20,110072.SH,no_executable_open_or_one_price_session
2025-11-20,110072.SH,unverified_close_carry_mark_not_exit
2025-11-21,110072.SH,unverified_close_carry_mark_not_exit
2025-11-24,110072.SH,no_executable_open_or_one_price_session
2025-11-24,110072.SH,unverified_close_carry_mark_not_exit
2025-11-24,110082.SH,redemption_event
2025-11-25,110072.SH,no_executable_open_or_one_price_session
2025-11-25,110072.SH,unverified_close_carry_mark_not_exit
2025-11-26,110072.SH,unverified_close_carry_mark_not_exit
2025-11-27,110072.SH,unverified_close_carry_mark_not_exit
2025-11-28,110072.SH,unverified_close_carry_mark_not_exit
2025-12-01,110072.SH,no_executable_open_or_one_price_session
2025-12-01,110072.SH,unverified_close_carry_mark_not_exit
2025-12-02,110072.SH,unverified_close_carry_mark_not_exit
2025-12-03,110072.SH,unverified_close_carry_mark_not_exit
2025-12-04,110072.SH,unverified_close_carry_mark_not_exit
2025-12-05,110072.SH,unverified_close_carry_mark_not_exit
2025-12-08,110072.SH,no_executable_open_or_one_price_session
2025-12-08,110072.SH,unverified_close_carry_mark_not_exit
2025-12-09,110072.SH,unverified_close_carry_mark_not_exit
2025-12-10,110072.SH,unverified_close_carry_mark_not_exit
2025-12-11,110072.SH,unverified_close_carry_mark_not_exit
2025-12-12,110072.SH,unverified_close_carry_mark_not_exit
2025-12-15,110072.SH,no_executable_open_or_one_price_session
2025-12-15,110072.SH,unverified_close_carry_mark_not_exit
2025-12-16,110072.SH,unverified_close_carry_mark_not_exit
2025-12-17,110072.SH,unverified_close_carry_mark_not_exit
2025-12-18,110072.SH,unverified_close_carry_mark_not_exit
2025-12-19,110072.SH,unverified_close_carry_mark_not_exit
2025-12-22,110072.SH,no_executable_open_or_one_price_session
2025-12-22,110072.SH,unverified_close_carry_mark_not_exit
2025-12-22,113672.SH,redemption_event
2025-12-22,113069.SH,redemption_event
2025-12-23,110072.SH,no_executable_open_or_one_price_session
2025-12-23,110072.SH,unverified_close_carry_mark_not_exit
2025-12-24,110072.SH,unverified_close_carry_mark_not_exit
2025-12-25,110072.SH,unverified_close_carry_mark_not_exit
2025-12-26,110072.SH,unverified_close_carry_mark_not_exit
2025-12-26,128116.SZ,redemption_event
2025-12-29,110072.SH,no_executable_open_or_one_price_session
2025-12-29,110072.SH,unverified_close_carry_mark_not_exit
2025-12-30,110072.SH,unverified_close_carry_mark_not_exit
2025-12-31,110072.SH,unverified_close_carry_mark_not_exit
2026-01-05,110072.SH,no_executable_open_or_one_price_session
2026-01-05,110072.SH,unverified_close_carry_mark_not_exit
2026-01-06,110072.SH,unverified_close_carry_mark_not_exit
2026-01-07,110072.SH,unverified_close_carry_mark_not_exit
2026-01-08,110072.SH,unverified_close_carry_mark_not_exit
2026-01-09,110072.SH,unverified_close_carry_mark_not_exit
2026-01-12,110072.SH,no_executable_open_or_one_price_session
2026-01-12,110072.SH,unverified_close_carry_mark_not_exit
2026-01-13,110072.SH,unverified_close_carry_mark_not_exit
2026-01-14,110072.SH,unverified_close_carry_mark_not_exit
2026-01-15,110072.SH,unverified_close_carry_mark_not_exit
2026-01-16,110072.SH,unverified_close_carry_mark_not_exit
2026-01-19,110072.SH,no_executable_open_or_one_price_session
2026-01-19,110072.SH,unverified_close_carry_mark_not_exit
2026-01-20,110072.SH,unverified_close_carry_mark_not_exit
2026-01-21,110072.SH,unverified_close_carry_mark_not_exit
2026-01-22,110072.SH,unverified_close_carry_mark_not_exit
2026-01-23,110072.SH,unverified_close_carry_mark_not_exit
2026-01-26,110072.SH,no_executable_open_or_one_price_session
2026-01-26,110072.SH,unverified_close_carry_mark_not_exit
2026-01-26,127039.SZ,redemption_event
2026-01-27,110072.SH,no_executable_open_or_one_price_session
2026-01-27,110072.SH,unverified_close_carry_mark_not_exit
2026-01-28,110072.SH,unverified_close_carry_mark_not_exit
2026-01-29,110072.SH,unverified_close_carry_mark_not_exit
2026-01-29,110089.SH,redemption_event
2026-01-30,110072.SH,no_executable_open_or_one_price_session
2026-01-30,110072.SH,unverified_close_carry_mark_not_exit
2026-02-02,110072.SH,no_executable_open_or_one_price_session
2026-02-02,110072.SH,unverified_close_carry_mark_not_exit
2026-02-03,110072.SH,unverified_close_carry_mark_not_exit
2026-02-04,110072.SH,unverified_close_carry_mark_not_exit
2026-02-05,110072.SH,unverified_close_carry_mark_not_exit
2026-02-06,110072.SH,unverified_close_carry_mark_not_exit
2026-02-09,110072.SH,no_executable_open_or_one_price_session
2026-02-09,110072.SH,unverified_close_carry_mark_not_exit
2026-02-09,113623.SH,redemption_event
2026-02-10,110072.SH,no_executable_open_or_one_price_session
2026-02-10,110072.SH,unverified_close_carry_mark_not_exit
2026-02-11,110072.SH,unverified_close_carry_mark_not_exit
2026-02-11,110094.SH,redemption_event
2026-02-12,110072.SH,no_executable_open_or_one_price_session
2026-02-12,110072.SH,unverified_close_carry_mark_not_exit
2026-02-13,110072.SH,unverified_close_carry_mark_not_exit
2026-02-24,110072.SH,no_executable_open_or_one_price_session
2026-02-24,110072.SH,unverified_close_carry_mark_not_exit
2026-02-25,110072.SH,unverified_close_carry_mark_not_exit
2026-02-26,110072.SH,unverified_close_carry_mark_not_exit
2026-02-27,110072.SH,unverified_close_carry_mark_not_exit
2026-03-02,110072.SH,no_executable_open_or_one_price_session
2026-03-02,110085.SH,no_executable_open_or_one_price_session
2026-03-02,110072.SH,unverified_close_carry_mark_not_exit
2026-03-03,110072.SH,unverified_close_carry_mark_not_exit
2026-03-04,110072.SH,unverified_close_carry_mark_not_exit
2026-03-04,127022.SZ,redemption_event
2026-03-05,110072.SH,no_executable_open_or_one_price_session
2026-03-05,110085.SH,no_executable_open_or_one_price_session
2026-03-05,110072.SH,unverified_close_carry_mark_not_exit
2026-03-06,110072.SH,unverified_close_carry_mark_not_exit
2026-03-09,110072.SH,no_executable_open_or_one_price_session
2026-03-09,110085.SH,no_executable_open_or_one_price_session
2026-03-09,110072.SH,unverified_close_carry_mark_not_exit
2026-03-10,110072.SH,unverified_close_carry_mark_not_exit
2026-03-11,110072.SH,unverified_close_carry_mark_not_exit
2026-03-12,110072.SH,unverified_close_carry_mark_not_exit
2026-03-13,110072.SH,unverified_close_carry_mark_not_exit
2026-03-16,110072.SH,no_executable_open_or_one_price_session
2026-03-16,110072.SH,unverified_close_carry_mark_not_exit
2026-03-17,110072.SH,unverified_close_carry_mark_not_exit
2026-03-18,110072.SH,unverified_close_carry_mark_not_exit
2026-03-19,110072.SH,unverified_close_carry_mark_not_exit
2026-03-20,110072.SH,unverified_close_carry_mark_not_exit
2026-03-23,110072.SH,no_executable_open_or_one_price_session
2026-03-23,110072.SH,unverified_close_carry_mark_not_exit
2026-03-24,110072.SH,unverified_close_carry_mark_not_exit
2026-03-25,110072.SH,unverified_close_carry_mark_not_exit
2026-03-26,110072.SH,unverified_close_carry_mark_not_exit
2026-03-27,110072.SH,unverified_close_carry_mark_not_exit
2026-03-30,110072.SH,no_executable_open_or_one_price_session
2026-03-30,110072.SH,unverified_close_carry_mark_not_exit
2026-03-31,110072.SH,unverified_close_carry_mark_not_exit
2026-04-01,110072.SH,unverified_close_carry_mark_not_exit
2026-04-02,110072.SH,unverified_close_carry_mark_not_exit
2026-04-03,110072.SH,unverified_close_carry_mark_not_exit
2026-04-07,110072.SH,no_executable_open_or_one_price_session
2026-04-07,110072.SH,unverified_close_carry_mark_not_exit
2026-04-08,110072.SH,unverified_close_carry_mark_not_exit
2026-04-09,110072.SH,unverified_close_carry_mark_not_exit
2026-04-10,110072.SH,unverified_close_carry_mark_not_exit
2026-04-13,110072.SH,no_executable_open_or_one_price_session
2026-04-13,110072.SH,unverified_close_carry_mark_not_exit
2026-04-14,110072.SH,unverified_close_carry_mark_not_exit
2026-04-15,110072.SH,unverified_close_carry_mark_not_exit
2026-04-16,110072.SH,unverified_close_carry_mark_not_exit
2026-04-17,110072.SH,unverified_close_carry_mark_not_exit
2026-04-20,110072.SH,no_executable_open_or_one_price_session
2026-04-20,110072.SH,unverified_close_carry_mark_not_exit
2026-04-21,110072.SH,unverified_close_carry_mark_not_exit
2026-04-22,110072.SH,unverified_close_carry_mark_not_exit
2026-04-23,110072.SH,unverified_close_carry_mark_not_exit
2026-04-24,110072.SH,unverified_close_carry_mark_not_exit
2026-04-27,110072.SH,no_executable_open_or_one_price_session
2026-04-27,110072.SH,unverified_close_carry_mark_not_exit
2026-04-27,128141.SZ,redemption_event
2026-04-28,110072.SH,no_executable_open_or_one_price_session
2026-04-28,110072.SH,unverified_close_carry_mark_not_exit
2026-04-29,110072.SH,unverified_close_carry_mark_not_exit
2026-04-30,110072.SH,unverified_close_carry_mark_not_exit
2026-05-06,110072.SH,no_executable_open_or_one_price_session
2026-05-06,110072.SH,unverified_close_carry_mark_not_exit
2026-05-07,110072.SH,unverified_close_carry_mark_not_exit
2026-05-08,110072.SH,unverified_close_carry_mark_not_exit
2026-05-11,110072.SH,no_executable_open_or_one_price_session
2026-05-11,110072.SH,unverified_close_carry_mark_not_exit
2026-05-12,110072.SH,unverified_close_carry_mark_not_exit
2026-05-13,110072.SH,unverified_close_carry_mark_not_exit
2026-05-14,110072.SH,unverified_close_carry_mark_not_exit
2026-05-15,110072.SH,unverified_close_carry_mark_not_exit
2026-05-18,110072.SH,no_executable_open_or_one_price_session
2026-05-18,110072.SH,unverified_close_carry_mark_not_exit
2026-05-19,110072.SH,unverified_close_carry_mark_not_exit
2026-05-20,110072.SH,unverified_close_carry_mark_not_exit
2026-05-20,127066.SZ,redemption_event
2026-05-21,110072.SH,no_executable_open_or_one_price_session
2026-05-21,110072.SH,unverified_close_carry_mark_not_exit
2026-05-22,110072.SH,unverified_close_carry_mark_not_exit
2026-05-25,110072.SH,no_executable_open_or_one_price_session
2026-05-25,110072.SH,unverified_close_carry_mark_not_exit
2026-05-25,127026.SZ,redemption_event
2026-05-26,110072.SH,no_executable_open_or_one_price_session
2026-05-26,110072.SH,unverified_close_carry_mark_not_exit
2026-05-27,110072.SH,unverified_close_carry_mark_not_exit
2026-05-28,110072.SH,unverified_close_carry_mark_not_exit
2026-05-28,111023.SH,redemption_event
2026-05-29,110072.SH,no_executable_open_or_one_price_session
2026-05-29,110072.SH,unverified_close_carry_mark_not_exit
2026-06-01,110072.SH,no_executable_open_or_one_price_session
2026-06-01,110072.SH,unverified_close_carry_mark_not_exit
2026-06-02,110072.SH,unverified_close_carry_mark_not_exit
2026-06-03,110072.SH,unverified_close_carry_mark_not_exit
2026-06-04,110072.SH,unverified_close_carry_mark_not_exit
2026-06-05,110072.SH,unverified_close_carry_mark_not_exit
2026-06-08,110072.SH,no_executable_open_or_one_price_session
2026-06-08,110072.SH,unverified_close_carry_mark_not_exit
2026-06-09,110072.SH,unverified_close_carry_mark_not_exit
2026-06-10,110072.SH,unverified_close_carry_mark_not_exit
2026-06-11,110072.SH,unverified_close_carry_mark_not_exit
2026-06-12,110072.SH,unverified_close_carry_mark_not_exit
2026-06-15,110072.SH,no_executable_open_or_one_price_session
2026-06-15,110072.SH,unverified_close_carry_mark_not_exit
2026-06-16,110072.SH,unverified_close_carry_mark_not_exit
2026-06-17,110072.SH,unverified_close_carry_mark_not_exit
2026-06-18,110072.SH,unverified_close_carry_mark_not_exit
2026-06-22,110072.SH,no_executable_open_or_one_price_session
2026-06-22,110072.SH,unverified_close_carry_mark_not_exit
2026-06-23,110072.SH,unverified_close_carry_mark_not_exit
2026-06-24,110072.SH,unverified_close_carry_mark_not_exit
2026-06-25,110072.SH,unverified_close_carry_mark_not_exit
2026-06-26,110072.SH,unverified_close_carry_mark_not_exit
2026-06-26,113632.SH,redemption_event
2026-06-29,110072.SH,no_executable_open_or_one_price_session
2026-06-29,110072.SH,unverified_close_carry_mark_not_exit
2026-06-30,110072.SH,unverified_close_carry_mark_not_exit
2026-07-01,110072.SH,unverified_close_carry_mark_not_exit
2026-07-02,110072.SH,unverified_close_carry_mark_not_exit
2026-07-03,110072.SH,unverified_close_carry_mark_not_exit
2026-07-06,110072.SH,no_executable_open_or_one_price_session
2026-07-06,110072.SH,unverified_close_carry_mark_not_exit
2026-07-07,110072.SH,unverified_close_carry_mark_not_exit
2026-07-08,110072.SH,unverified_close_carry_mark_not_exit
2026-07-09,110072.SH,unverified_close_carry_mark_not_exit
2026-07-10,110072.SH,unverified_close_carry_mark_not_exit
2026-07-13,110072.SH,no_executable_open_or_one_price_session
2026-07-13,110072.SH,unverified_close_carry_mark_not_exit
2026-07-14,110072.SH,unverified_close_carry_mark_not_exit
2026-07-15,110072.SH,unverified_close_carry_mark_not_exit
2026-07-16,110072.SH,unverified_close_carry_mark_not_exit
2026-07-17,110072.SH,unverified_close_carry_mark_not_exit
2026-07-20,110072.SH,no_executable_open_or_one_price_session
2026-07-20,110072.SH,unverified_close_carry_mark_not_exit
2026-07-20,118053.SH,redemption_event
2026-07-21,110072.SH,no_executable_open_or_one_price_session
2026-07-21,110072.SH,unverified_close_carry_mark_not_exit
2026-07-22,110072.SH,unverified_close_carry_mark_not_exit
2026-07-23,110072.SH,unverified_close_carry_mark_not_exit
2026-07-24,110072.SH,unverified_close_carry_mark_not_exit
2026-07-27,110072.SH,no_executable_open_or_one_price_session
2026-07-27,110072.SH,unverified_close_carry_mark_not_exit
2026-07-28,110072.SH,unverified_close_carry_mark_not_exit
2026-07-29,110072.SH,unverified_close_carry_mark_not_exit
2026-07-30,110072.SH,unverified_close_carry_mark_not_exit
2026-07-31,110072.SH,unverified_close_carry_mark_not_exit
2026-08-03,110072.SH,no_executable_open_or_one_price_session
2026-08-03,110072.SH,unverified_close_carry_mark_not_exit
2026-08-04,110072.SH,unverified_close_carry_mark_not_exit
2026-08-05,110072.SH,unverified_close_carry_mark_not_exit
2026-08-06,110072.SH,unverified_close_carry_mark_not_exit
2026-08-07,110072.SH,unverified_close_carry_mark_not_exit
2026-08-10,110072.SH,no_executable_open_or_one_price_session
2026-08-10,110072.SH,unverified_close_carry_mark_not_exit
2026-08-11,110072.SH,unverified_close_carry_mark_not_exit
2026-08-12,110072.SH,unverified_close_carry_mark_not_exit
2026-08-13,110072.SH,unverified_close_carry_mark_not_exit
2026-08-14,110072.SH,unverified_close_carry_mark_not_exit
2026-08-17,110072.SH,no_executable_open_or_one_price_session
2026-08-17,110072.SH,unverified_close_carry_mark_not_exit
2026-08-18,110072.SH,unverified_close_carry_mark_not_exit
2026-08-19,110072.SH,unverified_close_carry_mark_not_exit
2026-08-20,110072.SH,unverified_close_carry_mark_not_exit
2026-08-21,110072.SH,unverified_close_carry_mark_not_exit
2026-08-24,110072.SH,no_executable_open_or_one_price_session
2026-08-24,110072.SH,unverified_close_carry_mark_not_exit
2026-08-25,110072.SH,unverified_close_carry_mark_not_exit
2026-08-26,110072.SH,unverified_close_carry_mark_not_exit
2026-08-27,110072.SH,unverified_close_carry_mark_not_exit
2026-08-28,110072.SH,unverified_close_carry_mark_not_exit
2026-08-31,110072.SH,no_executable_open_or_one_price_session
2026-08-31,110072.SH,unverified_close_carry_mark_not_exit
2026-09-01,110072.SH,unverified_close_carry_mark_not_exit
2026-09-02,110072.SH,unverified_close_carry_mark_not_exit
2026-09-03,110072.SH,unverified_close_carry_mark_not_exit
2026-09-04,110072.SH,unverified_close_carry_mark_not_exit
2026-09-07,110072.SH,no_executable_open_or_one_price_session
2026-09-07,110072.SH,unverified_close_carry_mark_not_exit
2026-09-08,110072.SH,unverified_close_carry_mark_not_exit
2026-09-09,110072.SH,unverified_close_carry_mark_not_exit
2026-09-10,110072.SH,unverified_close_carry_mark_not_exit
2026-09-11,110072.SH,unverified_close_carry_mark_not_exit
