window,observations,annual_return,annual_volatility,sharpe,max_drawdown,weekly_win_rate,annual_turnover,average_cash_weight,unverified_mark_days,stale_mark_days,performance_status,diagnostic_annual_return,diagnostic_annual_volatility,diagnostic_sharpe,diagnostic_max_drawdown,diagnostic_weekly_win_rate,portfolio
2019,226,0.2378583590544039,0.1564525612953794,1.3610980497753307,-0.1448083869923914,0.5625,26.67790521127411,0.2834482415974804,0,0,valuation_path_explained_cashflows_incomplete,,,,,,long_only
2020,243,0.24379512108415025,0.19870778358974775,1.1393360125557555,-0.14710073102789445,0.5384615384615384,36.35268437612975,0.020509468551947484,0,0,valuation_path_explained_cashflows_incomplete,,,,,,long_only
2021,243,0.4205860359672551,0.13984504925813693,2.5119903804214774,-0.12892959462617448,0.6346153846153846,29.396469190289146,0.001440847226139224,0,0,valuation_path_explained_cashflows_incomplete,,,,,,long_only
2022,242,-0.03579462233114672,0.1428288059367152,-0.3279720906052467,-0.13716145829580617,0.5,29.66717797973919,0.004877340753935089,0,0,valuation_path_explained_cashflows_incomplete,,,,,,long_only
2023,242,0.06769350613592628,0.0833148779743101,0.6164271273661034,-0.06052068506466146,0.58,22.926315905332604,0.0046422760118495264,0,0,valuation_path_explained_cashflows_incomplete,,,,,,long_only
2024,242,,,,,,20.458645514801614,0.0021205348758495586,83,83,unverified_valuation_path,0.04957384125341213,0.18035549415644356,0.2603441083084909,-0.18116537252048093,0.5192307692307693,long_only
2025,243,,,,,,22.69184762206756,0.011997303716636395,243,243,unverified_valuation_path,0.29721869101101284,0.1403805163739078,1.8480601901304745,-0.09452694845623233,0.6415094339622641,long_only
2026,169,,,,,,19.572431460389762,0.013311743617754395,169,169,unverified_valuation_path,-0.024403619007124844,0.135624084049818,-0.26262509820277613,-0.09817109365082854,0.37142857142857144,long_only
rolling_252_to_2020-02-14,252,0.4054798367242005,0.16969051553520792,2.074374839813595,-0.1448083869923914,0.6037735849056604,27.266241197449247,0.25938014657829445,0,0,valuation_path_explained_cashflows_incomplete,,,,,,long_only
rolling_252_to_2020-03-16,252,0.31368608587072466,0.18570803182988513,1.508927813942995,-0.14480838699239096,0.5555555555555556,30.156083197672217,0.21838423730468015,0,0,valuation_path_explained_cashflows_incomplete,,,,,,long_only
rolling_252_to_2020-04-15,252,0.1543485190434264,0.17047477679032355,0.8448476524153329,-0.1448083869923914,0.5,28.986123138970804,0.2132725219584014,0,0,valuation_path_explained_cashflows_incomplete,,,,,,long_only
rolling_252_to_2020-05-19,252,0.2756946865159582,0.16078183761036108,1.5269604427483403,-0.0885614352585028,0.5370370370370371,29.163428868213305,0.20620813996425177,0,0,valuation_path_explained_cashflows_incomplete,,,,,,long_only
rolling_252_to_2020-06-17,252,0.3114200614142233,0.1601397752209141,1.7111094403045641,-0.11631643429739036,0.5740740740740741,28.711355987034192,0.1976646980839568,0,0,valuation_path_explained_cashflows_incomplete,,,,,,long_only
rolling_252_to_2020-07-20,252,0.40422463337569914,0.1734811727887417,2.0060285543671945,-0.11631643429739014,0.5925925925925926,30.88684844489754,0.17438045070206384,0,0,valuation_path_explained_cashflows_incomplete,,,,,,long_only
rolling_252_to_2020-08-18,252,0.5173740499367054,0.1803781383530512,2.3826510871757436,-0.1163164342973898,0.6111111111111112,31.07009112527711,0.15134933209051424,0,0,valuation_path_explained_cashflows_incomplete,,,,,,long_only
rolling_252_to_2020-09-16,252,0.3975091919687408,0.18139721143782642,1.8988224604117954,-0.11631643429738991,0.5925925925925926,31.585469414980473,0.12848869639537672,0,0,valuation_path_explained_cashflows_incomplete,,,,,,long_only
rolling_252_to_2020-10-23,252,0.36630011114409644,0.18665706936605317,1.7247565924191506,-0.11631643429739047,0.5925925925925926,33.36184435796629,0.111795904764741,0,0,valuation_path_explained_cashflows_incomplete,,,,,,long_only
rolling_252_to_2020-11-23,252,0.35360719312429256,0.18621187608437367,1.676365845622528,-0.11631643429739036,0.5925925925925926,35.20045202557249,0.08086999179777513,0,0,valuation_path_explained_cashflows_incomplete,,,,,,long_only
rolling_252_to_2020-12-22,252,0.24929467040135722,0.19259570677172688,1.1945678234464936,-0.11818448753746436,0.5370370370370371,35.71235836086025,0.046296671393332295,0,0,valuation_path_explained_cashflows_incomplete,,,,,,long_only
rolling_252_to_2021-01-21,252,0.18358451097086959,0.19655817549852828,0.888966520505343,-0.150026067181539,0.5185185185185185,36.16289181752863,0.015543886112641209,0,0,valuation_path_explained_cashflows_incomplete,,,,,,long_only
rolling_252_to_2021-02-26,252,0.024955929854194814,0.19082182717738833,0.12592302528731894,-0.2244794622147488,0.48148148148148145,36.05889367091048,0.01479828715941328,0,0,valuation_path_explained_cashflows_incomplete,,,,,,long_only
rolling_252_to_2021-03-29,252,0.07650484564121007,0.17698036554046867,0.4090082104576928,-0.22447946221474868,0.509090909090909,34.29457585107139,0.013719049016140811,0,0,valuation_path_explained_cashflows_incomplete,,,,,,long_only
rolling_252_to_2021-04-28,252,0.13611011192821665,0.1691450477062317,0.7498000394185945,-0.22447946221474868,0.5272727272727272,33.6720449221025,0.01192840695905369,0,0,valuation_path_explained_cashflows_incomplete,,,,,,long_only
rolling_252_to_2021-06-01,252,0.20681621884623214,0.1662325196408843,1.1361362208898451,-0.22447946221474846,0.5636363636363636,33.378247639537314,0.010921330309128709,0,0,valuation_path_explained_cashflows_incomplete,,,,,,long_only
rolling_252_to_2021-07-01,252,0.18368811024855258,0.16339353315636795,1.0332117554577207,-0.22447946221474824,0.5454545454545454,32.81601963323621,0.010667835215573662,0,0,valuation_path_explained_cashflows_incomplete,,,,,,long_only
rolling_252_to_2021-07-30,252,0.12840492095580736,0.14865631091106452,0.7773495545266265,-0.22447946221474824,0.5185185185185185,30.844819768698535,0.010696763997135945,0,0,valuation_path_explained_cashflows_incomplete,,,,,,long_only
rolling_252_to_2021-08-30,252,0.13522725694158533,0.14152769020159656,0.8577963953534867,-0.2244794622147488,0.5272727272727272,31.05489124781659,0.010711916029617215,0,0,valuation_path_explained_cashflows_incomplete,,,,,,long_only
rolling_252_to_2021-09-30,252,0.1828816473604793,0.15082522141035073,1.1015494528844647,-0.20992434558878525,0.5454545454545454,31.079392799348625,0.010704273466760766,0,0,valuation_path_explained_cashflows_incomplete,,,,,,long_only
rolling_252_to_2021-11-05,252,0.17363684007463576,0.14626370978308897,1.0665989121819672,-0.2017744271847116,0.5555555555555556,30.875957710140373,0.00243082931298512,0,0,valuation_path_explained_cashflows_incomplete,,,,,,long_only
rolling_252_to_2021-12-06,252,0.24778615365615475,0.1476619740729834,1.4935291903284242,-0.20177442718471172,0.5818181818181818,29.59291613724682,0.0024441318075480297,0,0,valuation_path_explained_cashflows_incomplete,,,,,,long_only
rolling_252_to_2022-01-05,252,0.41591682078223347,0.1426417549370454,2.465808705375063,-0.12892959462617481,0.6363636363636364,28.782293349600753,0.0014449583116939234,0,0,valuation_path_explained_cashflows_incomplete,,,,,,long_only
rolling_252_to_2022-02-10,252,0.47234653241532,0.14006056663839778,2.8440085921968996,-0.10886425431992208,0.6727272727272727,28.76215413215634,0.0018580929001618084,0,0,valuation_path_explained_cashflows_incomplete,,,,,,long_only
rolling_252_to_2022-03-11,252,0.415107958395017,0.13942252320573809,2.494912871279685,-0.08671569567166693,0.6415094339622641,28.808923789043344,0.0018592946727806054,0,0,valuation_path_explained_cashflows_incomplete,,,,,,long_only
rolling_252_to_2022-04-13,252,0.31142535948082894,0.1429079772968094,1.9095087305406662,-0.09652624958375333,0.6111111111111112,28.51289915070712,0.0023757782863720505,0,0,valuation_path_explained_cashflows_incomplete,,,,,,long_only
rolling_252_to_2022-05-17,252,0.262768250550536,0.15168236190475232,1.5648626980298013,-0.1371614582958064,0.6363636363636364,29.44942394681196,0.0023710455949557366,0,0,valuation_path_explained_cashflows_incomplete,,,,,,long_only
rolling_252_to_2022-06-16,252,0.22872258100724907,0.1528535487699958,1.3511309825594382,-0.13716145829580673,0.5925925925925926,28.370307009056464,0.003632254460088061,0,0,valuation_path_explained_cashflows_incomplete,,,,,,long_only
rolling_252_to_2022-07-15,252,0.23570563069849615,0.15383830921097777,1.378060105804045,-0.13716145829580673,0.6111111111111112,28.487353783780733,0.004315072476445128,0,0,valuation_path_explained_cashflows_incomplete,,,,,,long_only
rolling_252_to_2022-08-15,252,0.21198719782535913,0.15190611826701464,1.2611515518293446,-0.13716145829580717,0.6296296296296297,28.48141163361713,0.004323427874424942,0,0,valuation_path_explained_cashflows_incomplete,,,,,,long_only
rolling_252_to_2022-09-14,252,0.11046293006321872,0.15203387154605058,0.6646536814604278,-0.13716145829580717,0.5925925925925926,27.824390768717823,0.004325479059558936,0,0,valuation_path_explained_cashflows_incomplete,,,,,,long_only
rolling_252_to_2022-10-20,252,0.06758382355798487,0.14559846856580805,0.40355661027742085,-0.13716145829580662,0.5471698113207547,28.075402003710032,0.00432589529130992,0,0,valuation_path_explained_cashflows_incomplete,,,,,,long_only
rolling_252_to_2022-11-18,252,0.0890099144885137,0.14513753746184127,0.5428915643524449,-0.13716145829580684,0.5384615384615384,28.388901438758094,0.004457461144417947,0,0,valuation_path_explained_cashflows_incomplete,,,,,,long_only
rolling_252_to_2022-12-19,252,0.008714390771999758,0.14312106807089955,-0.0021524915941964033,-0.13716145829580684,0.49056603773584906,28.980687231509062,0.004451288600437592,0,0,valuation_path_explained_cashflows_incomplete,,,,,,long_only
rolling_252_to_2023-01-18,252,-0.0008272200659137363,0.14063741654825623,-0.07462453844378387,-0.13716145829580617,0.5283018867924528,30.13807086124183,0.004729795245480951,0,0,valuation_path_explained_cashflows_incomplete,,,,,,long_only
rolling_252_to_2023-02-23,252,-0.02245791361984395,0.1368427971740876,-0.2460450844733874,-0.1359945203070163,0.49056603773584906,29.989660906996964,0.004309311342822268,0,0,valuation_path_explained_cashflows_incomplete,,,,,,long_only
rolling_252_to_2023-03-24,252,0.06232020597384502,0.12402037169411527,0.40637735986603296,-0.09654627223723067,0.5384615384615384,30.19229965771265,0.004306082963154118,0,0,valuation_path_explained_cashflows_incomplete,,,,,,long_only
rolling_252_to_2023-04-25,252,0.054259017105489304,0.11454558010662072,0.3629394215633547,-0.07835957260711024,0.5283018867924528,29.98716336686759,0.005018907046092431,0,0,valuation_path_explained_cashflows_incomplete,,,,,,long_only
rolling_252_to_2023-05-29,252,0.052437727065292705,0.10273684166441034,0.3747722637975323,-0.07835957260711035,0.5094339622641509,29.311098869898352,0.00545522620731726,0,0,valuation_path_explained_cashflows_incomplete,,,,,,long_only
rolling_252_to_2023-06-29,252,0.03422016330256339,0.09929481635998823,0.20362845030422733,-0.07835957260710924,0.5094339622641509,28.961443002867743,0.004217418929228804,0,0,valuation_path_explained_cashflows_incomplete,,,,,,long_only
rolling_252_to_2023-07-28,252,0.054297432866429185,0.09673909232154163,0.40914757474691804,-0.07835957260710957,0.5576923076923077,27.97142692852077,0.004230847487549806,0,0,valuation_path_explained_cashflows_incomplete,,,,,,long_only
rolling_252_to_2023-08-28,252,-0.0076931786207439234,0.09481089728041062,-0.24293603182370455,-0.0783595726071098,0.5283018867924528,27.341858514345056,0.004240828940901916,0,0,valuation_path_explained_cashflows_incomplete,,,,,,long_only
rolling_252_to_2023-09-26,252,0.027925737123711825,0.0922842572273612,0.1425327390933256,-0.05852151493175095,0.5660377358490566,26.710319873326323,0.0042535347166465206,0,0,valuation_path_explained_cashflows_incomplete,,,,,,long_only
rolling_252_to_2023-11-02,252,0.02862720561798615,0.08941782265895225,0.15292767827601939,-0.06052068506466157,0.5660377358490566,25.761783157496385,0.004915554474460651,0,0,valuation_path_explained_cashflows_incomplete,,,,,,long_only
rolling_252_to_2023-12-01,252,0.047721999440865526,0.08465708701040296,0.3785120386563438,-0.060520685064660906,0.5961538461538461,24.451166735761333,0.004793749345363372,0,0,valuation_path_explained_cashflows_incomplete,,,,,,long_only
rolling_252_to_2024-01-02,252,0.06057735784062945,0.08331739883279277,0.5397464346922378,-0.06052068506466157,0.5849056603773585,22.93781983487775,0.004814094288538243,0,0,valuation_path_explained_cashflows_incomplete,,,,,,long_only
rolling_252_to_2024-01-31,252,-0.054450084512244645,0.09164338818756904,-0.7995095502321233,-0.09736381914122383,0.5283018867924528,21.923228227294857,0.004536108953719576,0,0,valuation_path_explained_cashflows_incomplete,,,,,,long_only
rolling_252_to_2024-03-08,252,-0.02746413471906939,0.10146073132539703,-0.4266851981841864,-0.11547259372183738,0.5094339622641509,21.71367724482637,0.004541861020380681,0,0,valuation_path_explained_cashflows_incomplete,,,,,,long_only
rolling_252_to_2024-04-10,252,-0.03393313725008196,0.10238040404384811,-0.491414941261249,-0.11547259372183694,0.5094339622641509,21.11396500511379,0.004560444795331365,0,0,valuation_path_explained_cashflows_incomplete,,,,,,long_only
rolling_252_to_2024-05-14,252,0.02375877895576739,0.10843527946241655,0.1022193749326006,-0.11547259372183671,0.5370370370370371,20.75911491406486,0.0033387225848175517,0,0,valuation_path_explained_cashflows_incomplete,,,,,,long_only
rolling_252_to_2024-06-13,252,-0.017758564876099392,0.1081009314057183,-0.2996601314091773,-0.11547259372183605,0.5471698113207547,20.672603591528084,0.0028986923231073478,0,0,valuation_path_explained_cashflows_incomplete,,,,,,long_only
rolling_252_to_2024-07-12,252,-0.054392279213711925,0.1288527877801447,-0.5377945516214285,-0.13474751520447215,0.5660377358490566,20.682572576998208,0.0029020855808301747,0,0,valuation_path_explained_cashflows_incomplete,,,,,,long_only
rolling_252_to_2024-08-12,252,-0.13481143845331145,0.13578433535633538,-1.18252185648088,-0.1544327636205426,0.49056603773584906,20.662563844072714,0.002233554581688338,0,0,valuation_path_explained_cashflows_incomplete,,,,,,long_only
rolling_252_to_2024-09-10,252,,,,,,19.600192640477,0.0022496901340421168,10,10,unverified_valuation_path,-0.12107757819709342,0.14215991892755742,-1.008392200960216,-0.18665357706273433,0.5094339622641509,long_only
rolling_252_to_2024-10-18,252,,,,,,18.906298097409053,0.0022591498989281617,31,31,unverified_valuation_path,-0.023559041763222655,0.17074565575344045,-0.17805545973941572,-0.18665357706273367,0.5,long_only
rolling_252_to_2024-11-18,252,,,,,,19.383706625081906,0.0021237998078069706,52,52,unverified_valuation_path,0.021458557752509266,0.17257477577809288,0.10106342414446956,-0.18192583918842042,0.509090909090909,long_only
rolling_252_to_2024-12-17,252,,,,,,20.084397604199506,0.002109712518010812,73,73,unverified_valuation_path,0.052593837333245075,0.17624206471693538,0.279199599242163,-0.1811653725204816,0.5185185185185185,long_only
rolling_252_to_2025-01-16,252,,,,,,20.166568727596417,0.002096363940107389,94,94,unverified_valuation_path,0.05199332214813035,0.17926240460846227,0.274158242531628,-0.18116537252048126,0.5370370370370371,long_only
rolling_252_to_2025-02-24,252,,,,,,20.275498344297716,0.0020946499856052086,115,115,unverified_valuation_path,0.24412558601584444,0.1783673758179678,1.2871685039744953,-0.18116537252048082,0.5892857142857143,long_only
rolling_252_to_2025-03-25,252,,,,,,20.424794140833626,0.0027175495982613685,136,136,unverified_valuation_path,0.19955772912998526,0.1764032510870308,1.0503030237532598,-0.18116537252048115,0.5818181818181818,long_only
rolling_252_to_2025-04-24,252,,,,,,20.49537095036254,0.0027093972182920052,157,157,unverified_valuation_path,0.15954093106021183,0.18679782261170666,0.8110040507432286,-0.18116537252048104,0.5454545454545454,long_only
rolling_252_to_2025-05-28,252,,,,,,20.25030837986828,0.00271223214801294,178,178,unverified_valuation_path,0.11920694613725602,0.18435783342683068,0.6199059471859495,-0.18116537252048093,0.509090909090909,long_only
rolling_252_to_2025-06-27,252,,,,,,19.848401894263215,0.0027194262729885936,199,199,unverified_valuation_path,0.2048508084372298,0.18382977009203263,1.0376344557138837,-0.1468346148886751,0.5272727272727272,long_only
rolling_252_to_2025-07-28,252,,,,,,20.47450321628384,0.0027144936878987585,220,220,unverified_valuation_path,0.32458270869094075,0.17153729365414638,1.673049007777809,-0.12028041629431818,0.5272727272727272,long_only
rolling_252_to_2025-08-26,252,,,,,,20.809662574529916,0.004413225385192432,241,241,unverified_valuation_path,0.5096861779048045,0.16737908092897105,2.522473878610595,-0.09452694845623222,0.5818181818181818,long_only
rolling_252_to_2025-09-24,252,,,,,,21.83543659701932,0.00692271444335238,252,252,unverified_valuation_path,0.5033122910613479,0.16841509424653192,2.481879725651339,-0.09452694845623222,0.6,long_only
rolling_252_to_2025-10-31,252,,,,,,23.002528098118812,0.0076258724467440165,252,252,unverified_valuation_path,0.36057205474685294,0.14345409053862304,2.1467216833330363,-0.09452694845623244,0.6296296296296297,long_only
rolling_252_to_2025-12-01,252,,,,,,22.87991939191353,0.009884277156927673,252,252,unverified_valuation_path,0.30635599025617877,0.14176184320569168,1.8853480650654852,-0.09452694845623222,0.6545454545454545,long_only
rolling_252_to_2025-12-30,252,,,,,,22.648357567357774,0.011623724167756788,252,252,unverified_valuation_path,0.28093641762177635,0.14026650511668257,1.7587974196401344,-0.09452694845623222,0.6363636363636364,long_only
rolling_252_to_2026-01-30,252,,,,,,22.590983769019786,0.01304587019952058,252,252,unverified_valuation_path,0.31121736032001635,0.14044879838757876,1.9343437760835738,-0.09452694845623255,0.6363636363636364,long_only
rolling_252_to_2026-03-10,252,,,,,,22.060956050923213,0.01514468741918621,252,252,unverified_valuation_path,0.19029751210830237,0.13870826568491668,1.2324254912931512,-0.094526948456232,0.5925925925925926,long_only
rolling_252_to_2026-04-09,252,,,,,,22.06493684785391,0.014527136771905261,252,252,unverified_valuation_path,0.20169712668998252,0.1462080313080945,1.2475580358069345,-0.07153192604449987,0.5740740740740741,long_only
rolling_252_to_2026-05-13,252,,,,,,21.231639017400095,0.015466713503715557,252,252,unverified_valuation_path,0.2861208130911188,0.13442008916645318,1.8906632680516509,-0.05883077257693914,0.6,long_only
rolling_252_to_2026-06-11,252,,,,,,20.894251887165204,0.017791730304072776,252,252,unverified_valuation_path,0.22113374051087487,0.1378872010743695,1.430987620608609,-0.06415936977066561,0.5740740740740741,long_only
rolling_252_to_2026-07-13,252,,,,,,21.268350759870756,0.017789964081268886,252,252,unverified_valuation_path,0.1429378492414517,0.14047686909073745,0.9180034745268122,-0.080678491182826,0.5555555555555556,long_only
rolling_252_to_2026-08-11,252,,,,,,20.703672205705804,0.01889033603495514,252,252,unverified_valuation_path,0.08534521908407688,0.13940071938841764,0.5389799209607521,-0.08067849118282644,0.5185185185185185,long_only
rolling_252_to_2026-09-09,252,,,,,,20.449389685154856,0.01718810536591058,252,252,unverified_valuation_path,-0.0035428422559495854,0.13634270619700875,-0.10242454712790539,-0.09109575318482532,0.48148148148148145,long_only
2019,226,0.1455497165587991,0.11396349930158806,1.115996232307755,-0.08405243976401489,0.5416666666666666,47.81050084502549,0.28437589317793055,0,0,valuation_path_explained_cashflows_incomplete,,,,,,long_short
2020,243,0.2171382071293282,0.14314368306433956,1.3581724579412922,-0.10277006451893622,0.5576923076923077,67.34326688802119,0.02427179123227783,0,0,valuation_path_explained_cashflows_incomplete,,,,,,long_short
2021,243,0.15982601912427175,0.11639678118125708,1.1998485059007393,-0.08947838425001198,0.5,58.81603404432438,0.005151455736558655,0,0,valuation_path_explained_cashflows_incomplete,,,,,,long_short
2022,242,0.043374579381097345,0.07999505380564444,0.34210415171652475,-0.04074092509380456,0.58,60.72521792557363,0.010820128373128906,0,0,valuation_path_explained_cashflows_incomplete,,,,,,long_short
2023,242,0.05096850284287702,0.04724711534286145,0.6933540579759464,-0.03457279980437833,0.54,50.74514570942472,0.008792813275548213,0,0,valuation_path_explained_cashflows_incomplete,,,,,,long_short
2024,242,,,,,,41.92507307422891,0.007891178667606935,83,83,unverified_valuation_path,0.053589564943533397,0.1167521090165603,0.35579137575465114,-0.11772600563655067,0.5384615384615384,long_short
2025,243,,,,,,40.533369453481,0.014264138308254634,243,243,unverified_valuation_path,0.11226219019480754,0.08560388489136257,1.099429747891953,-0.06191954584776038,0.49056603773584906,long_short
2026,169,,,,,,37.67340457784181,0.017156573228358805,169,169,unverified_valuation_path,-0.04668634385470005,0.08239091701156805,-0.788258709017312,-0.06339688985455039,0.4857142857142857,long_short
rolling_252_to_2020-02-14,252,0.31208191074202585,0.12264067680232144,2.225354250799764,-0.08405243976401489,0.6037735849056604,48.268410935869234,0.2602161804944409,0,0,valuation_path_explained_cashflows_incomplete,,,,,,long_short
rolling_252_to_2020-03-16,252,0.2495757701299517,0.1336009512885724,1.6470137673240108,-0.08405243976401511,0.5740740740740741,53.30601622351178,0.21952031638882646,0,0,valuation_path_explained_cashflows_incomplete,,,,,,long_short
rolling_252_to_2020-04-15,252,0.17640328910501712,0.1218994579004984,1.2839852082495353,-0.08405243976401433,0.5555555555555556,52.377752647824046,0.21547650038151162,0,0,valuation_path_explained_cashflows_incomplete,,,,,,long_short
rolling_252_to_2020-05-19,252,0.1939392209673365,0.11667833475167055,1.4635418425340516,-0.05573134167193583,0.5370370370370371,54.02904165790058,0.20782135088493867,0,0,valuation_path_explained_cashflows_incomplete,,,,,,long_short
rolling_252_to_2020-06-17,252,0.22147437209000875,0.11662072840239421,1.6667027089469104,-0.06433237092273048,0.5740740740740741,53.09926681768848,0.19945658043306938,0,0,valuation_path_explained_cashflows_incomplete,,,,,,long_short
rolling_252_to_2020-07-20,252,0.28943390944544056,0.1231832524632869,2.0452501268641967,-0.06433237092273048,0.5925925925925926,56.35138705501245,0.176574426194021,0,0,valuation_path_explained_cashflows_incomplete,,,,,,long_short
rolling_252_to_2020-08-18,252,0.3634010011592479,0.12934069388122826,2.401921175684506,-0.06433237092273136,0.5925925925925926,55.56964292218278,0.15346096391704928,0,0,valuation_path_explained_cashflows_incomplete,,,,,,long_short
rolling_252_to_2020-09-16,252,0.3098642935527254,0.12911943450930458,2.0835095302741973,-0.0643323709227307,0.5925925925925926,56.909309075785714,0.13106523647796137,0,0,valuation_path_explained_cashflows_incomplete,,,,,,long_short
rolling_252_to_2020-10-23,252,0.2875885882910785,0.13421577881957936,1.876655441340921,-0.06433237092273092,0.5555555555555556,60.66040267965188,0.11463292613913532,0,0,valuation_path_explained_cashflows_incomplete,,,,,,long_short
rolling_252_to_2020-11-23,252,0.2773338678196038,0.13315034220358735,1.8282226177069694,-0.06433237092273048,0.5740740740740741,64.26077758541169,0.08393785284894419,0,0,valuation_path_explained_cashflows_incomplete,,,,,,long_short
rolling_252_to_2020-12-22,252,0.19457899424933056,0.13903972199088588,1.2562402849830328,-0.07984504653343671,0.5370370370370371,65.44349020415667,0.04962336410205748,0,0,valuation_path_explained_cashflows_incomplete,,,,,,long_short
rolling_252_to_2021-01-21,252,0.1413381593642511,0.14351680953782864,0.8916271931997403,-0.13506977438783319,0.5370370370370371,67.26327889189714,0.01929698646664159,0,0,valuation_path_explained_cashflows_incomplete,,,,,,long_short
rolling_252_to_2021-02-26,252,0.004513008352167169,0.13858134671958525,-0.0382512808214615,-0.1698500969263239,0.48148148148148145,68.53411495758753,0.01933720655754318,0,0,valuation_path_explained_cashflows_incomplete,,,,,,long_short
rolling_252_to_2021-03-29,252,0.03985053709291919,0.1303354764965404,0.2255032535944735,-0.1698500969263227,0.509090909090909,65.47158264326046,0.018269316581211063,0,0,valuation_path_explained_cashflows_incomplete,,,,,,long_short
rolling_252_to_2021-04-28,252,0.051168174455968884,0.12819821956008534,0.31453849936169204,-0.1698500969263229,0.5272727272727272,64.69469649669159,0.015676846834177322,0,0,valuation_path_explained_cashflows_incomplete,,,,,,long_short
rolling_252_to_2021-06-01,252,0.11375940118831362,0.1265864967879661,0.789939606667192,-0.1698500969263229,0.5454545454545454,64.35078043785816,0.014498569543402269,0,0,valuation_path_explained_cashflows_incomplete,,,,,,long_short
rolling_252_to_2021-07-01,252,0.1057718882370009,0.1255640949637184,0.7381956844398052,-0.1698500969263228,0.509090909090909,63.60167169035924,0.014413293556758406,0,0,valuation_path_explained_cashflows_incomplete,,,,,,long_short
rolling_252_to_2021-07-30,252,0.050862584138452016,0.11892251111866264,0.3235144376073203,-0.1698500969263239,0.5,60.807269062349164,0.014225137473909369,0,0,valuation_path_explained_cashflows_incomplete,,,,,,long_short
rolling_252_to_2021-08-30,252,0.06986544108815673,0.1156498394287121,0.4916518700555058,-0.16607764238437028,0.5272727272727272,62.249653667183374,0.01438830592478865,0,0,valuation_path_explained_cashflows_incomplete,,,,,,long_short
rolling_252_to_2021-09-30,252,0.08269751547412874,0.12300139853499183,0.5729767148727685,-0.16455071027851964,0.509090909090909,62.03297569831302,0.014486260035965063,0,0,valuation_path_explained_cashflows_incomplete,,,,,,long_short
rolling_252_to_2021-11-05,252,0.03859357803934449,0.12035787915359897,0.22166389197311484,-0.1639881769664766,0.46296296296296297,61.2899421452312,0.006077311640088196,0,0,valuation_path_explained_cashflows_incomplete,,,,,,long_short
rolling_252_to_2021-12-06,252,0.08632042086025238,0.12249660449041377,0.6012671010361698,-0.1639881769664766,0.4727272727272727,59.128929845116645,0.006155889559630333,0,0,valuation_path_explained_cashflows_incomplete,,,,,,long_short
rolling_252_to_2022-01-05,252,0.14984794838088322,0.11715205683810129,1.1287686916221131,-0.09781510174324903,0.509090909090909,58.305382053524966,0.005133922937148981,0,0,valuation_path_explained_cashflows_incomplete,,,,,,long_short
rolling_252_to_2022-02-10,252,0.2249717877232531,0.11273301491554837,1.7810112184164608,-0.0792318335524973,0.5272727272727272,57.08314855668473,0.005576852079926724,0,0,valuation_path_explained_cashflows_incomplete,,,,,,long_short
rolling_252_to_2022-03-11,252,0.25532633488317225,0.10860571803764875,2.030681493713057,-0.07923183355249697,0.5660377358490566,57.59608811641199,0.006425595913030064,0,0,valuation_path_explained_cashflows_incomplete,,,,,,long_short
rolling_252_to_2022-04-13,252,0.2186256140505367,0.10713771622593816,1.7919197205112551,-0.07923183355249719,0.5370370370370371,57.44133731418714,0.007399217414674421,0,0,valuation_path_explained_cashflows_incomplete,,,,,,long_short
rolling_252_to_2022-05-17,252,0.18679799535344044,0.10755219065506968,1.5466706916749515,-0.07923183355249674,0.5454545454545454,58.515097315518496,0.007892011202623346,0,0,valuation_path_explained_cashflows_incomplete,,,,,,long_short
rolling_252_to_2022-06-16,252,0.15353655436977265,0.10599877803933666,1.270886473154593,-0.0792318335524973,0.5370370370370371,56.93082950623293,0.009258425083185673,0,0,valuation_path_explained_cashflows_incomplete,,,,,,long_short
rolling_252_to_2022-07-15,252,0.12115868721225498,0.10695521424809656,0.9804581909279393,-0.07923183355249763,0.5370370370370371,57.50981115891243,0.009740535943546007,0,0,valuation_path_explained_cashflows_incomplete,,,,,,long_short
rolling_252_to_2022-08-15,252,0.09724447083641619,0.1037381963643894,0.7918493898204748,-0.07923183355249708,0.5555555555555556,58.21116584953758,0.009670290957946234,0,0,valuation_path_explained_cashflows_incomplete,,,,,,long_short
rolling_252_to_2022-09-14,252,0.04885423766137764,0.09954291555099115,0.3519877808318579,-0.07923183355249708,0.5370370370370371,57.70737472639551,0.009786501536849367,0,0,valuation_path_explained_cashflows_incomplete,,,,,,long_short
rolling_252_to_2022-10-20,252,0.03667201569409162,0.09012738642599827,0.24183550305984539,-0.05429165580693318,0.5283018867924528,58.71635437036098,0.009758508262425072,0,0,valuation_path_explained_cashflows_incomplete,,,,,,long_short
rolling_252_to_2022-11-18,252,0.08364895106710257,0.08569071098025205,0.7800345083590006,-0.04074092509380478,0.5769230769230769,59.18835707616569,0.010204043118700741,0,0,valuation_path_explained_cashflows_incomplete,,,,,,long_short
rolling_252_to_2022-12-19,252,0.03278638804924561,0.0813126620300274,0.2110037564255012,-0.04074092509380434,0.5471698113207547,59.95798686865688,0.010280079927217814,0,0,valuation_path_explained_cashflows_incomplete,,,,,,long_short
rolling_252_to_2023-01-18,252,0.047529806403195485,0.07882748429289857,0.4012692608681821,-0.04074092509380489,0.5849056603773585,60.832010364102494,0.010471071697822918,0,0,valuation_path_explained_cashflows_incomplete,,,,,,long_short
rolling_252_to_2023-02-23,252,0.03044676224376297,0.07483854665916254,0.19118312445880303,-0.04074092509380434,0.5849056603773585,61.232152622571014,0.010075913724532927,0,0,valuation_path_explained_cashflows_incomplete,,,,,,long_short
rolling_252_to_2023-03-24,252,0.0104303218876578,0.06895442706258155,-0.09386793093089318,-0.04074092509380434,0.5576923076923077,60.86787813842551,0.008513552916536406,0,0,valuation_path_explained_cashflows_incomplete,,,,,,long_short
rolling_252_to_2023-04-25,252,0.013258312074401868,0.0650383030137086,-0.05875428509609811,-0.039509181452916486,0.5660377358490566,61.49602921872563,0.009081103958132226,0,0,valuation_path_explained_cashflows_incomplete,,,,,,long_short
rolling_252_to_2023-05-29,252,-0.00039209627388780977,0.05871480232180377,-0.31012862886870374,-0.0395091814529166,0.5283018867924528,61.39029159588311,0.009098908736025707,0,0,valuation_path_explained_cashflows_incomplete,,,,,,long_short
rolling_252_to_2023-06-29,252,-0.007495705087452564,0.05663467928510625,-0.45396182886603387,-0.037462591314488924,0.5094339622641509,60.68817463878282,0.007943421917258673,0,0,valuation_path_explained_cashflows_incomplete,,,,,,long_short
rolling_252_to_2023-07-28,252,0.0025111344531136837,0.054561371049911274,-0.28327791178265244,-0.03457279980437866,0.5192307692307693,58.988231997785604,0.007649040132685167,0,0,valuation_path_explained_cashflows_incomplete,,,,,,long_short
rolling_252_to_2023-08-28,252,0.016832769103459322,0.05485922389820949,-0.013594920257778259,-0.03457279980437877,0.5094339622641509,58.013324000118175,0.008323084660928962,0,0,valuation_path_explained_cashflows_incomplete,,,,,,long_short
rolling_252_to_2023-09-26,252,0.024707841824589627,0.052673559937938784,0.13394368046784394,-0.03457279980437844,0.5283018867924528,56.54046557770976,0.008430784473662002,0,0,valuation_path_explained_cashflows_incomplete,,,,,,long_short
rolling_252_to_2023-11-02,252,0.040595324739037375,0.05212001234601495,0.44162567213570114,-0.03457279980437844,0.5471698113207547,54.52378166452038,0.009382327660301828,0,0,valuation_path_explained_cashflows_incomplete,,,,,,long_short
rolling_252_to_2023-12-01,252,0.04248580400428037,0.049238122950524696,0.4980351422297832,-0.03457279980437877,0.5384615384615384,52.68371018348685,0.008775614458396452,0,0,valuation_path_explained_cashflows_incomplete,,,,,,long_short
rolling_252_to_2024-01-02,252,0.049999450701838866,0.047367127818122155,0.6803678300113792,-0.034572799804378884,0.5471698113207547,50.37418218675575,0.008998423288221185,0,0,valuation_path_explained_cashflows_incomplete,,,,,,long_short
rolling_252_to_2024-01-31,252,0.03745279518938749,0.04729102995709457,0.4154542155420097,-0.03457279980437822,0.5471698113207547,49.68223576949781,0.009766868540115596,0,0,valuation_path_explained_cashflows_incomplete,,,,,,long_short
rolling_252_to_2024-03-08,252,0.03790679179275891,0.050759623213029605,0.40132146903687893,-0.03457279980437855,0.5094339622641509,49.21842859701229,0.010205597909386587,0,0,valuation_path_explained_cashflows_incomplete,,,,,,long_short
rolling_252_to_2024-04-10,252,0.03592049913743178,0.05093018880732123,0.36491190994080747,-0.03457279980437877,0.5283018867924528,48.988740768708944,0.010263015187734153,0,0,valuation_path_explained_cashflows_incomplete,,,,,,long_short
rolling_252_to_2024-05-14,252,0.02347966099328591,0.05489478480275103,0.117386422388284,-0.04074063073123302,0.5370370370370371,47.64925936118727,0.008638792453868865,0,0,valuation_path_explained_cashflows_incomplete,,,,,,long_short
rolling_252_to_2024-06-13,252,-0.0013231092025054458,0.05576341106475432,-0.3470551096663194,-0.05523463703583453,0.5471698113207547,46.09716661037526,0.008096483039800954,0,0,valuation_path_explained_cashflows_incomplete,,,,,,long_short
rolling_252_to_2024-07-12,252,0.003495616133686763,0.07640836449132982,-0.17017450266942394,-0.1094512786966082,0.6037735849056604,45.93548304380537,0.008287537410868028,0,0,valuation_path_explained_cashflows_incomplete,,,,,,long_short
rolling_252_to_2024-08-12,252,-0.03650791688259769,0.07974403812531317,-0.689076245708487,-0.10945127869660887,0.5660377358490566,45.724543911948466,0.008269877218222182,0,0,valuation_path_explained_cashflows_incomplete,,,,,,long_short
rolling_252_to_2024-09-10,252,,,,,,43.41559370413317,0.00803316675503171,10,10,unverified_valuation_path,-0.03377665404857377,0.08350773640845799,-0.6191970640840604,-0.11772600563655133,0.5660377358490566,long_short
rolling_252_to_2024-10-18,252,,,,,,41.70589315205386,0.008886781008486864,31,31,unverified_valuation_path,0.04859177572502604,0.10914835350872426,0.3368498350948931,-0.11772600563655056,0.5555555555555556,long_short
rolling_252_to_2024-11-18,252,,,,,,41.658416361098475,0.0081027164567036,52,52,unverified_valuation_path,0.052649544405729776,0.11086878715614255,0.36272863598249977,-0.11772600563655145,0.5454545454545454,long_short
rolling_252_to_2024-12-17,252,,,,,,41.9896529559988,0.008081192046407674,73,73,unverified_valuation_path,0.07128184731276188,0.11308723788893425,0.516775243440512,-0.11772600563654989,0.5740740740740741,long_short
rolling_252_to_2025-01-16,252,,,,,,40.75509711375668,0.0076846343279891385,94,94,unverified_valuation_path,0.05169807471696197,0.11628788582379317,0.3405856170542666,-0.11772600563655056,0.5555555555555556,long_short
rolling_252_to_2025-02-24,252,,,,,,40.27932308013838,0.0064941785336969935,115,115,unverified_valuation_path,0.11434489730455688,0.12021703620112532,0.8588684549243442,-0.11772600563655089,0.5535714285714286,long_short
rolling_252_to_2025-03-25,252,,,,,,40.01672661232877,0.0067665421280510875,136,136,unverified_valuation_path,0.11689579564403707,0.12089084796164946,0.8499035261126313,-0.11312416785849622,0.5454545454545454,long_short
rolling_252_to_2025-04-24,252,,,,,,38.826811979222505,0.006912263663079226,157,157,unverified_valuation_path,0.09988600482518062,0.12535692055007402,0.6945566354698045,-0.10850928650540914,0.509090909090909,long_short
rolling_252_to_2025-05-28,252,,,,,,37.19190958278197,0.006926942334418132,178,178,unverified_valuation_path,0.10088427635298958,0.12375164818008239,0.7095622327277901,-0.10850928650540925,0.4909090909090909,long_short
rolling_252_to_2025-06-27,252,,,,,,36.87129761133544,0.0067695893448318925,199,199,unverified_valuation_path,0.1473601686369992,0.12297158974088546,1.0623713268861843,-0.07593652011782737,0.4909090909090909,long_short
rolling_252_to_2025-07-28,252,,,,,,37.49057997353151,0.006408500802333562,220,220,unverified_valuation_path,0.1924990786869032,0.11146060808622625,1.5195839154998634,-0.07078787842215584,0.509090909090909,long_short
rolling_252_to_2025-08-26,252,,,,,,37.519275085513186,0.007376642579820391,241,241,unverified_valuation_path,0.2575251173571427,0.1106196425782421,2.028730400851672,-0.055451439185441154,0.4909090909090909,long_short
rolling_252_to_2025-09-24,252,,,,,,38.43290941516739,0.010403675134173479,252,252,unverified_valuation_path,0.26985890271776247,0.1082702258980279,2.1640236416097323,-0.05545143918544093,0.509090909090909,long_short
rolling_252_to_2025-10-31,252,,,,,,39.59297875986942,0.009836645407405661,252,252,unverified_valuation_path,0.14265296231405444,0.08707809233101046,1.3961676872734854,-0.055451439185441154,0.5185185185185185,long_short
rolling_252_to_2025-12-01,252,,,,,,40.4933285651716,0.012221525175789649,252,252,unverified_valuation_path,0.10633929347683191,0.08662687259774954,1.025405477498776,-0.06191954584776105,0.509090909090909,long_short
rolling_252_to_2025-12-30,252,,,,,,40.41913925012768,0.014000484477989242,252,252,unverified_valuation_path,0.10016157922810787,0.0864853318529874,0.9599058894127483,-0.06191954584776038,0.4909090909090909,long_short
rolling_252_to_2026-01-30,252,,,,,,39.957327457967835,0.015331098952478646,252,252,unverified_valuation_path,0.089647825069189,0.08441084765354445,0.866423123358418,-0.06252116678540187,0.4909090909090909,long_short
rolling_252_to_2026-03-10,252,,,,,,38.841505227957754,0.01743685165794791,252,252,unverified_valuation_path,0.006425737174142743,0.0793749272628053,-0.12258382724018037,-0.08300682328128706,0.46296296296296297,long_short
rolling_252_to_2026-04-09,252,,,,,,38.43118374987462,0.016881212466842762,252,252,unverified_valuation_path,0.005709548393270758,0.08127711111823901,-0.12673276991848278,-0.08987566378292355,0.48148148148148145,long_short
rolling_252_to_2026-05-13,252,,,,,,37.87420426510267,0.017656319573864616,252,252,unverified_valuation_path,0.05317091061115442,0.07818707150387365,0.4858908765866941,-0.08987566378292355,0.5454545454545454,long_short
rolling_252_to_2026-06-11,252,,,,,,38.02714017907562,0.020460405744706207,252,252,unverified_valuation_path,0.0442064124332493,0.08057536575814529,0.3549131293590852,-0.08987566378292533,0.5370370370370371,long_short
rolling_252_to_2026-07-13,252,,,,,,39.06071204818214,0.02117917341515623,252,252,unverified_valuation_path,0.023939536015712415,0.08342420034504093,0.10175921750695041,-0.08987566378292389,0.5185185185185185,long_short
rolling_252_to_2026-08-11,252,,,,,,38.29505925727105,0.022026367682017205,252,252,unverified_valuation_path,-0.039091027206223705,0.08505678063655935,-0.673614663882546,-0.08987566378292478,0.48148148148148145,long_short
rolling_252_to_2026-09-09,252,,,,,,38.37034295318315,0.020850639762966354,252,252,unverified_valuation_path,-0.03642235628279722,0.08204447154072769,-0.6663326690823382,-0.08987566378292433,0.5185185185185185,long_short
