债券代码,债券简称,公告日期,发行起始日,发行终止日,计划发行总量,实际发行总量,发行面值,发行价格,发行方式,发行对象,发行范围,承销方式,募资用途说明,初始转股价格,转股开始日期,转股终止日期,网上申购日期,网上申购代码,网上申购简称,网上申购数量上限,网上申购数量下限,网上申购单位,网上申购中签结果公告日及退款日,优先申购日,配售价格,债权登记日,优先申购缴款日,转股代码,交易市场,债券名称
113561,正裕转债,2019-12-27,2019-12-31,2019-12-31,29000.0,29000.0,100,100.0,"网上网下优先配售,交易所系统网上向社会公众投资者发行",1、公司原股东：发行公告公布的股权登记日（即2019年12月30日，T-1日）收市后中国结算上海分公司登记在册的发行人所有股东。2、社会公众投资者：在上交所开立证券账户的境内自然人、法人、证券投资基金以及符合法律法规规定的其他投资者（法律法规禁止购买者除外）。3、本次发行的承销团成员的自营账户不得参与本次申购。,上交所固定收益平台,余额包销,"汽车悬置减震产品生产项目,补充流动资金项目",14.21,2020-07-07,2019-12-30,2019-12-31,754089,正裕发债,100.0,0.1,0.1,2020-01-03,2019-12-31,100.0,2025-06-18,2019-12-31,603089,上交所,2019年浙江正裕工业股份有限公司可转换公司债券
128091,新天转债,2019-12-26,2019-12-30,2019-12-30,17730.0,17730.0,100,100.0,"网上网下优先配售,交易所系统网上向社会公众投资者发行",（1）向原股东优先配售：本发行公告公布的股权登记日（即2019年12月27日，T-1日）收市后中国结算深圳分公司登记在册的发行人所有股东。（2）网上发行：中华人民共和国境内持有深交所证券账户的自然人、法人、证券投资基金、符合法律规定的其他投资者等（法律法规禁止购买者除外）。（3）本次发行的保荐机构（主承销商）及承销团成员的自营账户不得参与本次申购。,深交所综合协议交易平台,余额包销,"中药配方颗粒建设项目,凝胶剂及合剂生产线建设项目,补充流动资金",16.49,2020-07-06,2019-12-27,2019-12-30,072873,新天发债,100.0,0.1,0.1,2020-01-02,2019-12-30,100.0,2024-12-05,2019-12-30,002873,深交所,2019年贵阳新天药业股份有限公司公开发行可转换公司债券
128092,唐人转债,2019-12-26,2019-12-30,2019-12-30,124280.0,124280.0,100,100.0,"网上网下优先配售,交易所系统网上向社会公众投资者发行",（1）向原股东优先配售本发行公告公布的股权登记日（即2019年12月27日，T-1日）收市后中国结算深圳分公司登记在册的发行人所有股东。（2）网上发行中华人民共和国境内持有深交所证券账户的社会公众投资者，包括：自然人、法人、证券投资基金等（法律法规禁止购买者除外）。（3）本次发行的承销团成员的自营账户不得参与本次申购。,深交所综合协议交易平台,余额包销,"湖南花垣县年出栏30万头瘦肉型苗猪、10万头湘西黑猪苗猪养殖项目,河南南乐县年出栏30万头良种苗猪养殖项目,湖北武汉市年产15万吨特种水产膨化料项目,广西钦州市年产24万吨高科技生物饲料生产线,湖南株洲市现代食品加工中央厨房一期建设项目,补充流动资金,湖南株洲市年产24万吨动物营养核心料研产销一体化基地,广东清远市年产24万吨动物营养核心添加剂研产销一体化基地,甘肃天水市存栏3,600头基础母猪核心原种场项目",8.86,2020-07-06,2019-12-27,2019-12-30,072567,唐人发债,100.0,0.1,0.1,2020-01-02,2019-12-30,100.0,2020-10-09,2019-12-30,002567,深交所,唐人神集团股份有限公司公开发行可转换公司债券
128090,汽模转2,2019-12-25,2019-12-27,2019-12-27,47100.0,47100.0,100,100.0,"网上网下优先配售,交易所系统网上向社会公众投资者发行",（1）向发行人原股东优先配售：发行公告公布的股权登记日（即2019年12月26日，T-1日）收市后中国结算深圳分公司登记在册的发行人所有股东。（2）网上发行：中华人民共和国境内持有深交所证券账户的社会公众投资者，包括：自然人、法人、证券投资基金等（法律法规禁止购买者除外）。（3）本次发行的保荐机构（主承销商）及承销团成员的自营账户不得参与本次申购。,深交所综合协议交易平台,余额包销,"大型高品质模具柔性生产线智能化扩充升级项目,补充流动资金",4.19,2020-07-03,2019-12-26,2019-12-27,072510,汽模发债,100.0,0.1,0.1,2019-12-31,2019-12-27,100.0,2024-12-18,2019-12-27,002510,深交所,2019年天津汽车模具股份有限公司可转换公司债券
123039,开润转债,2019-12-24,2019-12-26,2019-12-26,22300.0,22300.0,100,100.0,"网上优先配售,交易所系统网上向社会公众投资者发行",（1）向发行人原股东优先配售：本发行公告公布的股权登记日（2019年12月25日，T-1日）收市后登记在册的发行人所有A股普通股股东。（2）网上发行：中华人民共和国境内持有深交所证券账户的自然人、法人、证券投资基金以及符合法律法规规定的其他投资者（法律法规禁止购买者除外）。（3）本次发行的承销团成员的自营账户不得参与网上申购。,深交所综合协议交易平台,余额包销,"滁州米润科技有限公司优质出行软包制造项目,补充流动资金",33.34,2020-07-02,2019-12-25,2019-12-26,370577,开润发债,100.0,0.1,0.1,2019-12-30,2019-12-26,100.0,2025-12-25,2019-12-26,300577,深交所,2019年安徽开润股份有限公司创业板公开发行可转换公司债券
128089,麦米转债,2019-12-24,2019-12-26,2019-12-26,65500.0,65500.0,100,100.0,"网上网下优先配售,交易所系统网上向社会公众投资者发行",（1）向原股东优先配售：发行公告公布的股权登记日（即2019年12月25日，T-1日）收市后中国结算深圳分公司登记在册的发行人所有股东。（2）网上发行：在深交所开立证券账户的境内自然人、法人、证券投资基金以及符合法律法规规定的其他投资者（法律法规禁止购买者除外）。（3）本次发行的承销团成员的自营账户不得参与网上申购。,深交所综合协议交易平台,余额包销,"麦格米特智能产业中心建设项目,总部基地建设项目,收购浙江怡和卫浴有限公司14%股权项目,补充流动资金",20.31,2020-07-02,2019-12-25,2019-12-26,072851,麦米发债,100.0,0.1,0.1,2019-12-30,2019-12-26,100.0,2020-09-01,2019-12-26,002851,深交所,深圳麦格米特电气股份有限公司公开发行可转换公司债券
123038,联得转债,2019-12-23,2019-12-25,2019-12-25,20000.0,20000.0,100,100.0,"网上优先配售,交易所系统网上向社会公众投资者发行",（1）向发行人原股东优先配售：本发行公告公布的股权登记日（即2019年12月24日，T-1日）收市后登记在册的发行人原股东。（2）向社会公众投资者网上发行：持有中国证券登记结算有限责任公司深圳分公司证券账户的自然人、法人、证券投资基金、符合法律规定的其他投资者等（国家法律、法规禁止者除外）。,深交所综合协议交易平台,余额包销,新型显示技术智能装备总部基地建设项目,25.39,2020-07-01,2019-12-24,2019-12-25,370545,联得发债,100.0,0.1,0.1,2019-12-27,2019-12-25,100.0,2025-08-11,2019-12-25,300545,深交所,2019年深圳市联得自动化装备股份有限公司公开发行可转换公司债券
128088,深南转债,2019-12-20,2019-12-24,2019-12-24,152000.0,152000.0,100,100.0,"网上网下优先配售,交易所系统网上向社会公众投资者发行",（1）向原股东优先配售：本发行公告公布的股权登记日（即2019年12月23日，T-1日）收市后登记在册的发行人原A股股东。（2）网上发行：持有深交所证券账户的自然人、法人、证券投资基金、符合法律规定的其他投资者等（国家法律、法规禁止者除外）。（3）本次发行的承销团成员的自营账户不得参与本次申购。,深交所综合协议交易平台,余额包销,"数通用高速高密度多层印制电路板投资项目（二期）,补充流动资金",149.25,2020-06-30,2019-12-23,2019-12-24,072916,深南发债,100.0,0.1,0.1,2019-12-26,2019-12-24,100.0,2020-09-02,2019-12-24,002916,深交所,深南电路股份有限公司公开发行可转换公司债券
113030,东风转债,2019-12-20,2019-12-24,2019-12-23,29490.2,29532.8,100,100.0,"网上优先配售,交易所系统网上向社会公众投资者发行,交易所系统网下向机构投资者协议发行",1、向原股东优先配售：本发行公告公布的股权登记日（即2019年12月23日，T-1日）收市后登记在册的发行人原A股股东。2、网上发行：持有上交所证券账户的境内自然人、法人、证券投资基金以及符合法律法规规定的其他投资者（法律法规禁止购买者除外）。3、网下发行：持有上交所证券账户的机构投资者，包括根据《中华人民共和国证券投资基金法》批准设立的证券投资基金和法律法规允许申购的法人，以及符合法律法规规定的其他机构投资者。,上交所固定收益平台,余额包销,收购千叶药包75%股权和补充流动资金,6.9,2020-06-30,2019-12-23,2019-12-24,783515,东风发债,100.0,0.1,0.1,2019-12-26,2019-12-24,100.0,2025-12-23,2019-12-24,601515,上交所,2019年汕头东风印刷股份有限公司可转换公司债券
113558,日月转债,2019-12-19,2019-12-23,2019-12-23,120000.0,120000.0,100,100.0,"网上网下优先配售,交易所系统网上向社会公众投资者发行",（1）向发行人原股东优先配售：发行公告公布的股权登记日（2019年12月20日，T-1日）收市后中国结算上海分公司登记在册的发行人原A股股东。（2）网上发行：中华人民共和国境内持有上交所证券账户的社会公众投资者，包括：自然人、法人、证券投资基金以及符合法律法规规定的其他投资者（法律法规禁止购买者除外）。,上交所固定收益平台,余额包销,"年产12万吨大型海上风电关键部件精加工生产线建设项目,补充流动资金项目",19.68,2020-06-29,2019-12-20,2019-12-23,754218,日月发债,100.0,0.1,0.1,2019-12-25,2019-12-23,100.0,2020-08-18,2019-12-23,603218,上交所,日月重工股份有限公司公开发行可转换公司债券
113559,永创转债,2019-12-19,2019-12-23,2019-12-23,51217.0,51217.0,100,100.0,"网上网下优先配售,交易所系统网上向社会公众投资者发行",（1）向公司原股东：发行公告公布的股权登记日（即2019年12月20日，T-1日）收市后登记在册的公司所有A股股东。（2）一般社会公众投资者：持有中国证券登记结算有限责任公司上海分公司证券账户的自然人、法人、证券投资基金、符合法律规定的其他投资者等（国家法律、法规禁止者除外）。（3）本次发行的承销团成员的自营账户不得参与本次申购。,上交所固定收益平台,余额包销,"年产40,000台（套）包装设备建设项目,补充流动资金项目",10.39,2020-06-29,2019-12-20,2019-12-23,754901,永创发债,100.0,0.1,0.1,2019-12-25,2019-12-23,100.0,2021-06-25,2019-12-23,603901,上交所,杭州永创智能设备股份有限公司公开发行可转换公司债券
110064,建工转债,2019-12-18,2019-12-20,2019-12-20,166000.0,166000.0,100,100.0,"网上网下优先配售,交易所系统网上向社会公众投资者发行",（1）向发行人原股东优先配售：发行公告公布的股权登记日（2019年12月19日，T-1日）收市后登记在册的发行人所有股东。（2）网上发行：中华人民共和国境内持有上交所证券账户的社会公众投资者，包括：自然人、法人、证券投资基金以及符合法律法规规定的其他投资者（法律法规禁止购买者除外）。（3）本次发行的主承销商成员的自营账户不得参与网上申购。,上交所固定收益平台,余额包销,"重庆铁路口岸公共物流仓储项目,长寿经开区八颗组团移民生态工业园一期标准厂房项目工程总承包,重庆保税港区空港皓月小区公租房项目（一标）,重庆市渝北区中医院三级甲等医院主体工程施工项目,偿还银行贷款",4.65,2020-06-29,2019-12-19,2019-12-20,733939,建工发债,100.0,0.1,0.1,2019-12-24,2019-12-20,100.0,2025-12-19,2019-12-20,600939,上交所,2019年重庆建工集团股份有限公司可转换公司债券
110065,淮矿转债,2019-12-19,2019-12-23,2019-12-20,275740.0,275740.0,100,100.0,"网上网下优先配售,交易所系统网上向社会公众投资者发行,交易所系统网下向机构投资者协议发行",（1）向发行人原股东优先配售：发行公告公布的股权登记日（2019年12月20日，T-1日）收市后登记在册的发行人所有股东。（2）网上发行：持有中国证券登记结算有限责任公司上海分公司证券账户的自然人、法人、证券投资基金、符合法律规定的其他投资者等（国家法律、法规禁止者除外）。（3）网下发行：持有上交所证券账户的机构投资者，包括根据《中华人民共和国证券投资基金法》批准设立的证券投资基金和法律法规允许申购的法人，以及符合法律法规规定的其他机构投资者。（4）本次发行的承销团成员的自营账户不得参与网上及网下申购。,上交所固定收益平台,余额包销,"焦炉煤气综合利用项目,偿还公司债务,智能化采煤工作面设备购置项目",9.93,2020-06-29,2019-12-20,2019-12-23,733985,淮矿发债,100.0,0.1,0.1,2019-12-25,2019-12-23,100.0,2021-07-01,2019-12-23,600985,上交所,淮北矿业控股股份有限公司公开发行可转换公司债券
113556,至纯转债,2019-12-18,2019-12-20,2019-12-20,35600.0,35600.0,100,100.0,"网上网下优先配售,交易所系统网上向社会公众投资者发行",1、向发行人的原股东优先配售发行公告公布的股权登记日（即2019年12月19日，T-1日）收市后中国结算上海分公司登记在册的公司全体股东。2、网上发行中华人民共和国境内持有中国结算上海分公司证券账户的自然人、法人、证券投资基金、符合法律规定的其他投资者等（国家法律、法规禁止者除外）。3、本次发行的承销团成员的自营账户不得参与网上申购。,上交所固定收益平台,余额包销,"半导体湿法设备制造项目,晶圆再生项目",29.47,2020-06-29,2019-12-19,2019-12-20,754690,至纯发债,100.0,0.1,0.1,2019-12-24,2019-12-20,100.0,2021-01-25,2019-12-20,603690,上交所,上海至纯洁净系统科技股份有限公司公开发行可转换公司债券
113555,振德转债,2019-12-17,2019-12-19,2019-12-19,44000.0,44000.0,100,100.0,"网上网下优先配售,交易所系统网上向社会公众投资者发行",（1）向发行人原股东优先配售：发行公告公布的股权登记日（2019年12月18日，T-1日）收市后登记在册的发行人所有股东。（2）网上发行：持有中国证券登记结算有限责任公司上海分公司证券账户的自然人、法人、证券投资基金、符合法律规定的其他投资者等（国家法律、法规禁止者除外）。（3）本次发行的承销团成员的自营账户不得参与网上申购。,上交所固定收益平台,余额包销,"功能性敷料及智能物流中心建设项目,补充流动资金",20.04,2020-06-29,2019-12-18,2019-12-19,754301,振德发债,100.0,0.1,0.1,2019-12-23,2019-12-19,100.0,2020-12-03,2019-12-19,603301,上交所,振德医疗用品股份有限公司公开发行可转换公司债券
113557,森特转债,2019-12-17,2019-12-19,2019-12-19,60000.0,60000.0,100,100.0,"网上网下优先配售,交易所系统网上向社会公众投资者发行",（1）向公司原股东优先配售：发行公告公布的股权登记日（即2019年12月18日，T-1日）收市后登记在册的公司所有股东。（2）网上发行：中华人民共和国境内持有上交所证券账户的自然人、法人、证券投资基金、符合法律规定的其他投资者等（国家法律、法规禁止者除外）。（3）本次发行的主承销商的自营账户不得参与本次申购。,上交所固定收益平台,余额包销,"研发中心项目,设计中心项目,项目管理信息系统平台建设项目,补充流动资金",10.26,2020-06-29,2019-12-18,2019-12-19,754098,森特发债,100.0,0.1,0.1,2019-12-23,2019-12-19,100.0,2021-04-29,2019-12-19,603098,上交所,森特士兴集团股份有限公司公开发行可转换公司债券
123037,新莱转债,2019-12-17,2019-12-19,2019-12-19,28000.0,28000.0,100,100.0,"网上网下优先配售,交易所系统网上向社会公众投资者发行",（1）公司原股东：发行公告公布的股权登记日（即2019年12月18日，T-1日）收市后登记公司登记在册的发行人所有股东。（2）社会公众投资者：持有深交所证券账户的境内自然人、法人、证券投资基金以及符合法律法规规定的其他投资者等（国家法律、法规禁止者除外）。,深交所综合协议交易平台,余额包销,半导体行业超高洁净管阀件生产线技改项目,11.18,2020-06-29,2019-12-18,2019-12-19,370260,新莱发债,100.0,0.1,0.1,2019-12-23,2019-12-19,100.0,2020-09-10,2019-12-19,300260,深交所,昆山新莱洁净应用材料股份有限公司创业板公开发行可转换公司债券
128087,孚日转债,2019-12-13,2019-12-17,2019-12-17,65000.0,65000.0,100,100.0,"网上网下优先配售,交易所系统网上向社会公众投资者发行",（1）向公司原股东优先配售：发行公告公布的股权登记日（即2019年12月16日，T-1日）收市后登记在册的公司所有A股股东。（2）网上发行：中华人民共和国境内持有深交所证券账户的自然人、法人、证券投资基金、符合法律规定的其他投资者等（国家法律、法规禁止者除外）。（3）本次发行的承销团的自营账户不得参与本次申购。,深交所综合协议交易平台,余额包销,"年产6,500吨高档毛巾产品项目,高档巾被智能织造项目,年产7,500吨高档巾被系列产品智能制造项目",6.39,2020-06-23,2019-12-16,2019-12-17,072083,孚日发债,100.0,0.1,0.1,2019-12-19,2019-12-17,100.0,2024-12-04,2019-12-17,002083,深交所,2019年孚日集团股份有限公司公开发行可转换公司债券
128086,国轩转债,2019-12-13,2019-12-17,2019-12-16,185000.0,185000.0,100,100.0,"网上网下优先配售,交易所系统网上向社会公众投资者发行,交易所系统网下向机构投资者协议发行",（1）向发行人原股东优先配售：发行公告公布的股权登记日（即2019年12月16日，T-1日）收市后中国结算深圳分公司登记在册的公司所有A股股东。（2）网上发行：持有中国证券登记结算有限责任公司深圳分公司证券账户的自然人、法人、证券投资基金、符合法律规定的其他投资者等（国家法律、法规禁止者除外）。（3）网下发行：持有中国结算深圳分公司证券账户的机构投资者，包括：根据《中华人民共和国证券投资基金法》批准设立的证券投资基金和法律法规允许申购的法人，以及符合法律法规规定的其它机构投资者。（4）本次发行的承销团成员的自营账户不得参与本次申购。,深交所综合协议交易平台,余额包销,"国轩南京年产15GWh动力电池系统生产线及配套建设项目（一期5GWh）,庐江国轩新能源年产2GWh动力锂电池产业化项目,补充流动资金",12.21,2020-06-23,2019-12-16,2019-12-17,072074,国轩发债,100.0,0.1,0.1,2019-12-19,2019-12-17,100.0,2020-08-27,2019-12-17,002074,深交所,国轩高科股份有限公司公开发行可转换公司债券
110063,鹰19转债,2019-12-11,2019-12-13,2019-12-13,186000.0,186000.0,100,100.0,"网上优先配售,交易所系统网上向社会公众投资者发行",1、向发行人原股东优先配售：本发行公告公布的股权登记日（即2019年12月12日，T-1日）收市后中国结算上海分公司登记在册的发行人所有股东。2、网上发行：持有中国证券登记结算有限责任公司上海分公司证券账户的自然人、法人、证券投资基金、符合法律规定的其他投资者等（国家法律、法规禁止者除外）。3、本次发行的承销团成员的自营账户不得参与网上申购。,上交所固定收益平台,余额包销,"爱拓环保能源（浙江）有限公司造纸废弃物资源综合利用项目,公安县杨家厂镇工业园固废综合利用项目,山鹰国际控股股份公司资源综合利用发电项目",3.3,2020-06-19,2019-12-12,2019-12-13,733567,山鹰发债,100.0,0.1,0.1,2019-12-17,2019-12-13,100.0,2025-12-12,2019-12-13,600567,上交所,2019年山鹰国际控股股份公司可转换公司债券
113029,明阳转债,2019-12-12,2019-12-16,2019-12-13,170000.0,170000.0,100,100.0,"网上网下优先配售,交易所系统网上向社会公众投资者发行,交易所系统网下向机构投资者协议发行",（1）向公司原股东优先配售：发行公告公布的股权登记日（即2019年12月13日，T-1日）收市后登记在册的公司所有股东。（2）网上发行：中华人民共和国境内持有上交所证券账户的自然人、法人、证券投资基金、符合法律规定的其他投资者等（国家法律、法规禁止者除外）。（3）网下发行：持有上交所证券账户的机构投资者，包括：根据《中华人民共和国证券投资基金法》批准设立的证券投资基金和法律法规允许申购的法人，以及符合法律法规规定的其它机构投资者。（4）本次发行的承销团成员的自营账户不得参与本次申购。,上交所固定收益平台,余额包销,"明阳锡林浩特市100MW风电项目,明阳清水河县韭菜庄50MW风电供热项目,锡林浩特市明阳风力发电有限公司50MW风电供热项目,MySE10MW级海上风电整机及关键部件研制项目,补充流动资金",12.66,2020-06-22,2019-12-13,2019-12-16,783615,明阳发债,100.0,0.1,0.1,2019-12-18,2019-12-16,100.0,2021-03-18,2019-12-16,601615,上交所,明阳智慧能源集团股份公司公开发行可转换公司债券
113553,金牌转债,2019-12-11,2019-12-13,2019-12-13,39200.0,39200.0,100,100.0,"网上网下优先配售,交易所系统网上向社会公众投资者发行",（1）向公司原股东优先配售：发行公告公布的股权登记日（即2019年12月12日，T-1日）收市后中国结算上海分公司登记在册的公司全体股东。（2）网上发行：中华人民共和国境内持有中国结算上海分公司证券账户的自然人、法人、证券投资基金、符合法律规定的其他投资者等（国家法律、法规禁止者除外）。（3）本次发行的承销团成员的自营账户不得参与网上申购。,上交所固定收益平台,余额包销,"厦门金牌厨柜股份有限公司同安四期项目1#、2#、4#、5#厂房建设项目,江苏金牌厨柜有限公司二期工程项目3#、5#厂房建设工程",62.69,2020-06-19,2019-12-12,2019-12-13,754180,金牌发债,100.0,0.1,0.1,2019-12-17,2019-12-13,100.0,2020-12-03,2019-12-13,603180,上交所,厦门金牌厨柜股份有限公司公开发行可转换公司债券
113554,仙鹤转债,2019-12-12,2019-12-16,2019-12-13,125000.0,125000.0,100,100.0,"网上网下优先配售,交易所系统网上向社会公众投资者发行,交易所系统网下向机构投资者协议发行",（1）向发行人原股东优先配售：发行公告公布的股权登记日（2019年12月13日，T-1日）收市后登记在册的发行人所有股东。（2）网上发行：中华人民共和国境内持有上交所证券账户的社会公众投资者，包括：自然人、法人、证券投资基金等（法律法规禁止购买者除外）。（3）网下发行：持有上交所证券账户的机构投资者，包括根据《中华人民共和国证券投资基金法》批准设立的证券投资基金和法律法规允许申购的法人，以及符合法律法规规定的其他机构投资者。,上交所固定收益平台,余额包销,"年产22万吨高档纸基新材料项目,补充流动资金",13.67,2020-06-22,2019-12-13,2019-12-16,754733,仙鹤发债,100.0,0.1,0.1,2019-12-18,2019-12-16,100.0,2020-09-10,2019-12-16,603733,上交所,仙鹤股份有限公司公开发行可转换公司债券
128084,木森转债,2019-12-12,2019-12-16,2019-12-13,266001.77,266002.0,100,100.0,"网上网下优先配售,交易所系统网上向社会公众投资者发行,交易所系统网下向机构投资者协议发行",（1）向原股东优先配售：发行公告公布的股权登记日（即2019年12月13日，T-1日）收市后中国结算深圳分公司登记在册的发行人所有股东。（2）网上发行：在深交所开立证券账户的自然人、法人、证券投资基金以及符合法律法规规定的其他投资者（法律法规禁止购买者除外）。（3）网下发行：持有深交所证券账户的机构投资者，包括：根据《中华人民共和国证券投资基金法》批准设立的证券投资基金和法律法规允许申购的法人，以及符合法律法规规定的其它机构投资者。（4）本次发行的承销团成员的自营账户不得参与网上及网下申购。,深交所综合协议交易平台,余额包销,"小榄高性能LED封装产品生产项目,义乌LED照明应用产品自动化生产项目,偿还有息债务,小榄LED电源生产项目",12.95,2020-06-22,2019-12-13,2019-12-16,072745,木森发债,100.0,0.1,0.1,2019-12-18,2019-12-16,100.0,2020-09-10,2019-12-16,002745,深交所,木林森股份有限公司公开发行可转换公司债券
128085,鸿达转债,2019-12-12,2019-12-16,2019-12-13,242678.0,242678.0,100,100.0,"网上网下优先配售,交易所系统网上向社会公众投资者发行,交易所系统网下向机构投资者协议发行",（1）向原股东优先配售：本发行公告公布的股权登记日（即2019年12月13日，T-1日）收市后中国结算深圳分公司登记在册的发行人原A股股东。（2）网上发行：中华人民共和国境内持有深交所证券账户的社会公众投资者，包括：自然人、法人、证券投资基金等（国家法律、法规禁止者除外）。（3）网下发行：持有深交所证券账户的机构投资者，包括：根据《中华人民共和国证券投资基金法》批准设立的证券投资基金和法律法规允许申购的法人，以及符合法律法规规定的其它机构投资者。（4）本次发行的主承销商及承销团成员的自营账户不得参与本次申购。,深交所综合协议交易平台,余额包销,"年产30万吨聚氯乙烯及配套项目,补充流动资金",3.98,2020-06-22,2019-12-13,2019-12-16,072002,鸿达发债,100.0,0.1,0.1,2019-12-18,2019-12-16,100.0,2025-12-16,2019-12-16,002002,深交所,2019年鸿达兴业股份有限公司公开发行可转换公司债券
404003,鸿达退债,2019-12-12,2019-12-16,2019-12-13,242678.0,242678.0,100,100.0,"网上网下优先配售,交易所系统网上向社会公众投资者发行,交易所系统网下向机构投资者协议发行",（1）向原股东优先配售：本发行公告公布的股权登记日（即2019年12月13日，T-1日）收市后中国结算深圳分公司登记在册的发行人原A股股东。（2）网上发行：中华人民共和国境内持有深交所证券账户的社会公众投资者，包括：自然人、法人、证券投资基金等（国家法律、法规禁止者除外）。（3）网下发行：持有深交所证券账户的机构投资者，包括：根据《中华人民共和国证券投资基金法》批准设立的证券投资基金和法律法规允许申购的法人，以及符合法律法规规定的其它机构投资者。（4）本次发行的主承销商及承销团成员的自营账户不得参与本次申购。,深交所综合协议交易平台,余额包销,"年产30万吨聚氯乙烯及配套项目,补充流动资金",3.98,2020-06-22,2019-12-13,2019-12-16,072002,鸿达发债,100.0,0.1,0.1,2019-12-18,2019-12-16,100.0,2025-12-16,2019-12-16,002002,代办转让,2019年鸿达兴业股份有限公司公开发行可转换公司债券
128083,新北转债,2019-12-10,2019-12-12,2019-12-12,87700.0,87700.0,100,100.0,"网上网下优先配售,交易所系统网上向社会公众投资者发行",1、向发行人原股东优先配售：发行公告公布的股权登记日（即2019年12月11日，T-1日）收市后中国结算深圳分公司登记在册的发行人所有股东。2、网上发行：中华人民共和国境内持有深交所证券账户的社会公众投资者，包括：自然人、法人、证券投资基金等（法律法规禁止购买者除外）。3、本次发行的承销团成员的自营账户不得参与网上申购。,深交所综合协议交易平台,余额包销,"自助智能零售终端设备研发与产业化项目,补充流动资金",11.9,2020-06-18,2019-12-11,2019-12-12,072376,新北发债,100.0,0.1,0.1,2019-12-16,2019-12-12,100.0,2024-12-26,2019-12-12,002376,深交所,2019年山东新北洋信息技术股份有限公司公开发行可转换公司债券
123036,先导转债,2019-12-07,2019-12-11,2019-12-11,100000.0,100000.0,100,100.0,"网上网下优先配售,交易所系统网上向社会公众投资者发行",（1）向发行人原股东优先配售：发行公告公布的股权登记日（2019年12月10日，T-1日）收市后登记在册的发行人所有股东。（2）网上发行：中华人民共和国境内持有深交所证券账户的社会公众投资者，包括：自然人、法人、证券投资基金等（法律法规禁止购买者除外）。（3）本次发行的承销团成员的自营账户不得参与网上申购。,深交所综合协议交易平台,余额包销,"年产2,000台电容器、光伏组件、锂电池自动化专用设备项目,先导研究院建设项目,补充流动资金,信息化智能化升级改造项目",39.15,2020-06-17,2019-12-10,2019-12-11,370450,先导发债,100.0,0.1,0.1,2019-12-13,2019-12-11,100.0,2020-12-09,2019-12-11,300450,深交所,无锡先导智能装备股份有限公司公开发行可转换公司债券
128082,华锋转债,2019-12-02,2019-12-04,2019-12-04,35240.0,35240.0,100,100.0,"网上优先配售,交易所系统网上向社会公众投资者发行",（1）向发行人原股东优先配售：本发行公告公布的股权登记日（2019年12月3日，T-1日）收市后中国结算深圳分公司登记在册的发行人所有股东。（2）网上发行：中华人民共和国境内持有深交所证券账户的社会公众投资者，包括：自然人、法人、证券投资基金等（法律法规禁止购买者除外）。（3）本次发行的承销团成员的自营账户不得参与本次申购。,深交所综合协议交易平台,余额包销,"新能源汽车智能控制系统仿真分析中心建设项目,永久补充流动资金,新能源汽车动力系统平台智能制造研发及产业化建设项目(一期),新能源商用车电控及驱动系统研发及产业化建设项目(一期)",13.17,2020-06-10,2019-12-03,2019-12-04,072806,华锋发债,100.0,0.1,0.1,2019-12-06,2019-12-04,100.0,2025-07-21,2019-12-04,002806,深交所,2019年广东华锋新能源科技股份有限公司公开发行可转换公司债券
113552,克来转债,2019-11-28,2019-12-02,2019-12-02,18000.0,18000.0,100,100.0,"网上网下优先配售,交易所系统网上向社会公众投资者发行",（1）向原股东优先配售：本发行公告公布的股权登记日（即2019年11月29日，T-1日）收市后登记在册的发行人原A股股东。（2）网上发行：中华人民共和国境内持有上交所证券账户的境内自然人、法人、证券投资基金以及符合法律法规规定的其他投资者（法律法规禁止购买者除外）。（3）本次发行的承销团成员的自营账户不得参与网上申购。,上交所固定收益平台,余额包销,智能制造生产线扩建项目,27.86,2020-06-08,2019-11-29,2019-12-02,754960,克来发债,100.0,0.1,0.1,2019-12-04,2019-12-02,100.0,2020-08-06,2019-12-02,603960,上交所,上海克来机电自动化工程股份有限公司公开发行可转换公司债券
110062,烽火转债,2019-11-28,2019-12-02,2019-11-28,308835.0,308835.0,100,100.0,"网上网下优先配售,交易所系统网上向社会公众投资者发行,交易所系统网下向机构投资者协议发行",（1）向发行人原股东优先配售：发行公告公布的股权登记日（2019年11月29日，T-1日）收市后登记在册的发行人所有股东。（2）网上发行：持有中国证券登记结算有限责任公司上海分公司证券账户的自然人、法人、证券投资基金、符合法律规定的其他投资者等（国家法律、法规禁止者除外）。（3）网下发行：持有上交所证券账户的机构投资者，包括根据《中华人民共和国证券投资基金法》批准设立的证券投资基金和法律法规允许申购的法人，以及符合法律法规规定的其他机构投资者。（4）本次发行的承销团成员的自营账户不得参与网上及网下申购。,上交所固定收益平台,余额包销,"5G承载网络系统设备研发及产业化项目,信息安全监测预警系统研发及产业化项目,下一代宽带接入系统设备研发及产业化项目,下一代光通信核心芯片研发及产业化项目,烽火锐拓光纤预制棒项目（一期）",25.99,2020-06-08,2019-11-29,2019-12-02,733498,烽火发债,100.0,0.1,0.1,2019-12-04,2019-12-02,100.0,2025-12-01,2019-12-02,600498,上交所,2019年烽火通信科技股份有限公司公开发行可转换公司债券
128081,海亮转债,2019-11-19,2019-11-21,2019-11-20,315000.01,315000.0,100,100.0,"网上网下优先配售,交易所系统网上向社会公众投资者发行,交易所系统网下向机构投资者协议发行",（1）向原股东优先配售：发行公告公布的股权登记日（即2019年11月20日，T-1日）收市后中国结算深圳分公司登记在册的发行人所有股东。（2）网上发行：在深交所开立证券账户的境内自然人、法人、证券投资基金以及符合法律法规规定的其他投资者（法律法规禁止购买者除外）。（3）网下发行：持有深交所证券账户的机构投资者，包括：根据《中华人民共和国证券投资基金法》批准设立的证券投资基金和法律法规允许申购的法人，以及符合法律法规规定的其它机构投资者。（4）本次发行的承销团成员的自营账户不得参与网上及网下申购。,深交所综合协议交易平台,余额包销,"有色金属材料深（精）加工项目（一期）,年产6万吨空调制冷管智能化生产线项目,年产3万吨高效节能环保精密铜管智能制造项目,扩建年产5万吨高效节能环保精密铜管信息化生产线项目,年产7万吨空调制冷用铜及铜合金精密无缝管智能化制造项目,年产17万吨铜及铜合金棒材建设项目（一期项目）,补流还贷项目",9.83,2020-05-27,2019-11-20,2019-11-21,072203,海亮发债,100.0,0.1,0.1,2019-11-25,2019-11-21,100.0,2025-11-21,2019-11-21,002203,深交所,2019年浙江海亮股份有限公司公开发行可转换公司债券
113550,常汽转债,2019-11-14,2019-11-18,2019-11-18,99242.4,99242.0,100,100.0,"网上网下优先配售,交易所系统网上向社会公众投资者发行",（1）向发行人原股东优先配售：本发行公告公布的股权登记日（2019年11月15日，T-1日）收市后登记在册的发行人所有股东。（2）网上发行：在上交所开立证券账户的境内自然人、法人、证券投资基金以及符合法律法规规定的其他投资者（法律法规禁止购买者除外）。（3）本次发行的承销团成员的自营账户不得参与本次申购。,上交所固定收益平台,余额包销,"常熟汽车内饰件生产线扩建项目,偿还银行贷款及补充流动资金,余姚年产54.01万套/件汽车内饰件项目,上饶年产18.9万套/件汽车内饰件项目",9.93,2020-05-22,2019-11-15,2019-11-18,754035,常汽发债,100.0,0.1,0.1,2019-11-20,2019-11-18,100.0,2022-04-18,2019-11-18,603035,上交所,常熟市汽车饰件股份有限公司公开发行可转换公司债券
113549,白电转债,2019-11-13,2019-11-15,2019-11-15,88000.0,88000.0,100,100.0,"网上网下优先配售,交易所系统网上向社会公众投资者发行",（1）向发行人原股东优先配售：发行公告公布的股权登记日（2019年11月14日，T-1日）收市后中国结算上海分公司登记在册的发行人所有股东。（2）网上发行：持有中国证券登记结算有限责任公司上海分公司证券账户的自然人、法人、证券投资基金、符合法律规定的其他投资者等（国家法律、法规禁止者除外）。（3）本次发行的承销团成员的自营账户不得参与网上申购。,上交所固定收益平台,余额包销,"高端智能化配电设备产业基地建设项目,补充流动资金",8.99,2020-05-21,2019-11-14,2019-11-15,754861,白电发债,100.0,0.1,0.1,2019-11-19,2019-11-15,100.0,2025-08-28,2019-11-15,603861,上交所,2019年广州白云电器设备股份有限公司公开发行可转换公司债券
113551,福特转债,2019-11-14,2019-11-18,2019-11-15,110000.0,110000.0,100,100.0,"网上优先配售,交易所系统网上向社会公众投资者发行,交易所系统网下向机构投资者协议发行",（1）向发行人原股东优先配售：发行公告公布的股权登记日（2019年11月15日，T-1日）收市后登记在册的发行人所有股东。（2）网上发行：中华人民共和国境内持有上交所证券账户的社会公众投资者，包括：自然人、法人、证券投资基金以及符合法律法规规定的其他投资者（法律法规禁止购买者除外）。（3）网下发行：持有上交所证券账户的机构投资者，包括根据《中华人民共和国证券投资基金法》批准设立的证券投资基金和法律法规允许申购的法人，以及符合法律法规规定的其他机构投资者。（4）本次发行的承销团成员的自营账户不得参与网上及网下申购。,上交所固定收益平台,余额包销,"年产2.5亿平方米白色EVA胶膜技改项目,年产2.16亿平方米感光干膜项目,年产2亿平方米POE封装胶膜项目（一期）",41.04,2020-05-22,2019-11-15,2019-11-18,754806,福特发债,100.0,0.1,0.1,2019-11-20,2019-11-18,100.0,2020-07-15,2019-11-18,603806,上交所,杭州福斯特应用材料股份有限公司公开发行可转换公司债券
128080,顺丰转债,2019-11-14,2019-11-18,2019-11-15,580000.0,580000.0,100,100.0,"网上网下优先配售,交易所系统网上向社会公众投资者发行,交易所系统网下向机构投资者协议发行",（1）向发行人原股东优先配售：本发行公告公布的股权登记日（2019年11月15日，T-1日）收市后登记在册的发行人所有普通股股东。（2）网上发行：持有深交所证券账户的社会公众投资者，包括：自然人、法人、证券投资基金以及符合法律法规规定的其他投资者（法律法规禁止购买者除外）。（3）网下发行：持有深交所证券账户的机构投资者，包括根据《中华人民共和国证券投资基金法》批准设立的证券投资基金和法律法规允许申购的法人，以及符合法律法规规定的其他机构投资者。（4）本次发行的承销团成员的自营账户不得参与网上及网下申购。,深交所综合协议交易平台,余额包销,"飞机购置及航材购置维修项目,速运设备自动化升级项目,陆路运力提升项目,偿还银行贷款,智慧物流信息系统建设项目",40.41,2020-05-22,2019-11-15,2019-11-18,072352,顺丰发债,100.0,0.1,0.1,2019-11-20,2019-11-18,100.0,2020-08-03,2019-11-18,002352,深交所,顺丰控股股份有限公司公开发行可转换公司债券
123035,利德转债,2019-11-12,2019-11-14,2019-11-14,80000.0,80000.0,100,100.0,"网上网下优先配售,交易所系统网上向社会公众投资者发行",（1）向发行人原股东优先配售：本发行公告公布的股权登记日（2019年11月13日，T-1日）收市后中国结算深圳分公司登记在册的发行人所有股东。（2）网上发行：中华人民共和国境内持有深交所证券账户的社会公众投资者，包括：自然人、法人、证券投资基金等（法律法规禁止购买者除外）。（3）本次发行的承销团成员的自营账户不得参与本次申购。,深交所综合协议交易平台,余额包销,"LED应用产业南方总部项目,LED应用产业园建设项目,补充流动资金,利亚德（西安）智能研发中心项目",7.04,2020-05-20,2019-11-13,2019-11-14,370296,利德发债,100.0,0.1,0.1,2019-11-18,2019-11-14,100.0,2025-01-09,2019-11-14,300296,深交所,2019年利亚德光电股份有限公司创业板公开发行可转换公司债券
110061,川投转债,2019-11-07,2019-11-11,2019-11-08,400000.0,400000.0,100,100.0,"网上优先配售,交易所系统网上向社会公众投资者发行,交易所系统网下向机构投资者协议发行",1）向发行人原股东优先配售：发行公告公布的股权登记日（2019年11月8日，T-1日）收市后在中国结算上海分公司登记在册的发行人所有股东；（2）网上发行：持有中国证券登记结算有限责任公司上海分公司证券账户的自然人、法人、证券投资基金、符合法律规定的其他投资者等（国家法律、法规禁止者除外）；（3）网下发行：持有上交所证券账户的机构投资者，包括根据《中华人民共和国证券投资基金法》批准设立的证券投资基金和法律法规允许申购的法人，以及符合法律法规规定的其他机构投资者；（4）本次发行的承销团成员的自营账户不得参与网上及网下申购。,上交所固定收益平台,余额包销,雅砻江水电的杨房沟水电站项目建设,9.92,2020-05-15,2019-11-08,2019-11-11,733674,川投发债,100.0,0.1,0.1,2019-11-13,2019-11-11,100.0,2024-01-31,2019-11-11,600674,上交所,2019年四川川投能源股份有限公司公开发行可转换公司债券
123034,通光转债,2019-10-31,2019-11-04,2019-11-04,29700.0,29700.0,100,100.0,"网上网下优先配售,交易所系统网上向社会公众投资者发行",（1）向原股东优先配售：本发行公告公布的股权登记日（即2019年11月1日，T-1日）收市后登记在册的发行人原A股股东。（2）网上发行：持有深交所证券账户的社会公众投资者，包括：自然人、法人、证券投资基金等（法律法规禁止购买者除外）。（3）本次发行的承销团成员的自营账户不得参与网上申购。,深交所综合协议交易平台,余额包销,"高端器件装备用电子线缆扩建项目,年产7000公里防火电缆新建项目,年产200公里能源互联领域用中压海底线缆新建项目",7.98,2020-05-08,2019-11-01,2019-11-04,370265,通光发债,100.0,0.1,0.1,2019-11-06,2019-11-04,100.0,2025-11-03,2019-11-04,300265,深交所,2019年江苏通光电子线缆股份有限公司可转换公司债券
123033,金力转债,2019-10-30,2019-11-01,2019-11-01,43500.0,43500.0,100,100.0,"向原股东配售,上网定价发行",公司原股东：发行公告公布的股权登记日收市后中国结算深圳分公司登记在册的公司所有A股股东；社会公众投资者：持有中国证券登记结算有限责任公司深圳分公司证券账户的自然人、法人、证券投资基金等。 ,深圳证券交易所,余额包销,智能制造工厂升级改造项目；补充流动资金,41.2,2020-05-07,2019-10-31,2019-11-01,370748,金力发债,100.0,0.1,0.1,2019-11-05,2019-11-01,100.0,2025-10-31,2019-11-01,300748,深交所,江西金力永磁科技股份有限公司公开发行可转换公司债券
113548,石英转债,2019-10-24,2019-10-28,2019-10-28,36000.0,36000.0,100,100.0,"向原股东配售,上网定价发行",公司原股东：股权登记日收市后登记在册的公司所有股东；社会公众投资者：在上交所开立证券账户的境内自然人、法人、证券投资基金以及符合法律法规规定的其他投资者。,上海证券交易所,余额包销,"年产6,000吨电子级石英产品项目",15.25,2020-05-01,2019-10-25,2019-10-28,754688,石英发债,100.0,0.1,0.1,2019-10-30,2019-10-28,100.0,2025-10-27,2019-10-28,603688,上交所,江苏太平洋石英股份有限公司公开发行可转换公司债券
110059,浦发转债,2019-10-24,2019-10-28,2019-10-25,5000000.0,5000000.0,100,100.0,"向原股东配售,上网定价发行,网下询价发行",公司原股东：股权登记日收市后登记在册的公司所有股东；社会公众投资者：在上交所开立证券账户的境内自然人、法人、证券投资基金以及符合法律法规规定的其他投资者。,上海证券交易所；保荐机构（主承销商）处,余额包销,补充公司核心一级资本。,15.05,2020-05-04,2019-10-25,2019-10-28,733000,浦发发债,100.0,0.1,0.1,2019-10-30,2019-10-28,100.0,2025-10-27,2019-10-28,600000,上交所,2019年上海浦东发展银行股份有限公司公开发行可转换公司债券
110060,天路转债,2019-10-24,2019-10-28,2019-10-25,108698.8,108699.0,100,100.0,"网上优先配售,交易所系统网上向社会公众投资者发行,交易所系统网下向机构投资者协议发行",（1）向发行人原股东优先配售：发行公告公布的股权登记日（2019年10月25日，T-1日）收市后登记在册的发行人所有股东。（2）网上发行：中华人民共和国境内持有上交所证券账户的社会公众投资者，包括：自然人、法人、证券投资基金以及符合法律法规规定的其他投资者（法律法规禁止购买者除外）。（3）网下发行：持有上交所证券账户的机构投资者，包括根据《中华人民共和国证券投资基金法》批准设立的证券投资基金和法律法规允许申购的法人，以及符合法律法规规定的其他机构投资者（4）本次发行的承销团成员的自营账户不得参与网上申购和网下申购。,上交所固定收益平台,余额包销,"昌都新建2,000t/d熟料新型干法水泥生产线（二期）项目,林芝年产90万吨环保型水泥粉磨站项目,日喀则年产60万立方米商品混凝土扩建环保改造项目,补充流动资金,重交再生股份收购及增资项目",7.24,2020-05-06,2019-10-25,2019-10-28,733326,天路发债,100.0,0.1,0.1,2019-10-30,2019-10-28,100.0,2025-10-27,2019-10-28,600326,上交所,2019年西藏天路股份有限公司可转换公司债券
127014,北方转债,2019-10-22,2019-10-24,2019-10-24,57821.0,57821.0,100,100.0,"向原股东配售,上网定价发行","原股东配售：本发行公告公布的股权登记日(2019年 10月23日,T-1日)收市后中国结算深圳分公司登记在册的发行人所有股东;网上发行：中华人民共和国境内持有深交所证券账户的社会公众投资者等。",深圳证券交易所,余额包销,收购克罗地亚能源项目股份公司76%股份；增资克罗地亚能源项目股份公司，用于建设“塞尼 156MW 风电项目”,8.84,2020-04-30,2019-10-23,2019-10-24,070065,北方发债,100.0,0.1,0.1,2019-10-28,2019-10-24,100.0,2025-10-23,2019-10-24,000065,深交所,2019年北方国际合作股份有限公司公开发行可转换公司债券
113546,迪贝转债,2019-10-19,2019-10-23,2019-10-23,22993.0,22993.0,100,100.0,"网上网下优先配售,交易所系统网上向社会公众投资者发行",（1）向发行人原股东优先配售：本发行公告公布的股权登记日（2019年10月22日，T-1日）收市后中国结算上海分公司登记在册的发行人所有股东。（2）网上发行：在上交所开立证券账户的境内自然人、法人、证券投资基金以及符合法律法规规定的其他投资者（法律法规禁止购买者除外）。（3）本次发行的承销团成员的自营账户不得参与本次申购。,上交所固定收益平台,余额包销,"高效家用空调压缩机电机建设项目,智能仓储物流与信息化管理平台建设项目,变频压缩机电机控制器建设项目",18.45,2020-04-29,2019-10-22,2019-10-23,754320,迪贝发债,100.0,0.1,0.1,2019-10-25,2019-10-23,100.0,2025-02-18,2019-10-23,603320,上交所,2019年浙江迪贝电气股份有限公司可转换公司债券
113547,索发转债,2019-10-22,2019-10-24,2019-10-23,94500.0,94500.0,100,100.0,"网上网下优先配售,交易所系统网上向社会公众投资者发行,交易所系统网下向机构投资者协议发行",1、向发行人的原股东优先配售：本发行公告公布的股权登记日（即2019年10月23日，T-1日）收市后中国结算上海分公司登记在册的发行人A股股东。2、网上发行：持有上交所证券账户的自然人、法人、证券投资基金、符合法律法规规定的其他投资者（国家法律、法规禁止者除外）。3、网下发行：持有上交所证券账户的机构投资者，包括根据《中华人民共和国证券投资基金法》批准设立的证券投资基金和法律法规允许申购的法人，以及符合法律法规规定的其他机构投资者。,上交所固定收益平台,余额包销,"云南索通云铝炭材料有限公司600kt/a（900kt/a项目一期）高电流密度节能型炭材料及余热发电项目,收购重庆锦旗碳素有限公司部分股权,向重庆锦旗碳素有限公司增资用于扩建160kt/a碳素项目,嘉峪关索通预焙阳极有限公司54室焙烧炉节能改造项目,补充流动资金",10.67,2020-04-30,2019-10-23,2019-10-24,754612,索发发债,100.0,0.1,0.1,2019-10-28,2019-10-24,100.0,2020-09-15,2019-10-24,603612,上交所,索通发展股份有限公司公开发行可转换公司债券
128078,太极转债,2019-10-17,2019-10-21,2019-10-21,100000.0,100000.0,100,100.0,"网上优先配售,交易所系统网上向社会公众投资者发行",（1）向发行人原股东优先配售：本发行公告公布的股权登记日（2019年10月18日，T-1日）收市后中国结算深圳分公司登记在册的发行人所有股东。（2）中华人民共和国境内持有深交所证券账户的社会公众投资者，包括：自然人、法人、证券投资基金等（法律法规禁止购买者除外）。（3）本次发行的承销团成员的自营账户不得参与本次申购。,深交所综合协议交易平台,余额包销,"太极自主可控关键技术和产品研发及产业化项目,工业互联网服务平台建设项目（北京）,补充流动资金,太极工业互联网服务平台建设项目（西安）,收购慧点科技少数股东持有的9%股权,太极云计算中心和云服务体系建设项目",31.61,2020-04-27,2019-10-18,2019-10-21,072368,太极发债,100.0,0.1,0.1,2019-10-23,2019-10-21,100.0,2023-04-20,2019-10-21,002368,深交所,2019年太极计算机股份有限公司公开发行可转换公司债券
128079,英联转债,2019-10-17,2019-10-21,2019-10-21,21400.0,21400.0,100,100.0,"向原股东配售,上网定价发行",（1）向原股东优先配售：股权登记日收市后中国结算深圳分公司登记在册的公司所有股东。（2）向社会公众投资者网上发行：中华人民共和国境内持有深交所证券账户的社会公众投资者。,深圳证券交易所,余额包销,"本次公开发行可转换公司债券拟募集资金总额不超过21,400万元（含21,400万元），募集资金拟用于：1、收购满贯包装76.60%的股权；2、智能生产基地建设。",13.54,2020-04-27,2019-10-18,2019-10-21,072846,英联发债,100.0,0.1,0.1,2019-10-23,2019-10-21,100.0,2025-10-21,2019-10-21,002846,深交所,2019年广东英联包装股份有限公司可转换公司债券
128077,华夏转债,2019-10-14,2019-10-16,2019-10-16,79000.0,79000.0,100,,"上网定价发行,网上优先配售",1、向发行人原股东优先配售：发行公告公布的股权登记日收市后中国结算深圳分公司登记在册的发行人所有股东。2、网上发行：中华人民共和国境内持有深交所证券账户的社会公众投资者。,深圳证券交易所,余额包销,购买2架A320系列飞机,10.52,2020-04-22,2019-10-15,2019-10-16,072928,华夏发债,100.0,0.1,0.1,2019-10-18,2019-10-16,100.0,2025-10-16,2019-10-16,002928,深交所,华夏航空股份有限公司公开发行可转换公司债券
128076,金轮转债,2019-10-10,2019-10-14,2019-10-14,21400.0,21400.0,100,100.0,"网上网下优先配售,交易所系统网上向社会公众投资者发行",（1）向原股东优先配售：本发行公告公布的股权登记日（即2019年10月11日，T-1日）收市后登记在册的发行人股东。（2）向社会公众投资者网上发行：持有中国证券登记结算有限责任公司深圳分公司证券账户的自然人、法人、证券投资基金、符合法律规定的其他投资者等（国家法律、法规禁止者除外）。（3）本次发行的承销团成员的自营账户不得参与网上申购。,深交所综合协议交易平台,余额包销,高端不锈钢装饰板生产项目,14.96,2020-04-20,2019-10-11,2019-10-14,072722,金轮发债,100.0,0.1,0.1,2019-10-16,2019-10-14,100.0,2025-10-14,2019-10-14,002722,深交所,2019年金轮蓝海股份有限公司可转换公司债券
113545,金能转债,2019-10-10,2019-10-14,2019-10-11,150000.0,150000.0,100,100.0,"向原股东配售,上网定价发行,网下询价发行",（1）向发行人原股东优先配售：股权登记日收市后登记在册的发行人所有股东。（2）网上发行：中华人民共和国境内持有上交所证券账户的社会公众投资者。（3）网下发行：持有上交所证券账户的机构投资者。,上海证券交易所；保荐机构（主承销商）处,余额包销,90万吨/年丙烷脱氢与8×6万吨/年绿色炭黑循环利用项目,11.55,2020-04-18,2019-10-11,2019-10-14,754113,金能发债,100.0,0.1,0.1,2019-10-16,2019-10-14,100.0,2025-10-13,2019-10-14,603113,上交所,2019年金能科技股份有限公司公开发行A股可转换公司债券
123032,万里转债,2019-10-09,2019-10-11,2019-10-11,18029.0,18029.0,100,100.0,"上网定价发行,向原股东配售",公司原股东：发行公告公布的股权登记日（即2019年10月10日，T-1日）收市后中国结算深圳分公司登记在册的公司所有A股股东；社会公众投资者：持有中国证券登记结算有限责任公司深圳分公司证券账户等其他投资者。,全国所有与深交所交易系统联网的证券交易网点。,余额包销,智能制造升级建设项目、研发中心升级建设项目、信息化升级建设项目,6.92,2020-04-17,2019-10-10,2019-10-11,370591,万里发债,100.0,0.1,0.1,2019-10-15,2019-10-11,100.0,2025-10-10,2019-10-11,300591,深交所,广东万里马实业股份有限公司公开发行可转换公司债券
128074,游族转债,2019-09-19,2019-09-23,2019-09-23,115000.0,115000.0,100,100.0,"网上网下优先配售,交易所系统网上向社会公众投资者发行",（1）向原股东优先配售：本发行公告公布的股权登记日（即2019年9月20日，T-1日）收市后登记在册的发行人原A股股东。（2）网上发行：中华人民共和国境内持有深交所证券账户的社会公众投资者，包括：自然人、法人、证券投资基金等（法律法规禁止购买者除外）。（3）本次发行的承销团成员的自营账户不得参与网上申购。,深交所综合协议交易平台,余额包销,"网络游戏开发及运营建设项目,网络游戏运营平台升级建设项目,补充流动资金",17.06,2020-03-27,2019-09-20,2019-09-23,072174,游族发债,100.0,0.1,0.1,2019-09-25,2019-09-23,100.0,2025-09-23,2019-09-23,002174,深交所,2019年游族网络股份有限公司可转换公司债券
128075,远东转债,2019-09-19,2019-09-23,2019-09-23,89370.0,89370.0,100,100.0,"向原股东配售,上网定价发行,网下询价发行",（1）原股东优先配售：股权登记日收市后中在册的发股东。（2）网上发行：持有中国结算深圳分公司证券账户的投资者。（3）网下发行：持有中国结算深圳分公司证券账户的机构投资者。,网上发行地点：全国所有与深交所交易系统联网的证券交易网点。网下发行地点：在保荐机构（主承销商）华创证券处进行。,余额包销,,5.79,2020-03-27,2019-09-20,2019-09-23,072406,远东发债,100.0,0.1,0.1,2019-09-25,2019-09-23,100.0,2025-09-23,2019-09-23,002406,深交所,2019年许昌远东传动轴股份有限公司公开发行可转换公司债券
113544,桃李转债,2019-09-18,2019-09-20,2019-09-20,100000.0,100000.0,100,100.0,"网上优先配售,交易所系统网上向社会公众投资者发行",（1）向发行人原股东优先配售：发行公告公布的股权登记日（2019年9月19日，T-1日）收市后登记在册的发行人所有股东。（2）网上发行：持有中国证券登记结算有限责任公司上海分公司证券账户的自然人、法人、证券投资基金、符合法律规定的其他投资者等（国家法律、法规禁止者除外）。（3）本次发行的承销团成员的自营账户不得参与网上申购。,上交所固定收益平台,余额包销,"江苏桃李面包有限公司一期投资项目,四川桃李面包有限公司烘焙食品生产项目,浙江桃李面包有限公司生产基地建设项目,青岛桃李食品烘培食品生产基地项目",47.54,2020-03-26,2019-09-19,2019-09-20,754866,桃李发债,100.0,0.1,0.1,2019-09-24,2019-09-20,100.0,2020-09-17,2019-09-20,603866,上交所,桃李面包股份有限公司公开发行可转换公司债券
123031,晶瑞转债,2019-08-27,2019-08-29,2019-08-29,18500.0,18500.0,100,100.0,"向原股东配售,上网定价发行",向公司原股东优先配售，原股东优先配售后余额部分（含原股东放弃优先配售部分）通过深交所交易系统网上向社会公众投资者发行。,深圳证券交易所,余额包销,新建年产8.7万吨光电显示、半导体用新材料项目，补充流动资金,18.38,2020-03-05,2019-08-28,2019-08-29,370655,晶瑞发债,100.0,0.1,0.1,2019-09-02,2019-08-29,100.0,2025-08-28,2019-08-29,300655,深交所,2019年苏州晶瑞化学股份有限公司可转换公司债券
128073,哈尔转债,2019-08-20,2019-08-22,2019-08-22,30000.0,30000.0,100,,"上网定价发行,向原股东配售",向原股东配售：股权登记日收市后登记在册的发行人股东。社会公众投资者：在深交所开立证券账户的境内自然人、法人、证券投资基金以及符合法律法规规定的其他投资者。,深圳证券交易所；保荐机构（主承销商）处。,余额包销,1、年产800万只SIGG高端杯生产线建设项目；2、偿还银行贷款。,5.8,2020-02-28,2019-08-21,2019-08-22,072615,哈尔发债,100.0,0.1,0.1,2019-08-26,2019-08-22,100.0,2024-08-22,2019-08-22,002615,深交所,2019年浙江哈尔斯真空器皿股份有限公司可转换公司债券
123030,九洲转债,2019-08-16,2019-08-20,2019-08-20,30800.0,30800.0,100,100.0,"向原股东配售,上网定价发行",向原股东优先配售，原股东优先配售后余额部分（含原股东放弃优先配售部分）通过深交所交易系统网上向社会公众投资者定价发行。,深圳证券交易所,余额包销,大庆大岗风电场项目（48MW）、大庆平桥风电场项目（48MW）,5.7,2020-02-27,2019-08-19,2019-08-20,370040,九洲发债,100.0,0.1,0.1,2019-08-22,2019-08-20,100.0,2025-08-19,2019-08-20,300040,深交所,哈尔滨九洲电气股份有限公司公开发行可转换公司债券
128072,翔鹭转债,2019-08-16,2019-08-20,2019-08-20,30189.69,30192.23,100,,"上网定价发行,向原股东配售",向原股东配售：股权登记日收市后登记在册的发行人股东。社会公众投资者：在深交所开立证券账户的境内自然人、法人、证券投资基金以及符合法律法规规定的其他投资者。,深圳证券交易所；保荐机构（主承销商）处。,余额包销,1、年产800t特种超硬合金智能化生产项目；2、年产600万支精密特种硬质合金切削工具智能制造项目。,15.36,2020-02-26,2019-08-19,2019-08-20,072842,翔鹭发债,100.0,0.1,0.1,2019-08-22,2019-08-20,100.0,2025-08-19,2019-08-20,002842,深交所,2019年广东翔鹭钨业股份有限公司公开发行可转换公司债券
113543,欧派转债,2019-08-14,2019-08-16,2019-08-16,149500.0,149500.0,100,100.0,"网上网下优先配售,交易所系统网上向社会公众投资者发行",（1）向发行人原股东优先配售：发行公告公布的股权登记日（2019年8月15日，T-1日）收市后登记在册的发行人所有股东。（2）网上发行：持有中国证券登记结算有限责任公司上海分公司证券账户的自然人、法人、证券投资基金、符合法律规定的其他投资者等（国家法律、法规禁止者除外）。（3）本次发行的承销团成员的自营账户不得参与网上申购。,上交所固定收益平台,余额包销,"清远生产基地（二期）建设项目,成都欧派智能家居建设项目,无锡生产基地（二期）建设项目",101.46,2020-02-24,2019-08-15,2019-08-16,754833,欧派发债,100.0,0.1,0.1,2019-08-20,2019-08-16,100.0,2021-07-09,2019-08-16,603833,上交所,欧派家居集团股份有限公司公开发行可转换公司债券
123029,英科转债,2019-08-14,2019-08-16,2019-08-16,47000.0,47000.0,100,100.0,"向原股东配售,上网定价发行",本次发行向原股东优先配售，原股东优先配售后余额部分（含原股东放弃优先配售部分）采用网上向社会公众投资者通过深交所交易系统发售的方式进行,深圳证券交易所,余额包销,年产110.8亿只（1108万箱）高端医用手套项目,16.25,2020-02-24,2019-08-15,2019-08-16,370677,英科发债,100.0,0.1,0.1,2019-08-20,2019-08-16,100.0,2025-08-15,2019-08-16,300677,深交所,2019年山东英科医疗用品股份有限公司创业板公开发行可转换公司债券
128071,合兴转债,2019-08-14,2019-08-16,2019-08-15,59575.0,59575.0,100,100.0,"向原股东配售,上网定价发行,网下询价发行",向原股东配售：股权登记日收市后登记在册的发行人股东。社会公众投资者：在深交所开立证券账户的境内自然人、法人、证券投资基金以及符合法律法规规定的其他投资者。网下发行：持有深交所证券账户的机构投资者。,深圳证券交易所；保荐机构（主承销商）处。,包销,1、环保包装工业4.0智能工厂建设项目；2、青岛合兴包装有限公司纸箱生产建设项目。,4.38,2020-02-24,2019-08-15,2019-08-16,072228,合兴发债,100.0,0.1,0.1,2019-08-20,2019-08-16,100.0,2025-08-16,2019-08-16,002228,深交所,2019年厦门合兴包装印刷股份有限公司公开发行可转换公司债券
113542,好客转债,2019-07-30,2019-08-01,2019-08-01,63000.0,63000.0,100,100.0,"向原股东配售,上网定价发行",原股东：股权登记日收市后中国结算上海分公司登记在册的发行人所有股东；社会公众投资者：在上交所开立证券账户的境内自然人、法人、证券投资基金以及符合法律法规规定的其他投资者。,上海证券交易所；保荐机构（主承销商）广发证券处。,余额包销,汉川定制家居工业4.0制造基地项目,16.62,2020-02-07,2019-07-31,2019-08-01,754898,好客发债,100.0,0.1,0.1,2019-08-05,2019-08-01,100.0,2025-07-31,2019-08-01,603898,上交所,2019年广州好莱客创意家居股份有限公司公开发行可转换公司债券
113541,荣晟转债,2019-07-19,2019-07-23,2019-07-23,33000.0,33000.0,100,100.0,"向原股东配售,网上询价发行",向发行人原股东优先配售：发行公告公布的股权登记日收市后中国证券登记结算有限责任公司上海分公司登记在册的公司全体股东。网上发行：持有中国证券登记结算有限责任公司上海分公司证券账户的自然人、法人等。,上海证券交易所；保荐机构（主承销商）华福证券处。,余额包销,募集资金总额扣除发行费用后拟投资于“年产3亿平方米新型智能包装材料建设项目”和“绿色节能升级改造项目”。,18.72,2020-01-29,2019-07-22,2019-07-23,754165,荣晟发债,100.0,0.1,0.1,2019-07-25,2019-07-23,100.0,2025-07-22,2019-07-23,603165,上交所,浙江荣晟环保纸业股份有限公司公开发行可转换公司债券
113540,南威转债,2019-07-11,2019-07-15,2019-07-12,66000.0,66000.0,100,100.0,"网上网下优先配售,交易所系统网上向社会公众投资者发行,交易所系统网下向机构投资者协议发行",（1）向原股东优先配售：本发行公告公布的股权登记日（即2019年7月12日，T-1日）收市后登记在册的发行人原A股股东。（2）网上发行：中华人民共和国境内持有上交所证券账户的境内自然人、法人、证券投资基金以及符合法律法规规定的其他投资者（法律法规禁止购买者除外）。（3）网下发行：持有上交所证券账户的机构投资者，包括根据《中华人民共和国证券投资基金法》批准设立的证券投资基金和法律法规允许申购的法人，以及符合法律法规规定的其他机构投资者。（4）本次发行的承销团成员的自营账户不得参与网上申购和网下申购。,上交所固定收益平台,余额包销,"智能型“放管服”一体化平台建设项目,公共安全管理平台建设项目,城市通平台建设项目,补充流动资金",10.13,2020-01-20,2019-07-12,2019-07-15,754636,南威发债,100.0,0.1,0.1,2019-07-17,2019-07-15,100.0,2020-03-24,2019-07-15,603636,上交所,南威软件股份有限公司公开发行可转换公司债券
113539,圣达转债,2019-07-01,2019-07-03,2019-07-03,29913.6,29914.0,100,100.0,"网上网下优先配售,交易所系统网上向社会公众投资者发行",（1）向发行人原股东优先配售：本发行公告公布的股权登记日（2019年7月2日，T-1日）收市后中国结算上海分公司登记在册的发行人所有股东。（2）网上发行：在上交所开立证券账户的境内自然人、法人、证券投资基金以及符合法律法规规定的其他投资者（法律法规禁止购买者除外）。（3）本次发行的承销团成员的自营账户不得参与本次申购。,上交所固定收益平台,余额包销,"关于通辽市黄河龙生物工程有限公司股权收购及增资项目,年产1,000吨乳酸链球菌素项目,年产2,000吨蔗糖发酵物项目",28.78,2020-01-09,2019-07-02,2019-07-03,754079,圣达发债,100.0,0.1,0.1,2019-07-05,2019-07-03,100.0,2020-03-10,2019-07-03,603079,上交所,浙江圣达生物药业股份有限公司公开发行可转换公司债券
128070,智能转债,2019-06-28,2019-07-02,2019-07-02,23000.0,23000.0,100,100.0,"向原股东配售,上网定价发行",向原股东配售：股权登记日收市后登记在册的发行人股东。社会公众投资者：持有深交所证券账户的社会公众投资者，包括：自然人、法人、证券投资基金、符合法律规定的其他投资者等（国家法律、法规禁止者除外）。,深圳证券交易所,余额包销,1、特种阀门深加工项目；2、直行程智能控制阀制造基地建设项目,9.55,2020-01-08,2019-07-01,2019-07-02,072877,智能发债,100.0,0.1,0.1,2019-07-04,2019-07-02,100.0,2025-07-02,2019-07-02,002877,深交所,2019年无锡智能自控工程股份有限公司公开发行A股可转换公司债券
113538,安图转债,2019-06-26,2019-06-28,2019-06-28,68297.9,68298.0,100,100.0,"上网定价发行,向原股东配售",（1）向发行人原股东优先配售：发行公告公布的股权登记日收市后登记在册的发行人所有股东。（2）网上发行：中华人民共和国境内持有上交所证券账户的社会公众投资者。,上海证券交易所；保荐机构（主承销商）招商证券处。,余额包销,体外诊断试剂产能扩大项目；安图生物诊断仪器产业园项目：体外诊断仪器研发中心，体外诊断仪器产能扩大，营销网络建设，综合配套,64.11,2020-01-04,2019-06-27,2019-06-28,754658,安图发债,100.0,0.1,0.1,2019-07-02,2019-06-28,100.0,2025-06-27,2019-06-28,603658,上交所,郑州安图生物工程股份有限公司公开发行可转换公司债券
128069,华森转债,2019-06-20,2019-06-24,2019-06-21,30000.0,30000.0,100,100.0,"网下询价发行,向原股东配售,上网定价发行",向原股东配售：股权登记日收市后登记在册的发行人股东。社会公众投资者：在深交所开立证券账户的境内自然人、法人、证券投资基金以及符合法律法规规定的其他投资者。网下发行：持有深交所证券账户的机构投资者。,深圳证券交易所；保荐机构（主承销商）处。,余额包销,第五期新建GMP生产基地项目,18.11,2019-12-30,2019-06-21,2019-06-24,072907,华森发债,100.0,0.1,0.1,2019-06-26,2019-06-24,100.0,2025-06-24,2019-06-24,002907,深交所,2019年重庆华森制药股份有限公司公开发行可转换公司债券
123028,清水转债,2019-06-17,2019-06-19,2019-06-18,49000.0,49000.0,100,100.0,"向原股东配售,上网定价发行,网下询价发行",向原股东配售：股权登记日收市后登记在册的发行人股东。社会公众投资者：在深交所开立证券账户的境内自然人、法人、证券投资基金以及符合法律法规规定的其他投资者。网下发行：持有深交所证券账户的机构投资者。,深圳证券交易所；保荐机构（主承销商）处。,余额包销,1、年产18万吨水处理剂扩建项目；2、补充流动资金,11.95,2019-12-25,2019-06-18,2019-06-19,370437,清水发债,100.0,0.1,0.1,2019-06-21,2019-06-19,100.0,2025-06-18,2019-06-19,300437,深交所,河南清水源科技股份有限公司创业板公开发行可转换公司债券
113028,环境转债,2019-06-14,2019-06-18,2019-06-17,217000.0,217000.0,100,100.0,"网上网下优先配售,交易所系统网上向社会公众投资者发行,交易所系统网下向机构投资者协议发行",（1）向发行人原股东优先配售：发行公告公布的股权登记日（2019年6月17日，T-1日）收市后登记在册的发行人所有股东。（2）网上发行：持有中国证券登记结算有限责任公司上海分公司证券账户的自然人、法人、证券投资基金、符合法律规定的其他投资者等（国家法律、法规禁止者除外）。（3）网下发行：持有上交所证券账户的机构投资者，包括根据《中华人民共和国证券投资基金法》批准设立的证券投资基金和法律法规允许申购的法人，以及符合法律法规规定的其他机构投资者。（4）本次发行的承销团成员的自营账户不得参与网上及网下申购。,上交所固定收益平台,余额包销,"松江区湿垃圾资源化处理工程项目,松江区建筑垃圾资源化处理工程项目,上海天马生活垃圾末端处置综合利用中心二期工程项目,蒙城县生活垃圾焚烧发电PPP项目,成都宝林环保发电厂项目,威海市文登区生活垃圾焚烧发电项目",10.44,2019-12-24,2019-06-17,2019-06-18,783200,环境发债,100.0,0.1,0.1,2019-06-20,2019-06-18,100.0,2020-09-17,2019-06-18,601200,上交所,上海环境集团股份有限公司公开发行可转换公司债券
113027,华钰转债,2019-06-12,2019-06-14,2019-06-13,64000.0,64000.0,100,100.0,"向原股东配售,网下询价发行,上网定价发行",向发行人原股东优先配售:发行公告公布的股权登记日收市后登记在册的发行人所有股东;网上发行：持有上交所证券账户的社会公众投资者;网下发行：持有上交所证券账户的机构投资者。,,余额包销,收购“塔铝金业”封闭式股份公司股权项目,10.17,2019-12-20,2019-06-13,2019-06-14,783020,华钰发债,100.0,0.1,0.1,2019-06-18,2019-06-14,100.0,2025-06-13,2019-06-14,601020,上交所,2019年西藏华钰矿业股份有限公司公开发行可转换公司债券
123026,中环转债,2019-06-05,2019-06-10,2019-06-10,29000.0,29000.0,100,100.0,"上网定价发行,向原股东配售",公司原股东：股权登记日收市后登记在册的公司所有A股股东。社会公众投资者：持有中国证券登记结算有限责任公司深圳分公司证券账户的自然人、法人、证券投资基金、符合法律规定的其他投资者等。,深圳证券交易所,余额包销,桐城市农村生活污水处理PPP项目；滨州市阳信县河流镇陆港物流园区污水处理厂工程PPP项目,12.31,2019-12-16,2019-06-06,2019-06-10,370692,中环发债,100.0,0.1,0.1,2019-06-12,2019-06-10,100.0,2024-06-09,2019-06-10,300692,深交所,安徽中环环保科技股份有限公司公开发行可转换公司债券
123027,蓝晓转债,2019-06-05,2019-06-11,2019-06-10,34000.0,34000.0,100,100.0,"向原股东配售,上网定价发行,网下询价发行",向原股东配售：股权登记日收市后登记在册的发行人所有A股普通股股东。网上发行：持有深交所证券账户的自然人、法人、证券投资基金以及符合法律法规规定的其他投资者。网下发行：持有深交所证券账户的机构投资者。,深圳证券交易所；保荐机构（主承销商）处,余额包销,高陵蓝晓新材料产业园项目,29.59,2019-12-17,2019-06-10,2019-06-11,370487,蓝晓发债,100.0,0.1,0.1,2019-06-13,2019-06-11,100.0,2025-06-10,2019-06-11,300487,深交所,西安蓝晓科技新材料股份有限公司创业板公开发行可转换公司债券
113537,文灿转债,2019-06-05,2019-06-10,2019-06-06,80000.0,80000.0,100,100.0,"网上网下优先配售,交易所系统网上向社会公众投资者发行,交易所系统网下向机构投资者协议发行",（1）向发行人原股东优先配售：本发行公告公布的股权登记日（2019年6月6日，T-1日）收市后中国结算上海分公司登记在册的发行人所有股东。（2）网上发行：中华人民共和国境内持有上交所证券账户的社会公众投资者，包括：自然人、法人、证券投资基金等（法律法规禁止购买者除外）。（3）网下发行：持有上交所证券账户的机构投资者，包括根据《中华人民共和国证券投资基金法》批准设立的证券投资基金和法律法规允许申购的法人，以及符合法律法规规定的其他机构投资者。（4）本次发行的承销团成员的自营账户不得参与网上及网下申购。,上交所固定收益平台,余额包销,"新能源汽车电机壳体、底盘及车身结构件智能制造项目,天津雄邦压铸有限公司精密加工智能制造项目,文灿股份研发中心及信息化项目,大型精密模具设计与制造项目",19.93,2019-12-16,2019-06-06,2019-06-10,754348,文灿发债,100.0,0.1,0.1,2019-06-12,2019-06-10,100.0,2024-12-17,2019-06-10,603348,上交所,2019年广东文灿压铸股份有限公司可转换公司债券
128068,和而转债,2019-05-31,2019-06-04,2019-06-04,54700.0,54700.0,100,100.0,"网上优先配售,交易所系统网上向社会公众投资者发行",（1）向公司原股东优先配售：发行公告公布的股权登记日（即2019年6月3日，T-1日）收市后登记在册的公司所有A股股东。（2）网上发行：中华人民共和国境内持有深交所证券账户的自然人、法人、证券投资基金、符合法律规定的其他投资者等（国家法律、法规禁止者除外）。（3）本次发行的主承销商的自营账户不得参与本次申购。,深交所综合协议交易平台,余额包销,"长三角生产运营基地建设项目,电子制程自动化与大数据运营管控平台系统项目,智慧生活大数据平台系统项目",9.09,2019-12-11,2019-06-03,2019-06-04,072402,和而发债,100.0,0.1,0.1,2019-06-06,2019-06-04,100.0,2020-02-19,2019-06-04,002402,深交所,深圳和而泰智能控制股份有限公司公开发行可转换公司债券
113536,三星转债,2019-05-29,2019-05-31,2019-05-31,19156.5,19157.0,100,100.0,"上网定价发行,向原股东配售",向发原股东优先配售：股权登记日收市后登记在册的所有股东。网上发行：持有中登上海分公司证券账户的自然人、法人、证券投资基金及其他投资者。,网上发行地点：全国所有与上交所交易系统联网的证券交易网点。,余额包销,新增年产315万平方米深加工玻璃项目,19.75,2019-12-06,2019-05-30,2019-05-31,754578,三星发债,100.0,0.1,0.1,2019-06-04,2019-05-31,100.0,2025-05-30,2019-05-31,603578,上交所,浙江三星新材股份有限公司公开发行可转换公司债券
113535,大业转债,2019-05-07,2019-05-09,2019-05-09,50000.0,50000.0,100,100.0,"网上网下优先配售,交易所系统网上向社会公众投资者发行",（1）向发行人原股东优先配售：发行公告公布的股权登记日（2019年5月8日，T-1日）收市后登记在册的发行人所有股东。（2）网上发行：中华人民共和国境内持有中国证券登记结算有限责任公司上海分公司证券账户的自然人、法人、证券投资基金、符合法律规定的其他投资者等（国家法律、法规禁止者除外）。（3）本次发行的承销团成员的自营账户不得参与网上申购。,上交所固定收益平台,余额包销,"子午线轮胎钢丝帘线技术改造项目（三期第一阶段）,补充流动资金",12.56,2019-11-15,2019-05-08,2019-05-09,754278,大业发债,100.0,0.1,0.1,2019-05-13,2019-05-09,100.0,2024-01-15,2019-05-09,603278,上交所,2019年山东大业股份有限公司公开发行可转换公司债券
128067,一心转债,2019-04-17,2019-04-19,2019-04-19,60263.92,60264.0,100,100.0,"上网定价发行,向原股东配售",向原股东优先配售：股权登记日收市后登记在册的发行人原A股股东；网上发行：中华人民共和国境内持有深交所证券账户的社会公众投资者。,深圳证券交易所,余额包销,1、中药饮片产能扩建项目；2、信息化建设项目。,27.28,2019-10-25,2019-04-18,2019-04-19,072727,一心发债,100.0,0.1,0.1,2019-04-23,2019-04-19,100.0,2025-04-19,2019-04-19,002727,深交所,云南鸿翔一心堂药业(集团)股份有限公司公开发行可转换公司债券
128066,亚泰转债,2019-04-15,2019-04-17,2019-04-17,48000.0,48000.0,100,100.0,"网上网下优先配售,交易所系统网上向社会公众投资者发行",（1）向原股东优先配售发行公告公布的股权登记日（即2019年4月16日，T-1日）收市后登记在册的发行人原A股股东。（2）网上发行中华人民共和国境内持有深交所证券账户的社会公众投资者，包括：自然人、法人、证券投资基金等（法律法规禁止购买者除外）。（3）本次发行的承销团成员的自营账户不得参与本次申购。,深交所综合协议交易平台,余额包销,"佛山市南海和华希尔顿逸林酒店装修工程,西安洲际酒店项目精装修工程,遵义喜来登酒店装饰工程项目",17.49,2019-10-23,2019-04-16,2019-04-17,072811,亚泰发债,100.0,0.1,0.1,2019-04-19,2019-04-17,100.0,2025-04-17,2019-04-17,002811,深交所,2019年深圳市亚泰国际建设股份有限公司公开发行可转换公司债券
128065,雅化转债,2019-04-12,2019-04-16,2019-04-16,80000.0,80000.0,100,100.0,"向原股东配售,上网定价发行",向原股东优先配售：股权登记日收市后登记在册的发行人原A股股东；网上发行：中华人民共和国境内持有深交所证券账户的社会公众投资者。,深圳证券交易所,余额包销,1、年产2万吨电池级碳酸锂（氢氧化锂）生产线项目；2、补充流动资金。,8.98,2019-10-22,2019-04-15,2019-04-16,072497,雅化发债,100.0,0.1,0.1,2019-04-18,2019-04-16,100.0,2025-04-16,2019-04-16,002497,深交所,四川雅化实业集团股份有限公司公开发行可转换公司债券
110058,永鼎转债,2019-04-12,2019-04-16,2019-04-15,98000.0,98000.0,100,100.0,"网上网下优先配售,交易所系统网上向社会公众投资者发行,交易所系统网下向机构投资者协议发行",（1）向公司原股东优先配售：发行公告公布的股权登记日（即2019年4月15日，T-1日）收市后登记在册的公司所有股东。（2）网上发行：中华人民共和国境内持有上交所证券账户的自然人、法人、证券投资基金、符合法律规定的其他投资者等（国家法律、法规禁止者除外）。（3）网下发行：持有上交所证券账户的机构投资者，包括根据《中华人民共和国证券投资基金法》批准设立的证券投资基金和法律法规允许申购的法人，以及符合法律法规规定的其它机构投资者。（4）本次发行的承销团成员的自营账户不得参与本次申购。,上交所固定收益平台,余额包销,"年产600吨光纤预制棒项目,年产1000万芯公里光纤项目",6.5,2019-10-22,2019-04-15,2019-04-16,733105,永鼎发债,100.0,0.1,0.1,2019-04-18,2019-04-16,100.0,2024-12-19,2019-04-16,600105,上交所,2019年江苏永鼎股份有限公司公开发行可转换公司债券
113026,核能转债,2019-04-11,2019-04-15,2019-04-12,780000.0,780000.0,100,100.0,"网上优先配售,交易所系统网上向社会公众投资者发行,交易所系统网下向机构投资者协议发行",（1）向发行人原股东优先配售：发行公告公布的股权登记日（2019年4月12日，T-1日）收市后登记在册的发行人所有股东。（2）网上发行：中华人民共和国境内持有上交所证券账户的社会公众投资者，包括：自然人、法人、证券投资基金等（法律法规禁止购买者除外）。（3）网下发行：持有上交所证券账户的机构投资者，包括根据《中华人民共和国证券投资基金法》批准设立的证券投资基金和法律法规允许申购的法人，以及符合法律法规规定的其他机构投资者。,上交所固定收益平台,余额包销,"田湾核电站扩建工程5、6号机组项目,补充流动资金,福清核电厂5、6号机组",6.32,2019-10-21,2019-04-12,2019-04-15,783985,核能发债,100.0,0.1,0.1,2019-04-17,2019-04-15,100.0,2022-03-08,2019-04-15,601985,上交所,中国核能电力股份有限公司公开发行可转换公司债券
127013,创维转债,2019-04-11,2019-04-15,2019-04-12,104000.0,104000.0,100,100.0,"上网定价发行,网下询价发行,向原股东配售",向原股东优先配售：股权登记日收市后登记在册的公司所有股东；网上发行：持有深交所证券账户的自然人、法人、证券投资基金、其他投资者等；网下发行：持有深交所证券账户的机构投资者。,深圳证券交易所；保荐机构（主承销商）中信证券处。,余额包销,机顶盒与接入终端系列产品智能化升级扩建项目、汽车智能驾驶辅助系统升级扩建项目,11.56,2019-10-19,2019-04-12,2019-04-15,070810,创维发债,100.0,0.1,0.1,2019-04-17,2019-04-15,100.0,2025-04-15,2019-04-15,000810,深交所,创维数字股份有限公司公开发行可转换公司债券
113025,明泰转债,2019-04-05,2019-04-10,2019-04-09,183911.0,183911.0,100,100.0,"网上网下优先配售,交易所系统网上向社会公众投资者发行,交易所系统网下向机构投资者协议发行",1、向发行人原股东优先配售：本发行公告公布的股权登记日（2019年4月9日，T-1日）收市后登记在册的发行人所有股东。2、网上发行：持有上交所证券账户的境内自然人、法人、证券投资基金以及符合法律法规规定的其他投资者（法律法规禁止购买者除外）。3、网下发行：持有上交所证券账户的机构投资者，包括根据《中华人民共和国证券投资基金法》批准设立的证券投资基金和法律法规允许申购的法人，以及符合法律法规规定的其他机构投资者。4、本次发行的承销团成员的自营账户不得参与本次申购。,上交所固定收益平台,余额包销,铝板带生产线升级改造项目,11.49,2019-10-16,2019-04-09,2019-04-10,783677,明泰发债,100.0,0.1,0.1,2019-04-12,2019-04-10,100.0,2023-10-23,2019-04-10,601677,上交所,2019年河南明泰铝业股份有限公司公开发行可转换公司债券
113534,鼎胜转债,2019-04-04,2019-04-09,2019-04-08,125400.0,125400.0,100,100.0,"网上网下优先配售,交易所系统网上向社会公众投资者发行,交易所系统网下向机构投资者协议发行",（1）向发行人原股东优先配售：发行公告公布的股权登记日（2019年4月8日，T-1日）收市后登记在册的发行人所有股东。（2）网上发行：中华人民共和国境内持有上交所证券账户的社会公众投资者，包括：自然人、法人、证券投资基金等（法律法规禁止购买者除外）。（3）网下发行：持有上交所证券账户的机构投资者，包括根据《中华人民共和国证券投资基金法》批准设立的证券投资基金和法律法规允许申购的法人，以及符合法律法规规定的其他机构投资者。（4）本次发行的承销团成员的自营账户不得参与网上及网下申购。,上交所固定收益平台,余额包销,"铝板带箔生产线技术改造升级项目,补充流动资金,年产6万吨铝合金车身板产业化建设项目",20.8,2019-10-16,2019-04-08,2019-04-09,754876,鼎胜发债,100.0,0.1,0.1,2019-04-11,2019-04-09,100.0,2025-04-08,2019-04-09,603876,上交所,2019年江苏鼎胜新能源材料股份有限公司公开发行可转换公司债券
113024,核建转债,2019-04-03,2019-04-08,2019-04-04,299625.0,299625.0,100,100.0,"网上网下优先配售,交易所系统网上向社会公众投资者发行,交易所系统网下向机构投资者协议发行",（1）向发行人原股东优先配售：发行公告公布的股权登记日（2019年4月4日，T-1日）收市后登记在册的发行人所有股东。（2）网上发行：持有中国证券登记结算有限责任公司上海分公司证券账户的自然人、法人、证券投资基金、符合法律规定的其他投资者等（国家法律、法规禁止者除外）。（3）网下发行：持有上交所证券账户的机构投资者，包括根据《中华人民共和国证券投资基金法》批准设立的证券投资基金和法律法规允许申购的法人，以及符合法律法规规定的其他机构投资者。（4）本次发行的承销团成员的自营账户不得参与网上及网下申购。,上交所固定收益平台,余额包销,"湖南醴陵渌江新城核心区PPP项目,监利县文化体育中心PPP项目,补充流动资金,广安职业技术学院二期建设PPP项目,三都水族自治县市政基础设施建设PPP项目",9.93,2019-10-14,2019-04-04,2019-04-08,783611,核建发债,100.0,0.1,0.1,2019-04-10,2019-04-08,100.0,2025-04-07,2019-04-08,601611,上交所,2019年中国核工业建设股份有限公司公开发行可转换公司债券
128064,司尔转债,2019-04-03,2019-04-08,2019-04-04,80000.0,80000.0,100,100.0,"向原股东配售,网下询价发行,上网定价发行",向原股东优先配售：股权登记日收市后登记在册的公司所有股东；网上发行：持有深交所证券账户的自然人、法人、证券投资基金、其他投资者等；网下发行：持有深交所证券账户的机构投资者。,深圳证券交易所；保荐机构（主承销商）国元证券处。,余额包销,年产65万吨新型肥料和40万吨土壤调理剂项目,6.25,2019-10-14,2019-04-04,2019-04-08,072538,司尔发债,100.0,0.1,0.1,2019-04-10,2019-04-08,100.0,2025-04-08,2019-04-08,002538,深交所,安徽省司尔特肥业股份有限公司公开发行可转换公司债券
113533,参林转债,2019-04-01,2019-04-03,2019-04-03,100000.0,100000.0,100,100.0,"网上网下优先配售,交易所系统网上向社会公众投资者发行",（1）向发行人原股东优先配售：本发行公告公布的股权登记日（2019年4月2日，T-1日）收市后登记在册的发行人所有股东。（2）网上发行：中华人民共和国境内持有上交所证券账户的社会公众投资者，包括：自然人、法人、证券投资基金等（法律法规禁止购买者除外）。（3）本次发行的承销团成员的自营账户不得参与网上申购。,上交所固定收益平台,余额包销,"运营中心建设项目,玉林现代饮片基地项目,直营连锁门店建设项目",48.05,2019-10-10,2019-04-02,2019-04-03,754233,参林发债,100.0,0.1,0.1,2019-04-08,2019-04-03,100.0,2020-01-16,2019-04-03,603233,上交所,大参林医药集团股份有限公司公开发行可转换公司债券
128063,未来转债,2019-04-01,2019-04-03,2019-04-03,63000.0,63000.0,100,100.0,"网上网下优先配售,交易所系统网上向社会公众投资者发行",（1）向原股东优先配售：本发行公告公布的股权登记日（即2019年4月2日，T-1日）收市后登记在册的发行人原A股股东。（2）网上发行：中华人民共和国境内持有深交所证券账户的社会公众投资者，包括：自然人、法人、证券投资基金等（法律法规禁止购买者除外）。（3）本次发行的承销团成员的自营账户不得参与网上申购。,深交所综合协议交易平台,余额包销,"年产智能成套家具8万套项目,补充流动资金,3D打印定制地板研发中心项目,智能成套家具信息化系统及研发中心项目",8.74,2019-10-11,2019-04-02,2019-04-03,072631,未来发债,100.0,0.1,0.1,2019-04-08,2019-04-03,100.0,2024-12-25,2019-04-03,002631,深交所,2019年德尔未来科技控股集团股份有限公司可转换公司债券
113532,海环转债,2019-03-30,2019-04-02,2019-04-02,46000.0,46000.0,100,100.0,"网上网下优先配售,交易所系统网上向社会公众投资者发行",（1）向公司原股东优先配售：发行公告公布的股权登记日（即2019年4月1日，T-1日）收市后中国证券登记结算有限责任公司上海分公司登记在册的公司全体股东。（2）网上发行：中华人民共和国境内持有中国证券登记结算有限责任公司上海分公司证券账户的自然人、法人、证券投资基金、符合法律规定的其他投资者等（国家法律、法规禁止者除外）。（3）本次发行的承销团成员的自营账户不得参与网上申购。,上交所固定收益平台,余额包销,"福州市洋里污水处理厂一二三期提标改造项目,福州市浮村污水处理厂二期工程项目,闽侯县城区污水处理厂提标改造工程项目,福州市祥坂污水处理厂提标改造项目",7.8,2019-10-09,2019-04-01,2019-04-02,754817,海环发债,100.0,0.1,0.1,2019-04-04,2019-04-02,100.0,2025-04-01,2019-04-02,603817,上交所,2019年福建海峡环保集团股份有限公司可转换公司债券
128062,亚药转债,2019-03-29,2019-04-02,2019-04-01,96500.0,96500.0,100,100.0,"上网定价发行,网下询价发行,向原股东配售",向原股东优先配售：股权登记日收市后登记在册的公司所有股东；网上发行：持有深交所证券账户的自然人、法人、证券投资基金、其他投资者等；网下发行：持有深交所证券账户的机构投资者。,深圳证券交易所；保荐机构（主承销商）安信证券股份有限公司处。,余额包销,1、亚太药业现代医药制剂一期、二期项目；2、研发平台建设项目；3、营销网络建设项目。,16.3,2019-10-09,2019-04-01,2019-04-02,072370,亚药发债,100.0,0.1,0.1,2019-04-04,2019-04-02,100.0,2025-04-02,2019-04-02,002370,深交所,2019年浙江亚太药业股份有限公司可转换公司债券
110057,现代转债,2019-03-28,2019-04-01,2019-03-29,161594.0,161594.0,100,100.0,"网上网下优先配售,交易所系统网上向社会公众投资者发行,交易所系统网下向机构投资者协议发行",（1）向发行人原股东优先配售：发行公告公布的股权登记日（2019年3月29日，T-1日）收市后登记在册的发行人所有股东。（2）网上发行：持有上交所证券账户的社会公众投资者，包括：自然人、法人、证券投资基金以及符合法律法规规定的其他投资者（法律法规禁止购买者除外）。（3）网下发行：持有上交所证券账户的机构投资者，包括根据《中华人民共和国证券投资基金法》批准设立的证券投资基金和法律法规允许申购的法人，以及符合法律法规规定的其他机构投资者。（4）本次发行的承销团成员的自营账户不得参与网上及网下申购。,上交所固定收益平台,余额包销,"新型制剂产业战略升级项目,国药威奇达资源综合利用项目,威奇达中抗青霉素绿色产业链升级项目,偿还银行借款",10.09,2019-10-08,2019-03-29,2019-04-01,733420,现代发债,100.0,0.1,0.1,2019-04-03,2019-04-01,100.0,2023-06-15,2019-04-01,600420,上交所,2019年上海现代制药股份有限公司公开发行可转换公司债券
113531,百姓转债,2019-03-27,2019-03-29,2019-03-29,32700.0,32700.0,100,100.0,"向原股东配售,上网定价发行",原股东：发行人在股权登记日收市后登记在册的原A股普通股股东和所有持有上交所证券账户的社会公众投资者；社会公众投资者：中华人民共和国境内持有上交所证券账户的社会公众投资者。,网上发行地点：全国所有与上交所交易系统联网的证券交易网点。有限售条件股东优先配售地点：保荐机构（联席主承销商）恒泰长财证券有限责任公司处,余额包销,"1.老百姓医药健康产业园建设项目26,000万元；2.老百姓大健康智慧服务平台建设项目6,700万元。",60.59,2019-10-08,2019-03-28,2019-03-29,754883,百姓发债,100.0,0.1,0.1,2019-04-02,2019-03-29,100.0,2024-03-28,2019-03-29,603883,上交所,老百姓大药房连锁股份有限公司公开发行可转换公司债券
123025,精测转债,2019-03-27,2019-03-29,2019-03-29,37500.0,37500.0,100,100.0,"向原股东配售,上网定价发行",向原股东配售：股权登记日收市后中国结算深圳分公司登记在册的发行人所有股东；网上发行：在深交所开立证券账户的境内自然人、法人、证券投资基金以及符合法律法规规定的其他投资者（法律法规禁止购买者除外）。,深圳证券交易所,余额包销,苏州精濑光电有限公司年产340台套新型显示智能装备项目,75.88,2019-10-08,2019-03-28,2019-03-29,370567,精测发债,100.0,0.1,0.1,2019-04-02,2019-03-29,100.0,2025-03-29,2019-03-29,300567,深交所,2019年武汉精测电子集团股份有限公司公开发行可转换公司债券
113530,大丰转债,2019-03-25,2019-03-27,2019-03-26,63000.0,63000.0,100,100.0,"向原股东配售,网下询价发行,上网定价发行",（1）股权登记日收市后登记在册的发行人所有股东（2）持有中登公司上海分公司证券账户的自然人、法人、证券投资基金、符合法律规定的其他投资者等（3）持有上交所证券账户的机构投资者。,"承销团设置的营业网点,上海证券交易所",余额包销,宁海县文化综合体PPP项目,16.88,2019-10-08,2019-03-26,2019-03-27,754081,大丰发债,100.0,0.1,0.1,2019-03-29,2019-03-27,100.0,2025-03-26,2019-03-27,603081,上交所,2019年浙江大丰实业股份有限公司公开发行可转换公司债券
128060,中装转债,2019-03-22,2019-03-26,2019-03-26,52500.0,52500.0,100,100.0,"向原股东配售,上网定价发行",①公司原股东：发行公告公布的股权登记日收市后中国结算深圳分公司登记在册的发行人所有股东。②社会公众投资者：在深交所开立证券账户的境内自然人、法人、证券投资基金以及符合法律法规规定的其他投资者。,深圳证券交易所,余额包销,装配式建筑产业基地项目,6.24,2019-10-08,2019-03-25,2019-03-26,072822,中装发债,100.0,0.1,0.1,2019-03-28,2019-03-26,100.0,2025-03-26,2019-03-26,002822,深交所,深圳市中装建设集团股份有限公司公开发行可转换公司债券
128061,启明转债,2019-03-25,2019-03-27,2019-03-26,104500.0,104500.0,100,100.0,"网上网下优先配售,交易所系统网上向社会公众投资者发行,交易所系统网下向机构投资者协议发行",（1）向公司原股东优先配售：发行公告公布的股权登记日（即2019年3月26日，T-1日）收市后登记在册的公司所有股东。（2）网上发行：持有中国结算深圳分公司证券账户的自然人、法人、证券投资基金、符合法律规定的其他投资者等（国家法律、法规禁止者除外）。（3）网下发行：持有中国结算深圳分公司证券账户的机构投资者，包括：根据《中华人民共和国证券投资基金法》批准设立的证券投资基金和法律法规允许申购的法人，以及符合法律法规规定的其它机构投资者。（4）本次发行的承销团成员的自营账户不得参与网上及网下申购。,深交所综合协议交易平台,余额包销,"济南安全运营中心建设项目,杭州安全运营中心建设项目,补充流动资金,郑州安全运营中心和网络安全培训中心建设项目,昆明安全运营中心和网络安全培训中心建设项目",28.33,2019-10-08,2019-03-26,2019-03-27,072439,启明发债,100.0,0.1,0.1,2019-03-29,2019-03-27,100.0,2020-03-17,2019-03-27,002439,深交所,启明星辰信息技术集团股份有限公司公开发行可转换公司债券
123024,岱勒转债,2019-03-18,2019-03-21,2019-03-21,21000.0,21000.0,100,100.0,"上网定价发行,向原股东配售",向原股东配售：股权登记日收市后中国结算深圳分公司登记在册的发行人所有股东；网上发行：在深交所开立证券账户的境内自然人、法人、证券投资基金以及符合法律法规规定的其他投资者。,深圳证券交易所,余额包销,年产60亿米金刚石线产业化项目,24.9,2019-09-27,2019-03-20,2019-03-21,370700,岱勒发债,100.0,0.1,0.1,2019-03-25,2019-03-21,100.0,2024-03-21,2019-03-21,300700,深交所,长沙岱勒新材料科技股份有限公司创业板公开发行可转换公司债券
127012,招路转债,2019-03-20,2019-03-22,2019-03-21,500000.0,500000.0,100,100.0,"网上网下优先配售,交易所系统网上向社会公众投资者发行,交易所系统网下向机构投资者协议发行",（1）向发行人原股东优先配售：本发行公告公布的股权登记日（2019年3月21日，T-1日）收市后登记在册的发行人所有A股普通股股东。（2）网上发行：中华人民共和国境内持有深交所证券账户的社会公众投资者，包括：自然人、法人、证券投资基金以及符合法律法规规定的其他投资者（法律法规禁止购买者除外）。（3）网下发行：持有深交所证券账户的机构投资者，包括根据《中华人民共和国证券投资基金法》批准设立的证券投资基金和法律法规允许申购的法人，以及符合法律法规规定的其他机构投资者。（4）本次发行的承销团成员的自营账户不得参与网上及网下申购。,深交所综合协议交易平台,余额包销,"收购鄂东大桥项目公司54.61%股权,收购重庆渝黔项目公司60%股权,重庆市曾家岩嘉陵江大桥PPP项目,收购亳阜项目公司100%股权,收购重庆沪渝项目公司60%股权",9.34,2019-09-30,2019-03-21,2019-03-22,071965,招路发债,100.0,0.1,0.1,2019-03-26,2019-03-22,100.0,2024-03-25,2019-03-22,001965,深交所,2019年招商局公路网络科技控股股份有限公司公开发行A股可转换公司债券
110056,亨通转债,2019-03-15,2019-03-19,2019-03-19,173300.0,173300.0,100,100.0,"向原股东配售,网下询价发行,上网定价发行",公司原股东：发行公告公布的股权登记日收市后登记在册的公司所有股东；社会公众投资者：中华人民共和国境内持有上交所证券账户的自然人、法人、证券投资基金、符合法律规定的其他投资者等。,网上发行地点：全国所有与上交所交易系统联网的证券交易网点；网下发行地点：在主承销商申万宏源处进行,余额包销,新一代光纤预制棒扩能改造项目、补充流动资金,21.79,2019-09-25,2019-03-18,2019-03-19,733487,亨通发债,100.0,0.1,0.1,2019-03-21,2019-03-19,100.0,2025-03-18,2019-03-19,600487,上交所,2019年江苏亨通光电股份有限公司公开发行可转换公司债券
123023,迪森转债,2019-03-16,2019-03-20,2019-03-19,60000.0,60000.0,100,100.0,"网上优先配售,交易所系统网上向社会公众投资者发行,交易所系统网下向机构投资者协议发行",（1）向公司原股东优先配售：发行公告公布的股权登记日（即2019年3月19日，T-1日）收市后登记在册的公司所有A股股东。（2）网上发行：中华人民共和国境内持有深交所证券账户的自然人、法人、证券投资基金、符合法律规定的其他投资者等（国家法律、法规禁止者除外）。（3）网下发行：持有深交所证券账户的机构投资者，包括：根据《中华人民共和国证券投资基金法》批准设立的证券投资基金和法律法规允许申购的法人，以及符合法律法规规定的其它机构投资者。（4）本次发行的主承销商的自营账户不得参与本次申购。,深交所综合协议交易平台,余额包销,"投资常州锅炉有限公司年产20000蒸吨清洁能源锅炉改扩建项目,偿还银行贷款,投资广州迪森家居环境技术有限公司舒适家居产业园园区改造及转型升级项目",7.39,2019-09-27,2019-03-19,2019-03-20,370335,迪森发债,100.0,0.1,0.1,2019-03-22,2019-03-20,100.0,2022-09-22,2019-03-20,300335,深交所,广州迪森热能技术股份有限公司公开发行可转换公司债券
110054,通威转债,2019-03-14,2019-03-18,2019-03-18,500000.0,500000.0,100,100.0,"向原股东配售,网下询价发行,上网定价发行",公司原股东：本发行公告公布的股权登记日收市后登记在册的发行人所有股东；社会公众投资者：中华人民共和国境内持有上交所证券账户的自然人、法人、证券投资基金等。,网上发行地点：全国所有与上交所交易系统联网的证券交易网点；网下发行地点：在保荐机构（联合主承销商）中信建投证券处进行,余额包销,包头2.5万吨高纯晶硅项目、乐山2.5万吨高纯晶硅项目,12.44,2019-09-22,2019-03-15,2019-03-18,733438,通威发债,100.0,0.1,0.1,2019-03-20,2019-03-18,100.0,2025-03-17,2019-03-18,600438,上交所,通威股份有限公司公开发行可转换公司债券
110055,伊力转债,2019-03-13,2019-03-15,2019-03-15,87600.0,87600.0,100,100.0,"向原股东配售,网下询价发行,上网定价发行",公司原股东：股权登记日收市后登记在册的公司所有股东；社会公众投资者：在上交所开立证券账户的境内自然人、法人、证券投资基金以及符合法律法规规定的其他投资者。,网上发行地点：全国所有与上交所交易系统联网的证券交易网点；网下发行地点：牵头主承销商民生证券股份有限公司,余额包销,伊力特总部酿酒及配套设施技改项目、可克达拉市伊力特酿酒分厂搬迁技术技改项目、伊力特可克达拉市技术研发中心及配套设施建设项目,17.6,2019-09-23,2019-03-14,2019-03-15,733197,伊力发债,100.0,0.1,0.1,2019-03-19,2019-03-15,100.0,2025-03-14,2019-03-15,600197,上交所,2019年新疆伊力特实业股份有限公司可转换公司债券
123022,长信转债,2019-03-14,2019-03-18,2019-03-15,123000.0,123000.0,100,100.0,"上网定价发行,网下询价发行,向原股东配售",向原股东配售：股权登记日收市后登记在册的发行人股东；社会公众投资者：在深交所开立证券账户的境内自然人、法人、证券投资基金以及符合法律法规规定的其他投资者；网下发行：持有深交所证券账户的机构投资者。,深圳证券交易所；保荐机构（主承销商）处。,余额包销,触控显示模块一体化项目——智能穿戴项目,6.38,2019-09-23,2019-03-15,2019-03-18,370088,长信发债,100.0,0.1,0.1,2019-03-20,2019-03-18,100.0,2025-03-18,2019-03-18,300088,深交所,2019年芜湖长信科技股份有限公司创业板公开发行可转换公司债券
110053,苏银转债,2019-03-12,2019-03-14,2019-03-14,2000000.0,2000000.0,100,100.0,"向原股东配售,网下询价发行,上网定价发行",原股东:公告公布的股权登记日收市后登记在册的发行人所有A股普通股股东;社会公众投资者：自然人、法人、证券投资基金以及符合法律法规规定的其他投资者。网下发行：持有上交所证券账户的机构投资者,全国所有与上交所交易系统联网的证券交易网点；在联席保荐机构（联席主承销商）中银国际证券处进行,余额包销,扣除发行费用后将全部用于本行未来业务发展,7.9,2019-09-20,2019-03-13,2019-03-14,733919,苏银发债,100.0,0.1,0.1,2019-03-18,2019-03-14,100.0,2025-03-13,2019-03-14,600919,上交所,2019年江苏银行股份有限公司公开发行A股可转换公司债券
113022,浙商转债,2019-03-08,2019-03-12,2019-03-12,350000.0,350000.0,100,100.0,"向原股东配售,网下询价发行,上网定价发行",向发行人原股东优先配售：发行公告公布的股权登记日收市后登记在册的发行人所有股东；网上发行：中华人民共和国境内持有上交所证券账户的社会公众投资者；网下发行：持有上交所证券账户的机构投资者.,承销团设置的营业网点；上海证券交易所,余额包销,"本次发行的可转债所募集资金总额为350,000.00万元，扣除发行费用后拟全部用于补充公司营运资金。",12.53,2019-09-19,2019-03-11,2019-03-12,783878,浙商发债,100.0,0.1,0.1,2019-03-14,2019-03-12,100.0,2020-08-25,2019-03-12,601878,上交所,浙商证券股份有限公司公开发行可转换公司债券
113529,绝味转债,2019-03-07,2019-03-11,2019-03-11,100000.0,100000.0,100,100.0,"向原股东配售,上网定价发行,网下询价发行",原股东：发行公告公布的股权登记日收市后登记在册的发行人所有股东；社会公众投资者：中华人民共和国境内持有上交所证券账户的自然人、法人、证券投资基金以及符合法律法规规定的其他投资者。,网上发行地点：全国所有与上交所交易系统联网的证券交易网点；网下发行地点：在保荐机构（联席主承销商）华融证券股份有限公司处进行。,余额包销,用于核心区域生产基地建设投资，投资项目实施过程中涉及建设工程、装修工程、采购设备、安装调试工程等多个环节。,40.52,2019-09-16,2019-03-08,2019-03-11,754517,绝味发债,100.0,0.1,0.1,2019-03-13,2019-03-11,100.0,2025-03-10,2019-03-11,603517,上交所,绝味食品股份有限公司公开发行可转换公司债券
128059,视源转债,2019-03-07,2019-03-11,2019-03-08,94183.05,94183.0,100,100.0,"网上优先配售,交易所系统网上向社会公众投资者发行,交易所系统网下向机构投资者协议发行",（1）向原股东优先配售：发行公告公布的股权登记日（即2019年3月8日，T-1日）收市后中国结算深圳分公司登记在册的发行人所有股东。（2）网上发行：在深交所开立证券账户的境内自然人、法人、证券投资基金以及符合法律法规规定的其他投资者（法律法规禁止购买者除外）。（3）网下发行：持有深交所证券账户的机构投资者，包括：根据《中华人民共和国证券投资基金法》批准设立的证券投资基金和法律法规允许申购的法人，以及符合法律法规规定的其它机构投资者。（4）本次发行的承销团成员的自营账户不得参与网上及网下申购。,深交所综合协议交易平台,余额包销,"高效会议平台建设项目,人机交互技术研究中心建设项目,家电智能控制产品建设项目,智慧校园综合解决方案软件开发项目",76.25,2019-09-16,2019-03-08,2019-03-11,072841,视源发债,100.0,0.1,0.1,2019-03-13,2019-03-11,100.0,2020-08-28,2019-03-11,002841,深交所,广州视源电子科技股份有限公司公开发行可转换公司债券
127011,中鼎转2,2019-03-06,2019-03-08,2019-03-07,120000.0,120000.0,100,100.0,"向原股东配售,网下询价发行,上网定价发行",向原股东配售：发行公告公布的股权登记日收市后登记在册的发行人所有股东；社会公众投资者：网上发行为中华人民共和国境内持有深交所证券账户的社会公众投资者，网下发行为持有深交所证券账户的机构投资者。,保荐机构（主承销商）民生证券股份有限公司处；深圳证券交易所。,余额包销,中鼎减震橡胶减震制品研发及生产基地迁扩建项目（一期）；新能源汽车动力电池温控流体管路系统项目,11.99,2019-09-16,2019-03-07,2019-03-08,070887,中鼎发债,100.0,0.1,0.1,2019-03-12,2019-03-08,100.0,2025-03-08,2019-03-08,000887,深交所,安徽中鼎密封件股份有限公司公开发行可转换公司债券
128058,拓邦转债,2019-03-05,2019-03-07,2019-03-07,57300.0,57300.0,100,100.0,"向原股东配售,上网定价发行",向原股东配售：发行公告公布的股权登记日收市后登记在册的发行人所有股东；社会公众投资者：中华人民共和国境内持有深交所证券账户的社会公众投资者,深圳证券交易所,余额包销,拓邦华东地区运营中心,5.64,2019-09-16,2019-03-06,2019-03-07,072139,拓邦发债,100.0,0.1,0.1,2019-03-11,2019-03-07,100.0,2025-03-07,2019-03-07,002139,深交所,深圳拓邦股份有限公司公开发行可转换公司债券
110052,贵广转债,2019-03-01,2019-03-05,2019-03-05,160000.0,160000.0,100,100.0,"向原股东配售,网下询价发行,上网定价发行",原股东：发行公告公布的股权登记日（2019年3月4日，T-1日）收市后的发行人原A股股东；社会公众投资者：中华人民共和国境内持有上交所证券账户的自然人、法人等。,网上发行地点：全国所有与上交所交易系统联网的证券交易网点；网下发行地点：保荐机构（主承销商）华融证券股份有限公司处,余额包销,光纤入户工程;智慧广电工程（一期）,8.13,2019-09-11,2019-03-04,2019-03-05,733996,贵广发债,100.0,0.1,0.1,2019-03-07,2019-03-05,100.0,2025-03-04,2019-03-05,600996,上交所,2019年贵州省广播电视信息网络股份有限公司可转换公司债券
113021,中信转债,2019-02-28,2019-03-04,2019-03-04,4000000.0,4000000.0,100,100.0,"向原股东配售,网下询价发行,上网定价发行",公司原A股股东：发行公告公布的股权登记日（2019年3月1日，T-1日）收市后登记在册的发行人所有A股普通股股东；社会公众投资者：持有上交所证券账户的自然人、法人、证券投资基金等。,网上发行地点：全国所有与上交所交易系统联网的证券交易网点；网下发行地点：在联席保荐机构（联席主承销商）中信证券处。,余额包销,支持未来业务发展。,7.45,2019-09-11,2019-03-01,2019-03-04,783998,中信发债,100.0,0.1,0.1,2019-03-06,2019-03-04,100.0,2025-03-03,2019-03-04,601998,上交所,2019年中信银行股份有限公司公开发行A股可转换公司债券
128057,博彦转债,2019-03-01,2019-03-05,2019-03-04,57581.52,57582.0,100,100.0,"网上优先配售,交易所系统网上向社会公众投资者发行,交易所系统网下向机构投资者协议发行",（1）向原股东优先配售：本发行公告公布的股权登记日（即2019年3月4日，T-1日）收市后登记在册的发行人原A股股东。（2）网上发行：中华人民共和国境内持有深交所证券账户的社会公众投资者，包括：自然人、法人、证券投资基金等（法律法规禁止购买者除外）。（3）网下发行：持有深交所证券账户的机构投资者，包括：根据《中华人民共和国证券投资基金法》批准设立的证券投资基金和法律法规允许申购的法人，以及符合法律法规规定的其它机构投资者。（4）本次发行的承销团成员的自营账户不得参与网上及网下申购。,深交所综合协议交易平台,余额包销,"前沿技术研发项目等四个项目建设,补充流动资金",8.9,2019-09-11,2019-03-04,2019-03-05,072649,博彦发债,100.0,0.1,0.1,2019-03-07,2019-03-05,100.0,2021-11-29,2019-03-05,002649,深交所,博彦科技股份有限公司公开发行可转换公司债券
113528,长城转债,2019-02-27,2019-03-01,2019-03-01,63400.0,63400.0,100,100.0,"向原股东配售,网下询价发行,上网定价发行",公司原股东：发行公告公布的股权登记日2019年2月28日收市后登记在册的发行人所有股东；社会公众投资者：中华人民共和国境内持有上交所证券账户的自然人、法人、证券投资基金等。,网上发行地点：全国所有与上交所交易系统联网的证券交易网点；网下发行地点：主承销商浙商证券股份有限公司处,余额包销,湖州长城电工新材科技有限公司年产8.7万吨高性能特种线材项目。,24.18,2019-09-09,2019-02-28,2019-03-01,754897,长城发债,100.0,0.1,0.1,2019-03-05,2019-03-01,100.0,2025-02-28,2019-03-01,603897,上交所,浙江长城电工科技股份有限公司公开发行可转换公司债券
123021,万信转2,2019-02-28,2019-03-04,2019-03-01,120000.01,120000.0,100,100.0,"网上网下优先配售,交易所系统网上向社会公众投资者发行,交易所系统网下向机构投资者协议发行",（1）向发行人原股东优先配售：发行公告公布的股权登记日（2019年3月1日，T-1日）收市后登记在册的发行人所有股东。（2）网上发行：中华人民共和国境内持有深交所证券账户的社会公众投资者，包括：自然人、法人、证券投资基金等（法律法规禁止购买者除外）。（3）网下发行：持有深交所证券账户的机构投资者，包括根据《中华人民共和国证券投资基金法》批准设立的证券投资基金和法律法规允许申购的法人，以及符合法律法规规定的其他机构投资者。（4）本次发行的承销团成员的自营账户不得参与网上及网下申购。,深交所综合协议交易平台,余额包销,"新一代智慧医疗一体化HIS服务平台及应用系统项目,智慧养老综合服务平台及其智能物联云平台项目,补充流动资金",13.62,2019-09-09,2019-03-01,2019-03-04,370168,万信发债,100.0,0.1,0.1,2019-03-06,2019-03-04,100.0,2020-04-13,2019-03-04,300168,深交所,万达信息股份有限公司创业板公开发行可转换公司债券
110051,中天转债,2019-02-26,2019-02-28,2019-02-28,396512.0,396512.0,100,100.0,"向原股东配售,上网定价发行,网下配售",（1）向公司原股东优先配售；（2）网上发行：中华人民共和国境内持有上交所证券账户的社会公众投资者；（3）网下发行：持有上交所证券账户的机构投资,承销团设置的营业网点；上海证券交易所,余额包销,1、950MWh分布式储能电站项目；2、大尺寸光纤预制棒智能化改造项目；3、110MWp分布式光伏发电项目等7项目,10.29,2019-09-06,2019-02-27,2019-02-28,733522,中天发债,100.0,0.1,0.1,2019-03-04,2019-02-28,100.0,2025-02-27,2019-02-28,600522,上交所,江苏中天科技股份有限公司公开发行可转换公司债券
123020,富祥转债,2019-02-27,2019-03-01,2019-02-28,42000.0,42000.0,100,100.0,"向原股东配售,网下询价发行,上网定价发行",公司原股东：股权登记日收市后登记在册的发行人A股股东；社会公众股东：在深交所开立证券账户的境内自然人、法人、证券投资基金以及符合规定的其他投资者；网下发行：持有深交所证券账户的机构投资者。,承销团设置的营业网点；深圳证券交易所,余额包销,新型酶抑制剂扩产及产业链延伸项目；环保设施升级改造项目。,18.05,2019-09-09,2019-02-28,2019-03-01,370497,富祥发债,100.0,0.1,0.1,2019-03-05,2019-03-01,100.0,2025-03-01,2019-03-01,300497,深交所,江西富祥药业股份有限公司公开发行可转换公司债券
128056,今飞转债,2019-02-26,2019-02-28,2019-02-27,36800.0,36800.0,100,100.0,"网上网下优先配售,交易所系统网上向社会公众投资者发行,交易所系统网下向机构投资者协议发行",（1）向原股东优先配售：本发行公告公布的股权登记日（即2019年2月27日，T-1日）收市后中国结算深圳分公司登记在册的发行人原A股股东。（2）网上发行：中华人民共和国境内持有深交所证券账户的社会公众投资者，包括：自然人、法人、证券投资基金等（法律法规禁止购买者除外）。（3）网下发行：持有深交所证券账户的机构投资者，包括：根据《中华人民共和国证券投资基金法》批准设立的证券投资基金和法律法规允许申购的法人，以及符合法律法规规定的其它机构投资者。,深交所综合协议交易平台,余额包销,"年产300万件铝合金汽车轮毂成品生产线项目,年产500万件摩托车铝合金轮毂项目,偿还银行贷款",6.8,2019-09-06,2019-02-27,2019-02-28,072863,今飞发债,100.0,0.1,0.1,2019-03-04,2019-02-28,100.0,2025-02-28,2019-02-28,002863,深交所,2019年浙江今飞凯达轮毂股份有限公司公开发行可转换公司债券
128055,长青转2,2019-02-25,2019-02-27,2019-02-26,91380.0,91380.0,100,100.0,"网上网下优先配售,交易所系统网上向社会公众投资者发行,交易所系统网下向机构投资者协议发行",（1）向原股东优先配售：本发行公告公布的股权登记日（即2019年2月26日，T-1日）收市后登记在册的发行人原A股股东。（2）网上发行：中华人民共和国境内持有深交所证券账户的社会公众投资者，包括：自然人、法人、证券投资基金等（法律法规禁止购买者除外）。（3）网下发行：持有深交所证券账户的机构投资者，包括：根据《中华人民共和国证券投资基金法》批准设立的证券投资基金和法律法规允许申购的法人，以及符合法律法规规定的其它机构投资者。（4）本次发行的主承销商及承销团成员的自营账户不得参与本次申购。,深交所综合协议交易平台,余额包销,"年产6000吨麦草畏原药项目,年产2000吨氟磺胺草醚原药和500吨三氟羧草醚原药项目,年产1600吨丁醚脲原药项目,年产500吨异噁草松原药项目,年产3500吨草铵膦原药项目,年产5000吨盐酸羟胺项目",11.41,2019-09-05,2019-02-26,2019-02-27,072391,长青发债,100.0,0.1,0.1,2019-03-01,2019-02-27,100.0,2020-04-16,2019-02-27,002391,深交所,江苏长青农化股份有限公司公开发行可转换公司债券
123019,中来转债,2019-02-21,2019-02-25,2019-02-22,100000.0,100000.0,100,100.0,"向原股东配售,网下询价发行,上网定价发行",公司原股东：发行公告公布的股权登记日收市后登记在册的公司所有A股股东。网上发行：持有深交所证券账户的自然人、法人、证券投资基金、符合法律规定的其他投资者等。网下发行：持有深交所证券账户的机构投资者。,深圳证券交易所；主承销商申万宏源处。,余额包销,年产1.5GW N型单晶双面TOPCon电池项目。,20.41,2019-09-01,2019-02-22,2019-02-25,370393,中来发债,100.0,0.1,0.1,2019-02-27,2019-02-25,100.0,2025-02-25,2019-02-25,300393,深交所,苏州中来光伏新材股份有限公司创业板公开发行可转换公司债券
128053,尚荣转债,2019-02-12,2019-02-14,2019-02-14,75000.0,75000.0,100,100.0,"向原股东配售,上网定价发行",向发行人原股东优先配售：本发行公告公布的股权登记日收市后在登记公司登记在册的发行人所有A股股东。网上发行：在深交所开立证券账户的境内自然人、法人、证券投资基金以及符合法律法规规定的其他投资者。,深圳证券交易所,余额包销,募集资金扣除发行费用后的募集资金净额拟用于高端医疗耗材产业化项目,4.94,2019-08-21,2019-02-13,2019-02-14,072551,尚荣发债,100.0,0.1,0.1,2019-02-18,2019-02-14,100.0,2025-02-14,2019-02-14,002551,深交所,2019年深圳市尚荣医疗股份有限公司公开发行可转换公司债券
128054,中宠转债,2019-02-13,2019-02-15,2019-02-14,19424.0,19424.0,100,100.0,"向原股东配售,网下询价发行,上网定价发行",公司原股东：发行公告公布的股权登记日收市后登记公司登记在册的公司所有A股股东；社会公众投资者：持有深交所证券账户的境内自然人、法人、证券投资基金等；持有深交所证券账户的机构投资者,承销团宏信证券有限责任公司设置的营业网点；深圳证券交易所,余额包销,年产3万吨宠物湿粮项目,37.97,2019-08-22,2019-02-14,2019-02-15,072891,中宠发债,100.0,0.1,0.1,2019-02-19,2019-02-15,100.0,2025-02-15,2019-02-15,002891,深交所,烟台中宠食品股份有限公司公开发行可转换公司债券
113527,维格转债,2019-01-22,2019-01-24,2019-01-24,74600.0,74600.0,100,100.0,"网上网下优先配售,交易所系统网上向社会公众投资者发行,交易所系统网下向机构投资者协议发行",（1）向发行人原股东优先配售：本发行公告公布的股权登记日（2019年1月23日，T-1日）收市后中国结算上海分公司登记在册的发行人所有股东。（2）网上发行：中华人民共和国境内持有上交所证券账户的社会公众投资者，包括：自然人、法人、证券投资基金等（法律法规禁止购买者除外）。（3）网下发行：持有上交所证券账户的机构投资者，包括根据《中华人民共和国证券投资基金法》批准设立的证券投资基金和法律法规允许申购的法人，以及符合法律法规规定的其他机构投资者。（4）本次发行的承销团成员的自营账户不得参与网上及网下申购。,上交所固定收益平台,余额包销,"支付收购TeenieWeenie品牌及该品牌相关的资产和业务项目尾款,补充流动资金,智能制造、智慧零售及供应链协同信息化平台",14.96,2019-07-30,2019-01-23,2019-01-24,754518,维格发债,100.0,0.1,0.1,2019-01-28,2019-01-24,100.0,2025-01-23,2019-01-24,603518,上交所,2019年维格娜丝时装股份有限公司可转换公司债券
113526,联泰转债,2019-01-21,2019-01-23,2019-01-23,39000.0,39000.0,100,100.0,"向原股东配售,上网定价发行",公司原股东：发行公告公布的股权登记日收市后登记在册的发行人所有股东；社会公众投资者：中华人民共和国境内持有上交所证券账户的自然人、法人及证券投资基金等机构（法律法规禁止购买者除外）。,全国所有与上交所交易系统联网的证券交易网点；上海证券交易所,余额包销,募集资金扣除发行费用后，将全部投资于长沙市岳麓污水处理厂提标改造及扩建工程项目。,12.31,2019-07-29,2019-01-22,2019-01-23,754797,联泰发债,100.0,0.1,0.1,2019-01-25,2019-01-23,100.0,2025-01-22,2019-01-23,603797,上交所,2019年广东联泰环保股份有限公司可转换公司债券
127010,平银转债,2019-01-17,2019-01-21,2019-01-21,2600000.0,2600000.0,100,100.0,"网下询价发行,上网定价发行,向原股东配售",原股东：发行公告公布的股权登记日（2019年1月18日，T-1日）收市后登记在册的发行人所有A股普通股股东；社会公众投资者，包括：自然人、法人、证券投资基金等；持有深交所证券账户的机构投资者。,深圳证券交易所；联席保荐机构（联席主承销商）中信证券处,余额包销,本行本次发行可转债的募集资金将用于支持未来业务发展，在可转债转股后按照相关监管要求用于补充本行核心一级资本。,11.77,2019-07-25,2019-01-18,2019-01-21,070001,平银发债,100.0,0.1,0.1,2019-01-23,2019-01-21,100.0,2025-01-21,2019-01-21,000001,深交所,平安银行股份有限公司公开发行可转换公司债券
127009,冰轮转债,2019-01-10,2019-01-14,2019-01-14,50913.0,50913.0,100,100.0,"网下询价发行,上网定价发行,向原股东配售",公司原股东：发行公告公布的股权登记日收市后登记公司登记在册的公司所有A股股东；社会公众投资者：持有深交所证券账户的境内自然人、法人、证券投资基金等；持有深交所证券账户的机构投资者,深圳证券交易所；保荐机构（主承销商）中信证券处,余额包销,绿色智能铸造技术改造项目；智能化压缩机工厂项目；补充流动资金,5.52,2019-07-18,2019-01-11,2019-01-14,070811,冰轮发债,100.0,0.1,0.1,2019-01-16,2019-01-14,100.0,2025-01-14,2019-01-14,000811,深交所,冰轮环境技术股份有限公司公开发行可转换公司债券
