代码,简称,公告标题,公告时间,公告链接
300667,必创科技,关于“必创定转”2021年<em>付息</em>公告,2020-12-31 20:03:43,http://www.cninfo.com.cn/new/disclosure/detail?stockCode=300667&announcementId=1209034503&orgId=9900031919&announcementTime=2020-12-31 20:03:43
000876,新 希 望,关于可转换公司债券<em>付息</em>的公告,2020-12-29 00:00:00,http://www.cninfo.com.cn/new/disclosure/detail?stockCode=000876&announcementId=1209006928&orgId=gssz0000876&announcementTime=2020-12-29 00:00:00
603089,正裕工业,可转换公司债券<em>付息</em>公告,2020-12-25 00:00:00,http://www.cninfo.com.cn/new/disclosure/detail?stockCode=603089&announcementId=1208981709&orgId=9900023726&announcementTime=2020-12-25 00:00:00
002455,百川股份,可转换公司债券2020年<em>付息</em>公告,2020-12-25 00:00:00,http://www.cninfo.com.cn/new/disclosure/detail?stockCode=002455&announcementId=1208980301&orgId=9900013692&announcementTime=2020-12-25 00:00:00
002873,新天药业,可转换公司债券2020年<em>付息</em>公告,2020-12-24 00:00:00,http://www.cninfo.com.cn/new/disclosure/detail?stockCode=002873&announcementId=1208972333&orgId=9900023814&announcementTime=2020-12-24 00:00:00
300577,开润股份,可转换公司债券<em>付息</em>公告,2020-12-23 00:00:00,http://www.cninfo.com.cn/new/disclosure/detail?stockCode=300577&announcementId=1208964186&orgId=9900030575&announcementTime=2020-12-23 00:00:00
002510,天汽模,可转换公司债券2020年<em>付息</em>公告,2020-12-22 00:00:00,http://www.cninfo.com.cn/new/disclosure/detail?stockCode=002510&announcementId=1208955364&orgId=9900015998&announcementTime=2020-12-22 00:00:00
601929,吉视传媒,可转换公司债券2020年<em>付息</em>的公告,2020-12-21 00:00:00,http://www.cninfo.com.cn/new/disclosure/detail?stockCode=601929&announcementId=1208941879&orgId=9900022073&announcementTime=2020-12-21 00:00:00
002658,雪迪龙,可转换公司债券2020年暨第三年<em>付息</em>公告,2020-12-21 00:00:00,http://www.cninfo.com.cn/new/disclosure/detail?stockCode=002658&announcementId=1208940514&orgId=9900022113&announcementTime=2020-12-21 00:00:00
300545,联得装备,可转换公司债券2020年<em>付息</em>公告,2020-12-18 16:34:48,http://www.cninfo.com.cn/new/disclosure/detail?stockCode=300545&announcementId=1208940124&orgId=9900028900&announcementTime=2020-12-18 16:34:48
002472,双环传动,可转换公司债券2020年<em>付息</em>公告,2020-12-18 00:00:00,http://www.cninfo.com.cn/new/disclosure/detail?stockCode=002472&announcementId=1208927724&orgId=9900014368&announcementTime=2020-12-18 00:00:00
002100,天康生物,可转换公司债券2020年<em>付息</em>公告,2020-12-16 00:00:00,http://www.cninfo.com.cn/new/disclosure/detail?stockCode=002100&announcementId=1208911378&orgId=9900001641&announcementTime=2020-12-16 00:00:00
300381,溢多利,关于“溢利转债”2020年<em>付息</em>公告,2020-12-16 00:00:00,http://www.cninfo.com.cn/new/disclosure/detail?stockCode=300381&announcementId=1208910821&orgId=9900019308&announcementTime=2020-12-16 00:00:00
002078,太阳纸业,可转换公司债券2020年<em>付息</em>公告,2020-12-16 00:00:00,http://www.cninfo.com.cn/new/disclosure/detail?stockCode=002078&announcementId=1208910813&orgId=9900001223&announcementTime=2020-12-16 00:00:00
002783,凯龙股份,可转换公司债券2020年<em>付息</em>公告,2020-12-15 00:00:00,http://www.cninfo.com.cn/new/disclosure/detail?stockCode=002783&announcementId=1208900450&orgId=9900022957&announcementTime=2020-12-15 00:00:00
002460,赣锋锂业,可转换公司债券<em>付息</em>公告,2020-12-15 00:00:00,http://www.cninfo.com.cn/new/disclosure/detail?stockCode=002460&announcementId=1208900087&orgId=9900013787&announcementTime=2020-12-15 00:00:00
603055,台华新材,关于可转换公司债券<em>付息</em>公告,2020-12-11 00:00:00,http://www.cninfo.com.cn/new/disclosure/detail?stockCode=603055&announcementId=1208885805&orgId=9900024946&announcementTime=2020-12-11 00:00:00
002083,孚日股份,可转换公司债券2020年<em>付息</em>公告,2020-12-11 00:00:00,http://www.cninfo.com.cn/new/disclosure/detail?stockCode=002083&announcementId=1208885710&orgId=9900001342&announcementTime=2020-12-11 00:00:00
002002,鸿达兴业,可转换公司债券2020年<em>付息</em>公告,2020-12-10 00:00:00,http://www.cninfo.com.cn/new/disclosure/detail?stockCode=002002&announcementId=1208875111&orgId=gssz0002002&announcementTime=2020-12-10 00:00:00
002741,光华科技,可转换公司债券2020年<em>付息</em>公告,2020-12-10 00:00:00,http://www.cninfo.com.cn/new/disclosure/detail?stockCode=002741&announcementId=1208874754&orgId=9900023101&announcementTime=2020-12-10 00:00:00
002772,众兴菌业,可转换公司债券2020年<em>付息</em>公告,2020-12-08 00:00:00,http://www.cninfo.com.cn/new/disclosure/detail?stockCode=002772&announcementId=1208864686&orgId=9900024538&announcementTime=2020-12-08 00:00:00
002376,新北洋,可转换公司债券2020年<em>付息</em>公告,2020-12-08 00:00:00,http://www.cninfo.com.cn/new/disclosure/detail?stockCode=002376&announcementId=1208863843&orgId=9900011249&announcementTime=2020-12-08 00:00:00
002865,钧达股份,可转换公司债券2020年<em>付息</em>公告,2020-12-07 00:00:00,http://www.cninfo.com.cn/new/disclosure/detail?stockCode=002865&announcementId=1208858225&orgId=9900029046&announcementTime=2020-12-07 00:00:00
002806,华锋股份,可转换公司债券2020年<em>付息</em>公告,2020-12-01 00:00:00,http://www.cninfo.com.cn/new/disclosure/detail?stockCode=002806&announcementId=1208820026&orgId=9900024944&announcementTime=2020-12-01 00:00:00
002728,特一药业,可转换公司债券2020年<em>付息</em>公告,2020-11-30 00:00:00,http://www.cninfo.com.cn/new/disclosure/detail?stockCode=002728&announcementId=1208811857&orgId=9900023186&announcementTime=2020-11-30 00:00:00
002284,亚太股份,可转换公司债券2020年<em>付息</em>公告,2020-11-27 00:00:00,http://www.cninfo.com.cn/new/disclosure/detail?stockCode=002284&announcementId=1208805438&orgId=9900007913&announcementTime=2020-11-27 00:00:00
600498,烽火通信,关于可转换公司债券2020年度<em>付息</em>公告,2020-11-25 00:00:00,http://www.cninfo.com.cn/new/disclosure/detail?stockCode=600498&announcementId=1208792153&orgId=gssh0600498&announcementTime=2020-11-25 00:00:00
002707,众信旅游,可转换公司债券2020年暨第三年<em>付息</em>公告,2020-11-24 00:00:00,http://www.cninfo.com.cn/new/disclosure/detail?stockCode=002707&announcementId=1208782780&orgId=9900023126&announcementTime=2020-11-24 00:00:00
002787,华源控股,可转换公司债券2020年<em>付息</em>公告,2020-11-24 00:00:00,http://www.cninfo.com.cn/new/disclosure/detail?stockCode=002787&announcementId=1208782111&orgId=9900026421&announcementTime=2020-11-24 00:00:00
002562,兄弟科技,可转换公司债券2020年<em>付息</em>公告,2020-11-23 00:00:00,http://www.cninfo.com.cn/new/disclosure/detail?stockCode=002562&announcementId=1208774663&orgId=9900018667&announcementTime=2020-11-23 00:00:00
603997,继峰股份,关于公司可转换公司债券<em>付息</em>完成的公告,2020-11-19 00:00:00,http://www.cninfo.com.cn/new/disclosure/detail?stockCode=603997&announcementId=1208763063&orgId=9900023694&announcementTime=2020-11-19 00:00:00
300388,国祯环保,可转换公司债券2020年<em>付息</em>公告,2020-11-18 17:21:26,http://www.cninfo.com.cn/new/disclosure/detail?stockCode=300388&announcementId=1208763263&orgId=9900019671&announcementTime=2020-11-18 17:21:26
002203,海亮股份,可转换公司债券2020年<em>付息</em>公告,2020-11-16 00:00:00,http://www.cninfo.com.cn/new/disclosure/detail?stockCode=002203&announcementId=1208745021&orgId=9900003945&announcementTime=2020-11-16 00:00:00
300618,寒锐钴业,关于“寒锐转债”2020年<em>付息</em>的公告,2020-11-16 00:00:00,http://www.cninfo.com.cn/new/disclosure/detail?stockCode=300618&announcementId=1208744719&orgId=9900030835&announcementTime=2020-11-16 00:00:00
000070,特发信息,可转换公司债券“特发转债”2020年<em>付息</em>公告,2020-11-11 00:00:00,http://www.cninfo.com.cn/new/disclosure/detail?stockCode=000070&announcementId=1208722898&orgId=gssz0000070&announcementTime=2020-11-11 00:00:00
300296,利亚德,关于“利德转债”2020年<em>付息</em>的公告,2020-11-10 16:47:00,http://www.cninfo.com.cn/new/disclosure/detail?stockCode=300296&announcementId=1208722878&orgId=9900021901&announcementTime=2020-11-10 16:47:00
002839,张家港行,可转换公司债券2020年<em>付息</em>公告,2020-11-05 00:00:00,http://www.cninfo.com.cn/new/disclosure/detail?stockCode=002839&announcementId=1208691117&orgId=9900022943&announcementTime=2020-11-05 00:00:00
002318,久立特材,可转换公司债券2020年<em>付息</em>公告,2020-11-03 00:00:00,http://www.cninfo.com.cn/new/disclosure/detail?stockCode=002318&announcementId=1208675408&orgId=9900009190&announcementTime=2020-11-03 00:00:00
002527,新时达,可转换公司债券2020年<em>付息</em>公告,2020-10-30 00:00:00,http://www.cninfo.com.cn/new/disclosure/detail?stockCode=002527&announcementId=1208650325&orgId=9900016567&announcementTime=2020-10-30 00:00:00
300265,通光线缆,关于“通光转债”2020年<em>付息</em>公告,2020-10-28 16:55:05,http://www.cninfo.com.cn/new/disclosure/detail?stockCode=300265&announcementId=1208636184&orgId=9900020970&announcementTime=2020-10-28 16:55:05
002597,金禾实业,可转换公司债券2020年<em>付息</em>公告,2020-10-27 00:00:00,http://www.cninfo.com.cn/new/disclosure/detail?stockCode=002597&announcementId=1208613912&orgId=9900020703&announcementTime=2020-10-27 00:00:00
300748,金力永磁,关于“金力转债”2020年<em>付息</em>公告,2020-10-26 00:00:00,http://www.cninfo.com.cn/new/disclosure/detail?stockCode=300748&announcementId=1208607849&orgId=gfbj0835009&announcementTime=2020-10-26 00:00:00
600000,浦发银行,上海浦东发展银行股份有限公司关于浦发转债2020年<em>付息</em>事宜的公告,2020-10-22 00:00:00,http://www.cninfo.com.cn/new/disclosure/detail?stockCode=600000&announcementId=1208597272&orgId=gssh0600000&announcementTime=2020-10-22 00:00:00
603688,石英股份,江苏太平洋石英股份有限公司可转换公司债券2020年<em>付息</em>公告,2020-10-22 00:00:00,http://www.cninfo.com.cn/new/disclosure/detail?stockCode=603688&announcementId=1208597033&orgId=9900023189&announcementTime=2020-10-22 00:00:00
000065,北方国际,关于“北方转债”2020年<em>付息</em>的公告,2020-10-20 00:00:00,http://www.cninfo.com.cn/new/disclosure/detail?stockCode=000065&announcementId=1208584681&orgId=gssz0000065&announcementTime=2020-10-20 00:00:00
002368,太极股份,可转换公司债券2020年<em>付息</em>公告,2020-10-15 00:00:00,http://www.cninfo.com.cn/new/disclosure/detail?stockCode=002368&announcementId=1208562204&orgId=9900010929&announcementTime=2020-10-15 00:00:00
002846,英联股份,关于“英联转债”2020年<em>付息</em>的公告,2020-10-14 00:00:00,http://www.cninfo.com.cn/new/disclosure/detail?stockCode=002846&announcementId=1208551758&orgId=9900030302&announcementTime=2020-10-14 00:00:00
002258,利尔化学,可转换公司债券2020年<em>付息</em>公告,2020-10-13 00:00:00,http://www.cninfo.com.cn/new/disclosure/detail?stockCode=002258&announcementId=1208537625&orgId=9900004975&announcementTime=2020-10-13 00:00:00
002722,金轮股份,关于“金轮转债”2020年<em>付息</em>的公告,2020-09-29 00:00:00,http://www.cninfo.com.cn/new/disclosure/detail?stockCode=002722&announcementId=1208504336&orgId=9900023197&announcementTime=2020-09-29 00:00:00
300591,万里马,可转换公司债券2020年<em>付息</em>公告,2020-09-25 00:00:00,http://www.cninfo.com.cn/new/disclosure/detail?stockCode=300591&announcementId=1208489737&orgId=9900030868&announcementTime=2020-09-25 00:00:00
002174,游族网络,可转换公司债券2020年<em>付息</em>公告,2020-09-16 00:00:00,http://www.cninfo.com.cn/new/disclosure/detail?stockCode=002174&announcementId=1208444706&orgId=9900003663&announcementTime=2020-09-16 00:00:00
002406,远东传动,可转换公司债券2020年<em>付息</em>公告,2020-09-16 00:00:00,http://www.cninfo.com.cn/new/disclosure/detail?stockCode=002406&announcementId=1208444092&orgId=9900012448&announcementTime=2020-09-16 00:00:00
300655,晶瑞股份,关于“晶瑞转债”2020年<em>付息</em>公告,2020-08-24 00:00:00,http://www.cninfo.com.cn/new/disclosure/detail?stockCode=300655&announcementId=1208227907&orgId=9900031917&announcementTime=2020-08-24 00:00:00
002013,中航机电,可转换公司债券2020年<em>付息</em>公告,2020-08-20 00:00:00,http://www.cninfo.com.cn/new/disclosure/detail?stockCode=002013&announcementId=1208206253&orgId=gssz0002013&announcementTime=2020-08-20 00:00:00
002615,哈尔斯,关于“哈尔转债”2020年<em>付息</em>的公告,2020-08-18 00:00:00,http://www.cninfo.com.cn/new/disclosure/detail?stockCode=002615&announcementId=1208187626&orgId=9900021413&announcementTime=2020-08-18 00:00:00
002842,翔鹭钨业,可转换公司债券2020年<em>付息</em>公告,2020-08-14 00:00:00,http://www.cninfo.com.cn/new/disclosure/detail?stockCode=002842&announcementId=1208170432&orgId=9900029049&announcementTime=2020-08-14 00:00:00
300040,九洲集团,可转换公司债券2020年<em>付息</em>公告,2020-08-13 00:00:00,http://www.cninfo.com.cn/new/disclosure/detail?stockCode=300040&announcementId=1208159143&orgId=9900009407&announcementTime=2020-08-13 00:00:00
603833,欧派家居,可转换公司债券<em>付息</em>公告,2020-08-11 00:00:00,http://www.cninfo.com.cn/new/disclosure/detail?stockCode=603833&announcementId=1208148159&orgId=9900029667&announcementTime=2020-08-11 00:00:00
002228,合兴包装,可转换公司债券2020年<em>付息</em>公告,2020-08-11 00:00:00,http://www.cninfo.com.cn/new/disclosure/detail?stockCode=002228&announcementId=1208147479&orgId=9900004545&announcementTime=2020-08-11 00:00:00
300677,英科医疗,关于“英科转债”2020年<em>付息</em>公告,2020-08-10 17:14:51,http://www.cninfo.com.cn/new/disclosure/detail?stockCode=300677&announcementId=1208147860&orgId=9900032727&announcementTime=2020-08-10 17:14:51
002717,岭南股份,“岭南转债”2020年<em>付息</em>公告,2020-08-07 00:00:00,http://www.cninfo.com.cn/new/disclosure/detail?stockCode=002717&announcementId=1208134002&orgId=9900023171&announcementTime=2020-08-07 00:00:00
300297,蓝盾股份,可转换公司债券2020年<em>付息</em>公告,2020-08-06 00:00:00,http://www.cninfo.com.cn/new/disclosure/detail?stockCode=300297&announcementId=1208130539&orgId=9900021832&announcementTime=2020-08-06 00:00:00
603898,好莱客,关于“好客转债”2020年<em>付息</em>的公告,2020-07-28 00:00:00,http://www.cninfo.com.cn/new/disclosure/detail?stockCode=603898&announcementId=1208079401&orgId=9900023664&announcementTime=2020-07-28 00:00:00
002793,罗欣药业,可转换公司债券2020年<em>付息</em>公告,2020-07-27 00:00:00,http://www.cninfo.com.cn/new/disclosure/detail?stockCode=002793&announcementId=1208074224&orgId=9900026645&announcementTime=2020-07-27 00:00:00
002823,凯中精密,可转换公司债券2020年<em>付息</em>公告,2020-07-24 00:00:00,http://www.cninfo.com.cn/new/disclosure/detail?stockCode=002823&announcementId=1208061653&orgId=9900028776&announcementTime=2020-07-24 00:00:00
002325,洪涛股份,关于“洪涛转债”2020年<em>付息</em>事宜的公告,2020-07-22 00:00:00,http://www.cninfo.com.cn/new/disclosure/detail?stockCode=002325&announcementId=1208055968&orgId=9900009509&announcementTime=2020-07-22 00:00:00
300407,凯发电气,可转换公司债券2020年<em>付息</em>公告,2020-07-21 00:00:00,http://www.cninfo.com.cn/new/disclosure/detail?stockCode=300407&announcementId=1208050465&orgId=9900023046&announcementTime=2020-07-21 00:00:00
300539,横河模具,可转换公司债券2020年<em>付息</em>公告,2020-07-20 21:29:57,http://www.cninfo.com.cn/new/disclosure/detail?stockCode=300539&announcementId=1208051874&orgId=9900026809&announcementTime=2020-07-20 21:29:57
603165,荣晟环保,可转换公司债券2020年<em>付息</em>的公告,2020-07-15 00:00:00,http://www.cninfo.com.cn/new/disclosure/detail?stockCode=603165&announcementId=1208032798&orgId=9900030004&announcementTime=2020-07-15 00:00:00
300057,万顺新材,关于“万顺转债”2020年<em>付息</em>的公告,2020-07-14 00:00:00,http://www.cninfo.com.cn/new/disclosure/detail?stockCode=300057&announcementId=1208027144&orgId=9900010150&announcementTime=2020-07-14 00:00:00
300473,德尔股份,可转换公司债券2020年<em>付息</em>公告,2020-07-13 11:45:53,http://www.cninfo.com.cn/new/disclosure/detail?stockCode=300473&announcementId=1208026683&orgId=9900024764&announcementTime=2020-07-13 11:45:53
002446,盛路通信,可转换公司债券2020年<em>付息</em>公告,2020-07-13 00:00:00,http://www.cninfo.com.cn/new/disclosure/detail?stockCode=002446&announcementId=1208023666&orgId=9900013369&announcementTime=2020-07-13 00:00:00
600398,海澜之家,可转换公司债券<em>付息</em>公告,2020-07-07 00:00:00,http://www.cninfo.com.cn/new/disclosure/detail?stockCode=600398&announcementId=1208007543&orgId=gssh0600398&announcementTime=2020-07-07 00:00:00
601211,国泰君安,关于“国君转债”2020年<em>付息</em>事宜的公告,2020-06-30 00:00:00,http://www.cninfo.com.cn/new/disclosure/detail?stockCode=601211&announcementId=1207969469&orgId=qsgn0000116&announcementTime=2020-06-30 00:00:00
002877,智能自控,可转换公司债券2020年<em>付息</em>公告,2020-06-24 00:00:00,http://www.cninfo.com.cn/new/disclosure/detail?stockCode=002877&announcementId=1207955108&orgId=9900031501&announcementTime=2020-06-24 00:00:00
600831,广电网络,关于“广电转债”2020年<em>付息</em>的公告,2020-06-19 00:00:00,http://www.cninfo.com.cn/new/disclosure/detail?stockCode=600831&announcementId=1207938883&orgId=gssh0600831&announcementTime=2020-06-19 00:00:00
000665,湖北广电,可转换公司债券2020年<em>付息</em>公告,2020-06-19 00:00:00,http://www.cninfo.com.cn/new/disclosure/detail?stockCode=000665&announcementId=1207938594&orgId=gssz0000665&announcementTime=2020-06-19 00:00:00
002907,华森制药,关于“华森转债”2020年<em>付息</em>的公告,2020-06-18 00:00:00,http://www.cninfo.com.cn/new/disclosure/detail?stockCode=002907&announcementId=1207935699&orgId=9900033357&announcementTime=2020-06-18 00:00:00
601200,上海环境,关于“环境转债”2020年<em>付息</em>事宜的公告,2020-06-11 00:00:00,http://www.cninfo.com.cn/new/disclosure/detail?stockCode=601200&announcementId=1207915385&orgId=9900034899&announcementTime=2020-06-11 00:00:00
002758,华通医药,可转换公司债券2020年<em>付息</em>公告,2020-06-10 00:00:00,http://www.cninfo.com.cn/new/disclosure/detail?stockCode=002758&announcementId=1207912021&orgId=9900023652&announcementTime=2020-06-10 00:00:00
601020,华钰矿业,关于可转换公司债券2020年<em>付息</em>的公告,2020-06-09 00:00:00,http://www.cninfo.com.cn/new/disclosure/detail?stockCode=601020&announcementId=1207907470&orgId=9900029826&announcementTime=2020-06-09 00:00:00
600271,航天信息,关于航信转债<em>付息</em>事宜的公告,2020-06-08 00:00:00,http://www.cninfo.com.cn/new/disclosure/detail?stockCode=600271&announcementId=1207904623&orgId=gssh0600271&announcementTime=2020-06-08 00:00:00
300487,蓝晓科技,关于“蓝晓转债”2020年<em>付息</em>公告,2020-06-05 00:00:00,http://www.cninfo.com.cn/new/disclosure/detail?stockCode=300487&announcementId=1207898042&orgId=9900023808&announcementTime=2020-06-05 00:00:00
300692,中环环保,可转换公司债券2020年<em>付息</em>公告,2020-06-03 00:00:00,http://www.cninfo.com.cn/new/disclosure/detail?stockCode=300692&announcementId=1207889914&orgId=9900033180&announcementTime=2020-06-03 00:00:00
002279,久其软件,可转换公司债券2020年<em>付息</em>公告,2020-06-03 00:00:00,http://www.cninfo.com.cn/new/disclosure/detail?stockCode=002279&announcementId=1207888897&orgId=9900000821&announcementTime=2020-06-03 00:00:00
002224,三 力 士,可转换公司债券2020年<em>付息</em>公告,2020-06-02 00:00:00,http://www.cninfo.com.cn/new/disclosure/detail?stockCode=002224&announcementId=1207883814&orgId=9900004521&announcementTime=2020-06-02 00:00:00
000861,海印股份,可转换公司债券2020年<em>付息</em>公告,2020-06-02 00:00:00,http://www.cninfo.com.cn/new/disclosure/detail?stockCode=000861&announcementId=1207883396&orgId=gssz0000861&announcementTime=2020-06-02 00:00:00
603179,新泉股份,关于可转换公司债券2019年度<em>付息</em>公告,2020-05-29 00:00:00,http://www.cninfo.com.cn/new/disclosure/detail?stockCode=603179&announcementId=1207872631&orgId=9900030577&announcementTime=2020-05-29 00:00:00
603578,三星新材,关于可转换公司债券2020年<em>付息</em>的公告,2020-05-26 00:00:00,http://www.cninfo.com.cn/new/disclosure/detail?stockCode=603578&announcementId=1207858126&orgId=gfbj0831645&announcementTime=2020-05-26 00:00:00
002727,一心堂,可转换公司债券2020年<em>付息</em>的公告,2020-04-14 00:00:00,http://www.cninfo.com.cn/new/disclosure/detail?stockCode=002727&announcementId=1207491377&orgId=9900023195&announcementTime=2020-04-14 00:00:00
002753,永东股份,可转换公司债券2020年<em>付息</em>公告,2020-04-13 00:00:00,http://www.cninfo.com.cn/new/disclosure/detail?stockCode=002753&announcementId=1207481036&orgId=9900022937&announcementTime=2020-04-13 00:00:00
002497,雅化集团,可转换公司债券2020年<em>付息</em>公告,2020-04-11 00:00:00,http://www.cninfo.com.cn/new/disclosure/detail?stockCode=002497&announcementId=1207481046&orgId=9900015673&announcementTime=2020-04-11 00:00:00
002811,亚泰国际,关于“亚泰转债”2020年<em>付息</em>事宜的公告,2020-04-11 00:00:00,http://www.cninfo.com.cn/new/disclosure/detail?stockCode=002811&announcementId=1207480873&orgId=9900026798&announcementTime=2020-04-11 00:00:00
601985,中国核电,可转换公司债券2020年<em>付息</em>的公告,2020-04-09 00:00:00,http://www.cninfo.com.cn/new/disclosure/detail?stockCode=601985&announcementId=1207469189&orgId=9900022188&announcementTime=2020-04-09 00:00:00
000810,创维数字,可转换公司债券2020年<em>付息</em>公告,2020-04-09 00:00:00,http://www.cninfo.com.cn/new/disclosure/detail?stockCode=000810&announcementId=1207467697&orgId=gssz0000810&announcementTime=2020-04-09 00:00:00
603876,鼎胜新材,关于可转换公司债券2019年度<em>付息</em>的公告,2020-04-02 00:00:00,http://www.cninfo.com.cn/new/disclosure/detail?stockCode=603876&announcementId=1207448215&orgId=9900035545&announcementTime=2020-04-02 00:00:00
601611,中国核建,关于“核建转债”2020年<em>付息</em>事宜的公告,2020-04-01 00:00:00,http://www.cninfo.com.cn/new/disclosure/detail?stockCode=601611&announcementId=1207440499&orgId=9900028774&announcementTime=2020-04-01 00:00:00
002538,司尔特,关于司尔转债2020年<em>付息</em>公告,2020-03-31 00:00:00,http://www.cninfo.com.cn/new/disclosure/detail?stockCode=002538&announcementId=1207427725&orgId=9900017115&announcementTime=2020-03-31 00:00:00
002631,德尔未来,关于可转换公司债券2020年<em>付息</em>的公告,2020-03-27 00:00:00,http://www.cninfo.com.cn/new/disclosure/detail?stockCode=002631&announcementId=1207409386&orgId=9900021631&announcementTime=2020-03-27 00:00:00
002370,亚太药业,可转换公司债券2020年<em>付息</em>公告,2020-03-26 00:00:00,http://www.cninfo.com.cn/new/disclosure/detail?stockCode=002370&announcementId=1207404127&orgId=9900011032&announcementTime=2020-03-26 00:00:00
002131,利欧股份,可转换公司债券2020年<em>付息</em>公告,2020-03-17 00:00:00,http://www.cninfo.com.cn/new/disclosure/detail?stockCode=002131&announcementId=1207377035&orgId=9900002724&announcementTime=2020-03-17 00:00:00
300700,岱勒新材,关于“岱勒转债”2020年<em>付息</em>公告,2020-03-17 00:00:00,http://www.cninfo.com.cn/new/disclosure/detail?stockCode=300700&announcementId=1207376910&orgId=9900031612&announcementTime=2020-03-17 00:00:00
001965,招商公路,可转换公司债券2020年<em>付息</em>公告,2020-03-17 00:00:00,http://www.cninfo.com.cn/new/disclosure/detail?stockCode=001965&announcementId=1207376829&orgId=GD008065&announcementTime=2020-03-17 00:00:00
300088,长信科技,关于“长信转债”2020年<em>付息</em>公告,2020-03-13 18:17:25,http://www.cninfo.com.cn/new/disclosure/detail?stockCode=300088&announcementId=1207372716&orgId=9900012229&announcementTime=2020-03-13 18:17:25
300335,迪森股份,可转换公司债券2020年<em>付息</em>公告,2020-03-13 00:00:00,http://www.cninfo.com.cn/new/disclosure/detail?stockCode=300335&announcementId=1207367906&orgId=9900022260&announcementTime=2020-03-13 00:00:00
600487,亨通光电,可转换公司债券<em>付息</em>公告,2020-03-12 00:00:00,http://www.cninfo.com.cn/new/disclosure/detail?stockCode=600487&announcementId=1207364803&orgId=gssh0600487&announcementTime=2020-03-12 00:00:00
002542,中化岩土,可转换公司债券2020年<em>付息</em>公告,2020-03-11 00:00:00,http://www.cninfo.com.cn/new/disclosure/detail?stockCode=002542&announcementId=1207359755&orgId=9900017427&announcementTime=2020-03-11 00:00:00
600919,江苏银行,关于“苏银转债”2020年<em>付息</em>事宜的公告,2020-03-10 00:00:00,http://www.cninfo.com.cn/new/disclosure/detail?stockCode=600919&announcementId=1207355803&orgId=9900006248&announcementTime=2020-03-10 00:00:00
601818,光大银行,关于“光大转债”2020年<em>付息</em>事宜的公告,2020-03-10 00:00:00,http://www.cninfo.com.cn/new/disclosure/detail?stockCode=601818&announcementId=1207355785&orgId=9900006246&announcementTime=2020-03-10 00:00:00
600197,伊力特,可转换公司债券<em>付息</em>公告,2020-03-09 00:00:00,http://www.cninfo.com.cn/new/disclosure/detail?stockCode=600197&announcementId=1207353773&orgId=gssh0600197&announcementTime=2020-03-09 00:00:00
000783,长江证券,可转换公司债券2020年<em>付息</em>公告,2020-03-09 00:00:00,http://www.cninfo.com.cn/new/disclosure/detail?stockCode=000783&announcementId=1207350295&orgId=gssz0000783&announcementTime=2020-03-09 00:00:00
000623,吉林敖东,可转换公司债券2020年<em>付息</em>公告,2020-03-06 00:00:00,http://www.cninfo.com.cn/new/disclosure/detail?stockCode=000623&announcementId=1207347334&orgId=gssz0000623&announcementTime=2020-03-06 00:00:00
002841,视源股份,可转换公司债券2020年<em>付息</em>公告,2020-03-04 00:00:00,http://www.cninfo.com.cn/new/disclosure/detail?stockCode=002841&announcementId=1207342081&orgId=9900029752&announcementTime=2020-03-04 00:00:00
601878,浙商证券,关于“浙商转债”2020年<em>付息</em>事宜的公告,2020-03-04 00:00:00,http://www.cninfo.com.cn/new/disclosure/detail?stockCode=601878&announcementId=1207341747&orgId=qsgn0000203&announcementTime=2020-03-04 00:00:00
002548,金新农,可转换公司债券2020年<em>付息</em>公告,2020-03-03 00:00:00,http://www.cninfo.com.cn/new/disclosure/detail?stockCode=002548&announcementId=1207337756&orgId=9900017829&announcementTime=2020-03-03 00:00:00
000887,中鼎股份,关于可转换公司债券2020年<em>付息</em>公告,2020-03-02 00:00:00,http://www.cninfo.com.cn/new/disclosure/detail?stockCode=000887&announcementId=1207331830&orgId=gssz0000887&announcementTime=2020-03-02 00:00:00
603618,杭电股份,关于“杭电转债”2020年<em>付息</em>事宜的公告,2020-02-28 00:00:00,http://www.cninfo.com.cn/new/disclosure/detail?stockCode=603618&announcementId=1207329043&orgId=9900023676&announcementTime=2020-02-28 00:00:00
002649,博彦科技,可转换公司债券2020年<em>付息</em>公告,2020-02-28 00:00:00,http://www.cninfo.com.cn/new/disclosure/detail?stockCode=002649&announcementId=1207328682&orgId=9900021913&announcementTime=2020-02-28 00:00:00
601998,中信银行,关于“中信转债”2020年<em>付息</em>事宜的公告,2020-02-27 00:00:00,http://www.cninfo.com.cn/new/disclosure/detail?stockCode=601998&announcementId=1207325820&orgId=9900002721&announcementTime=2020-02-27 00:00:00
300168,万达信息,关于“万信转2”2020年<em>付息</em>公告,2020-02-27 00:00:00,http://www.cninfo.com.cn/new/disclosure/detail?stockCode=300168&announcementId=1207325204&orgId=9900015690&announcementTime=2020-02-27 00:00:00
300497,富祥股份,关于“富祥转债”2020年<em>付息</em>公告,2020-02-24 17:11:33,http://www.cninfo.com.cn/new/disclosure/detail?stockCode=300497&announcementId=1207320168&orgId=9900026422&announcementTime=2020-02-24 17:11:33
603897,长城科技,关于可转换公司债券2020年<em>付息</em>的公告,2020-02-24 00:00:00,http://www.cninfo.com.cn/new/disclosure/detail?stockCode=603897&announcementId=1207318230&orgId=9900034846&announcementTime=2020-02-24 00:00:00
002391,长青股份,可转换公司债券2020年<em>付息</em>公告,2020-02-22 00:00:00,http://www.cninfo.com.cn/new/disclosure/detail?stockCode=002391&announcementId=1207317320&orgId=9900011848&announcementTime=2020-02-22 00:00:00
002863,今飞凯达,可转换公司债券2020年<em>付息</em>公告,2020-02-21 00:00:00,http://www.cninfo.com.cn/new/disclosure/detail?stockCode=002863&announcementId=1207315540&orgId=9900030825&announcementTime=2020-02-21 00:00:00
300393,中来股份,关于“中来转债”2020年<em>付息</em>公告,2020-02-19 00:00:00,http://www.cninfo.com.cn/new/disclosure/detail?stockCode=300393&announcementId=1207311253&orgId=9900023876&announcementTime=2020-02-19 00:00:00
002891,中宠股份,关于可转换公司债券2020年<em>付息</em>的公告,2020-02-11 00:00:00,http://www.cninfo.com.cn/new/disclosure/detail?stockCode=002891&announcementId=1207300266&orgId=9900032780&announcementTime=2020-02-11 00:00:00
601727,上海电气,关于可转换公司债券<em>付息</em>安排的调整公告,2020-01-31 00:00:00,http://www.cninfo.com.cn/new/disclosure/detail?stockCode=601727&announcementId=1207286839&orgId=9900005766&announcementTime=2020-01-31 00:00:00
002807,江阴银行,关于调整可转换公司债券<em>付息</em>除息日的提示性公告,2020-01-30 11:12:05,http://www.cninfo.com.cn/new/disclosure/detail?stockCode=002807&announcementId=1207286726&orgId=9900022947&announcementTime=2020-01-30 11:12:05
002008,大族激光,关于可转换公司债券2020年<em>付息</em>公告,2020-01-23 00:00:00,http://www.cninfo.com.cn/new/disclosure/detail?stockCode=002008&announcementId=1207281075&orgId=gssz0002008&announcementTime=2020-01-23 00:00:00
601727,上海电气,可转换公司债券<em>付息</em>公告,2020-01-21 00:00:00,http://www.cninfo.com.cn/new/disclosure/detail?stockCode=601727&announcementId=1207270963&orgId=9900005766&announcementTime=2020-01-21 00:00:00
002807,江阴银行,可转换公司债券2020年<em>付息</em>公告,2020-01-20 00:00:00,http://www.cninfo.com.cn/new/disclosure/detail?stockCode=002807&announcementId=1207262456&orgId=9900022947&announcementTime=2020-01-20 00:00:00
603518,锦泓集团,关于“维格转债”<em>付息</em>的公告,2020-01-17 00:00:00,http://www.cninfo.com.cn/new/disclosure/detail?stockCode=603518&announcementId=1207258006&orgId=9900023765&announcementTime=2020-01-17 00:00:00
603797,联泰环保,关于可转换公司债券2020年<em>付息</em>的公告,2020-01-15 00:00:00,http://www.cninfo.com.cn/new/disclosure/detail?stockCode=603797&announcementId=1207250057&orgId=9900029385&announcementTime=2020-01-15 00:00:00
002245,澳洋顺昌,可转换公司债券2020年<em>付息</em>公告,2020-01-15 00:00:00,http://www.cninfo.com.cn/new/disclosure/detail?stockCode=002245&announcementId=1207249190&orgId=9900004790&announcementTime=2020-01-15 00:00:00
601238,广汽集团,关于2016年可转换公司债券2020年<em>付息</em>的公告,2020-01-14 00:00:00,http://www.cninfo.com.cn/new/disclosure/detail?stockCode=601238&announcementId=1207246250&orgId=9900006006&announcementTime=2020-01-14 00:00:00
