BOND_COMBINE_CODE,SECURITY_CODE,TRADE_MARKET,SECURITY_NAME_ABBR,SECUCODE,DATE_TYPE_CODE,DATE_TYPE,IS_INTERVAL,START_DATE,END_DATE,NUM
19270600001KJZ,110054,CNSESH,通威转债,110054.SH,0453,债券承销期,1,2019-03-14 00:00:00,2019-03-22 00:00:00,1
19270600001KJZ,110054,CNSESH,通威转债,110054.SH,0482,债券缴款期,1,2019-03-15 00:00:00,2019-03-20 00:00:00,2
19270600001KJZ,110054,CNSESH,通威转债,110054.SH,0408,网下申购定金缴款日,0,2019-03-15 00:00:00,,3
19270600001KJZ,110054,CNSESH,通威转债,110054.SH,0402,网上路演推荐日,0,2019-03-15 00:00:00,,4
19270600001KJZ,110054,CNSESH,通威转债,110054.SH,0405,原股东优先配售股权登记日,0,2019-03-15 00:00:00,,5
19270600001KJZ,110054,CNSESH,通威转债,110054.SH,0448,网上申购配号日,0,2019-03-18 00:00:00,,6
19270600001KJZ,110054,CNSESH,通威转债,110054.SH,0425,网上中签率确定日,0,2019-03-18 00:00:00,,7
19270600001KJZ,110054,CNSESH,通威转债,110054.SH,0419,网上摇号抽签日,0,2019-03-19 00:00:00,,8
19270600001KJZ,110054,CNSESH,通威转债,110054.SH,0475,网上中签结果公告日,0,2019-03-20 00:00:00,,9
19270600001KJZ,110054,CNSESH,通威转债,110054.SH,0418,网下申购定金不足补交日,0,2019-03-20 00:00:00,,10
19270600001KJZ,110054,CNSESH,通威转债,110054.SH,0447,主承销商向发行人划款日,0,2019-03-22 00:00:00,,11
19270600001KJZ,110054,CNSESH,通威转债,110054.SH,0417,退还未获配售的网下申购定金日,0,2019-03-22 00:00:00,,12
19270600001KJZ,110054,CNSESH,通威转债,110054.SH,0451,债券资金到账日,0,2019-03-22 00:00:00,,13
19270600001KJZ,110054,CNSESH,通威转债,110054.SH,0436,上交所上市日期披露时间,0,2019-04-05 00:00:00,,14
19270600001KJZ,110054,CNSESH,通威转债,110054.SH,0478,停止交易日,0,2020-03-17 00:00:00,,15
