date,open_sina,high_sina,low_sina,close_sina,volume,open_tushare,high_tushare,low_tushare,close_tushare,open_difference,high_difference,low_difference,close_difference
2019-04-10,118.0,120.38,117.5,119.9,13013570,118.0,120.38,117.5,119.9,0.0,0.0,0.0,0.0
2019-04-11,119.5,120.1,115.5,117.0,4358360,119.5,120.1,115.5,117.0,0.0,0.0,0.0,0.0
2019-04-12,116.64,119.29,116.63,117.5,1126930,116.64,119.29,116.63,117.5,0.0,0.0,0.0,0.0
2019-04-15,117.45,120.01,115.0,115.8,857160,117.45,120.01,115.0,115.8,0.0,0.0,0.0,0.0
2019-04-16,115.0,115.33,110.01,114.87,907300,115.0,115.33,110.01,114.87,0.0,0.0,0.0,0.0
2019-04-17,115.0,120.95,115.0,119.27,1459520,115.0,120.95,115.0,119.27,0.0,0.0,0.0,0.0
2019-04-18,119.22,128.4,119.22,122.85,810260,119.22,128.4,119.22,122.85,0.0,0.0,0.0,0.0
2019-04-19,123.1,127.88,121.15,126.6,430130,123.1,127.88,121.15,126.6,0.0,0.0,0.0,0.0
2019-04-22,126.9,130.5,124.0,124.21,1119110,126.9,130.5,124.0,124.21,0.0,0.0,0.0,0.0
2019-04-23,124.21,126.0,120.36,121.0,1542150,124.21,126.0,120.36,121.0,0.0,0.0,0.0,0.0
2019-04-24,121.22,123.99,120.52,121.18,503160,121.22,123.99,120.52,121.18,0.0,0.0,0.0,0.0
2019-04-25,121.95,122.8,118.6,118.68,810870,121.95,122.8,118.6,118.68,0.0,0.0,0.0,0.0
2019-04-26,118.68,120.3,117.04,118.61,398920,118.68,120.3,117.04,118.61,0.0,0.0,0.0,0.0
2019-04-29,118.73,122.05,118.73,120.12,422700,118.73,122.05,118.73,120.12,0.0,0.0,0.0,0.0
2019-04-30,120.12,122.6,117.8,118.9,394920,120.12,122.6,117.8,118.9,0.0,0.0,0.0,0.0
2019-05-06,118.99,118.99,115.0,117.01,872810,118.99,118.99,115.0,117.01,0.0,0.0,0.0,0.0
2019-05-07,117.36,122.29,117.31,121.15,931560,117.36,122.29,117.31,121.15,0.0,0.0,0.0,0.0
2019-05-08,118.11,122.0,118.11,120.57,376570,118.11,122.0,118.11,120.57,0.0,0.0,0.0,0.0
2019-05-09,120.57,121.88,116.01,120.28,486780,120.57,121.88,116.01,120.28,0.0,0.0,0.0,0.0
2019-05-10,122.0,126.5,120.76,124.51,836070,122.0,126.5,120.76,124.51,0.0,0.0,0.0,0.0
2019-05-13,123.5,126.5,121.26,123.17,241650,123.5,126.5,121.26,123.17,0.0,0.0,0.0,0.0
2019-05-14,123.39,126.66,123.39,125.78,494590,123.39,126.66,123.39,125.78,0.0,0.0,0.0,0.0
2019-05-15,126.8,134.6,126.36,134.58,2383600,126.8,134.6,126.36,134.58,0.0,0.0,0.0,0.0
2019-05-16,134.0,136.99,130.86,133.68,563100,134.0,136.99,130.86,133.68,0.0,0.0,0.0,0.0
2019-05-17,133.0,136.3,130.01,131.04,330100,133.0,136.3,130.01,131.04,0.0,0.0,0.0,0.0
2019-05-20,130.88,131.9,123.0,126.44,908060,130.88,131.9,123.0,126.44,0.0,0.0,0.0,0.0
2019-05-21,126.79,128.5,125.26,125.77,418870,126.79,128.5,125.26,125.77,0.0,0.0,0.0,0.0
2019-05-22,125.79,131.0,125.79,127.05,180990,125.79,131.0,125.79,127.05,0.0,0.0,0.0,0.0
2019-05-23,126.5,127.99,125.0,125.1,244640,126.5,127.99,125.0,125.1,0.0,0.0,0.0,0.0
2019-05-24,125.71,127.8,122.6,124.6,221730,125.71,127.8,122.6,124.6,0.0,0.0,0.0,0.0
2019-05-27,124.5,128.8,124.5,128.52,690850,124.5,128.8,124.5,128.52,0.0,0.0,0.0,0.0
2019-05-28,129.15,130.02,127.02,128.6,716630,129.15,130.02,127.02,128.6,0.0,0.0,0.0,0.0
2019-05-29,128.11,128.77,126.88,127.65,235610,128.11,128.77,126.88,127.65,0.0,0.0,0.0,0.0
2019-05-30,127.05,129.48,124.49,126.44,341810,127.05,129.48,124.49,126.44,0.0,0.0,0.0,0.0
2019-05-31,129.5,130.85,126.53,127.69,610640,129.5,130.85,126.53,127.69,0.0,0.0,0.0,0.0
2019-06-03,127.69,128.93,125.2,125.9,167720,127.69,128.93,125.2,125.9,0.0,0.0,0.0,0.0
2019-06-04,126.8,127.6,123.6,125.4,173350,126.8,127.6,123.6,125.4,0.0,0.0,0.0,0.0
2019-06-05,125.66,126.4,122.07,122.92,511490,125.66,126.4,122.07,122.92,0.0,0.0,0.0,0.0
2019-06-06,123.02,124.01,120.3,120.59,188210,123.02,124.01,120.3,120.59,0.0,0.0,0.0,0.0
2019-06-10,121.0,124.0,120.77,123.03,304280,121.0,124.0,120.77,123.03,0.0,0.0,0.0,0.0
2019-06-11,123.22,126.48,123.22,125.4,562300,123.22,126.48,123.22,125.4,0.0,0.0,0.0,0.0
2019-06-12,125.2,125.9,122.6,122.85,297340,125.2,125.9,122.6,122.85,0.0,0.0,0.0,0.0
2019-06-13,122.9,123.88,121.63,122.03,138870,122.9,123.88,121.63,122.03,0.0,0.0,0.0,0.0
2019-06-14,122.69,123.3,120.4,120.57,268590,122.69,123.3,120.4,120.57,0.0,0.0,0.0,0.0
2019-06-17,120.6,120.6,115.99,118.7,224520,120.6,120.6,115.99,118.7,0.0,0.0,0.0,0.0
2019-06-18,119.05,120.0,118.0,119.1,342770,119.05,120.0,118.0,119.1,0.0,0.0,0.0,0.0
2019-06-19,120.78,123.2,120.2,120.68,444400,120.78,123.2,120.2,120.68,0.0,0.0,0.0,0.0
2019-06-20,120.6,123.8,120.4,123.5,130760,120.6,123.8,120.4,123.5,0.0,0.0,0.0,0.0
2019-06-21,123.5,125.52,123.2,123.76,130670,123.5,125.52,123.2,123.76,0.0,0.0,0.0,0.0
2019-06-24,123.9,125.36,123.11,124.3,100500,123.9,125.36,123.11,124.3,0.0,0.0,0.0,0.0
2019-06-25,124.2,124.2,119.0,120.82,341140,124.2,124.2,119.0,120.82,0.0,0.0,0.0,0.0
2019-06-26,120.8,121.0,118.76,120.58,139440,120.8,121.0,118.76,120.58,0.0,0.0,0.0,0.0
2019-06-27,120.7,123.5,120.7,123.1,76750,120.7,123.5,120.7,123.1,0.0,0.0,0.0,0.0
2019-06-28,123.3,125.0,121.87,122.92,313370,123.3,125.0,121.87,122.92,0.0,0.0,0.0,0.0
2019-07-01,123.3,126.12,123.3,124.22,246650,123.3,126.12,123.3,124.22,0.0,0.0,0.0,0.0
2019-07-02,124.06,124.06,119.02,122.41,306900,124.06,124.06,119.02,122.41,0.0,0.0,0.0,0.0
2019-07-03,122.6,123.28,121.51,122.22,122610,122.6,123.28,121.51,122.22,0.0,0.0,0.0,0.0
2019-07-04,122.5,122.71,121.8,122.1,24090,122.5,122.71,121.8,122.1,0.0,0.0,0.0,0.0
2019-07-05,124.0,125.0,121.8,121.82,282180,124.0,125.0,121.8,121.82,0.0,0.0,0.0,0.0
2019-07-08,121.8,121.8,120.5,120.89,74240,121.8,121.8,120.5,120.89,0.0,0.0,0.0,0.0
2019-07-09,120.8,121.86,120.2,120.21,37230,120.8,121.86,120.2,120.21,0.0,0.0,0.0,0.0
2019-07-10,120.5,121.0,119.79,119.95,62230,120.5,121.0,119.79,119.95,0.0,0.0,0.0,0.0
2019-07-11,120.1,120.1,116.17,116.5,254970,120.1,120.1,116.17,116.5,0.0,0.0,0.0,0.0
2019-07-12,116.6,121.61,116.6,118.81,937720,116.6,121.61,116.6,118.81,0.0,0.0,0.0,0.0
2019-07-15,118.88,119.7,118.05,119.0,215190,118.88,119.7,118.05,119.0,0.0,0.0,0.0,0.0
2019-07-16,118.8,119.01,118.22,118.3,141240,118.8,119.01,118.22,118.3,0.0,0.0,0.0,0.0
2019-07-17,118.5,119.7,118.5,119.39,294210,118.5,119.7,118.5,119.39,0.0,0.0,0.0,0.0
2019-07-18,119.5,121.7,119.41,120.46,189500,119.5,121.7,119.41,120.46,0.0,0.0,0.0,0.0
2019-07-19,120.49,121.5,120.4,120.6,107280,120.49,121.5,120.4,120.6,0.0,0.0,0.0,0.0
2019-07-22,120.42,121.11,120.0,120.59,81720,120.42,121.11,120.0,120.59,0.0,0.0,0.0,0.0
2019-07-23,120.59,123.45,120.59,122.4,71600,120.59,123.45,120.59,122.4,0.0,0.0,0.0,0.0
2019-07-24,122.5,122.95,122.1,122.4,110180,122.5,122.95,122.1,122.4,0.0,0.0,0.0,0.0
2019-07-25,122.2,124.0,122.0,123.4,93050,122.2,124.0,122.0,123.4,0.0,0.0,0.0,0.0
2019-07-26,123.0,125.25,122.51,125.19,365870,123.0,125.25,122.51,125.19,0.0,0.0,0.0,0.0
2019-07-29,125.2,127.76,124.66,125.99,531650,125.2,127.76,124.66,125.99,0.0,0.0,0.0,0.0
2019-07-30,126.1,127.59,125.9,126.4,147070,126.1,127.59,125.9,126.4,0.0,0.0,0.0,0.0
2019-07-31,126.45,127.5,125.44,127.05,88520,126.45,127.5,125.44,127.05,0.0,0.0,0.0,0.0
2019-08-01,125.99,127.0,125.99,126.32,46370,125.99,127.0,125.99,126.32,0.0,0.0,0.0,0.0
2019-08-02,123.4,126.5,123.4,125.8,177280,123.4,126.5,123.4,125.8,0.0,0.0,0.0,0.0
2019-08-05,125.8,126.66,124.0,124.29,238440,125.8,126.66,124.0,124.29,0.0,0.0,0.0,0.0
2019-08-06,123.0,123.91,121.0,122.78,537810,123.0,123.91,121.0,122.78,0.0,0.0,0.0,0.0
2019-08-07,123.87,125.0,122.8,122.8,62840,123.87,125.0,122.8,122.8,0.0,0.0,0.0,0.0
2019-08-08,123.0,124.0,122.4,122.62,133830,123.0,124.0,122.4,122.62,0.0,0.0,0.0,0.0
2019-08-09,122.7,124.5,122.61,122.91,235850,122.7,124.5,122.61,122.91,0.0,0.0,0.0,0.0
2019-08-12,122.8,123.5,122.2,122.91,271710,122.8,123.5,122.2,122.91,0.0,0.0,0.0,0.0
2019-08-13,123.2,123.8,122.11,122.21,193230,123.2,123.8,122.11,122.21,0.0,0.0,0.0,0.0
2019-08-14,122.2,123.88,122.0,122.2,294720,122.2,123.88,122.0,122.2,0.0,0.0,0.0,0.0
2019-08-15,122.2,123.59,121.6,122.7,246320,122.2,123.59,121.6,122.7,0.0,0.0,0.0,0.0
2019-08-16,122.41,123.66,122.0,123.06,197290,122.41,123.66,122.0,123.06,0.0,0.0,0.0,0.0
2019-08-19,123.06,124.68,122.63,123.3,432790,123.06,124.68,122.63,123.3,0.0,0.0,0.0,0.0
2019-08-20,122.81,125.0,122.81,123.86,718830,122.81,125.0,122.81,123.86,0.0,0.0,0.0,0.0
2019-08-21,123.82,131.0,123.82,130.9,1630520,123.82,131.0,123.82,130.9,0.0,0.0,0.0,0.0
2019-08-22,130.0,131.64,129.41,130.88,604900,130.0,131.64,129.41,130.88,0.0,0.0,0.0,0.0
2019-08-23,131.98,131.98,128.36,128.64,747010,131.98,131.98,128.36,128.64,0.0,0.0,0.0,0.0
2019-08-26,128.6,128.6,127.0,127.77,195560,128.6,128.6,127.0,127.77,0.0,0.0,0.0,0.0
2019-08-27,128.98,130.66,128.0,130.09,419430,128.98,130.66,128.0,130.09,0.0,0.0,0.0,0.0
2019-08-28,129.43,131.08,128.93,130.67,887590,129.43,131.08,128.93,130.67,0.0,0.0,0.0,0.0
2019-08-29,130.31,132.62,128.01,131.02,155480,130.31,132.62,128.01,131.02,0.0,0.0,0.0,0.0
2019-08-30,131.5,132.5,128.1,128.9,225940,131.5,132.5,128.1,128.9,0.0,0.0,0.0,0.0
2019-09-02,130.31,134.83,129.16,134.0,348720,130.31,134.83,129.16,134.0,0.0,0.0,0.0,0.0
2019-09-03,135.0,135.0,131.5,132.53,434460,135.0,135.0,131.5,132.53,0.0,0.0,0.0,0.0
2019-09-04,132.53,132.53,131.0,131.49,297430,132.53,132.53,131.0,131.49,0.0,0.0,0.0,0.0
2019-09-05,132.28,135.0,131.61,132.21,657400,132.28,135.0,131.61,132.21,0.0,0.0,0.0,0.0
2019-09-06,132.47,132.88,130.23,131.1,215300,132.47,132.88,130.23,131.1,0.0,0.0,0.0,0.0
2019-09-09,131.99,132.49,130.3,130.45,451090,131.99,132.49,130.3,130.45,0.0,0.0,0.0,0.0
2019-09-10,131.4,132.0,130.0,130.01,295310,131.4,132.0,130.0,130.01,0.0,0.0,0.0,0.0
2019-09-11,129.73,130.4,129.03,129.05,214630,129.73,130.4,129.03,129.05,0.0,0.0,0.0,0.0
2019-09-12,130.62,135.11,129.5,131.61,533390,130.62,135.11,129.5,131.61,0.0,0.0,0.0,0.0
2019-09-16,132.0,132.0,129.78,129.93,170950,132.0,132.0,129.78,129.93,0.0,0.0,0.0,0.0
2019-09-17,129.51,129.85,126.04,126.53,434570,129.51,129.85,126.04,126.53,0.0,0.0,0.0,0.0
2019-09-18,128.0,128.0,125.02,127.0,218620,128.0,128.0,125.02,127.0,0.0,0.0,0.0,0.0
2019-09-19,126.2,128.0,126.2,127.54,105840,126.2,128.0,126.2,127.54,0.0,0.0,0.0,0.0
2019-09-20,127.99,128.0,127.08,127.9,111960,127.99,128.0,127.08,127.9,0.0,0.0,0.0,0.0
2019-09-23,127.07,127.07,125.24,125.55,376660,127.07,127.07,125.24,125.55,0.0,0.0,0.0,0.0
2019-09-24,125.2,126.98,124.8,124.89,369860,125.2,126.98,124.8,124.89,0.0,0.0,0.0,0.0
2019-09-25,124.89,124.89,123.2,124.0,277370,124.89,124.89,123.2,124.0,0.0,0.0,0.0,0.0
2019-09-26,124.0,125.2,122.9,122.9,55120,124.0,125.2,122.9,122.9,0.0,0.0,0.0,0.0
2019-09-27,123.0,123.55,122.0,122.6,155620,123.0,123.55,122.0,122.6,0.0,0.0,0.0,0.0
2019-09-30,122.6,122.95,122.29,122.48,155600,122.6,122.95,122.29,122.48,0.0,0.0,0.0,0.0
2019-10-08,122.48,123.0,122.4,122.4,312520,122.48,123.0,122.4,122.4,0.0,0.0,0.0,0.0
2019-10-09,122.4,123.5,122.22,123.4,74220,122.4,123.5,122.22,123.4,0.0,0.0,0.0,0.0
2019-10-10,123.5,123.71,123.23,123.61,81850,123.5,123.71,123.23,123.61,0.0,0.0,0.0,0.0
2019-10-11,123.41,123.41,122.49,122.61,274480,123.41,123.41,122.49,122.61,0.0,0.0,0.0,0.0
2019-10-14,122.6,124.0,122.5,122.69,290890,122.6,124.0,122.5,122.69,0.0,0.0,0.0,0.0
2019-10-15,122.69,122.81,121.7,121.7,320830,122.69,122.81,121.7,121.7,0.0,0.0,0.0,0.0
2019-10-16,121.8,121.8,118.56,118.98,945030,121.8,121.8,118.56,118.98,0.0,0.0,0.0,0.0
2019-10-17,121.0,121.03,119.1,120.52,402820,121.0,121.03,119.1,120.52,0.0,0.0,0.0,0.0
2019-10-18,120.4,120.4,119.02,119.31,285310,120.4,120.4,119.02,119.31,0.0,0.0,0.0,0.0
2019-10-21,119.6,119.6,118.11,118.44,123120,119.6,119.6,118.11,118.44,0.0,0.0,0.0,0.0
2019-10-22,118.0,120.0,117.99,120.0,349670,118.0,120.0,117.99,120.0,0.0,0.0,0.0,0.0
2019-10-23,120.0,121.29,119.8,119.89,131580,120.0,121.29,119.8,119.89,0.0,0.0,0.0,0.0
2019-10-24,119.9,120.5,118.4,119.31,84420,119.9,120.5,118.4,119.31,0.0,0.0,0.0,0.0
2019-10-25,119.5,123.3,119.5,121.89,366650,119.5,123.3,119.5,121.89,0.0,0.0,0.0,0.0
2019-10-28,122.1,124.0,121.8,123.52,457200,122.1,124.0,121.8,123.52,0.0,0.0,0.0,0.0
2019-10-29,123.4,124.5,122.61,123.55,78250,123.4,124.5,122.61,123.55,0.0,0.0,0.0,0.0
2019-10-30,123.4,123.4,121.22,121.7,453240,123.4,123.4,121.22,121.7,0.0,0.0,0.0,0.0
2019-10-31,121.73,121.73,119.8,120.1,312620,121.73,121.73,119.8,120.1,0.0,0.0,0.0,0.0
2019-11-01,120.1,120.7,119.89,120.15,103520,120.1,120.7,119.89,120.15,0.0,0.0,0.0,0.0
2019-11-04,120.3,121.93,120.3,121.2,120790,120.3,121.93,120.3,121.2,0.0,0.0,0.0,0.0
2019-11-05,121.0,123.51,120.81,122.91,372840,121.0,123.51,120.81,122.91,0.0,0.0,0.0,0.0
2019-11-06,122.61,124.0,122.22,123.5,235620,122.61,124.0,122.22,123.5,0.0,0.0,0.0,0.0
2019-11-07,123.7,124.1,123.4,123.6,354440,123.7,124.1,123.4,123.6,0.0,0.0,0.0,0.0
2019-11-08,123.69,123.9,123.3,123.3,232910,123.69,123.9,123.3,123.3,0.0,0.0,0.0,0.0
2019-11-11,123.4,123.4,122.1,122.1,85590,123.4,123.4,122.1,122.1,0.0,0.0,0.0,0.0
2019-11-12,122.0,122.1,119.51,119.99,180470,122.0,122.1,119.51,119.99,0.0,0.0,0.0,0.0
2019-11-13,119.99,120.1,119.3,119.94,151650,119.99,120.1,119.3,119.94,0.0,0.0,0.0,0.0
2019-11-14,119.8,120.0,119.15,119.74,37470,119.8,120.0,119.15,119.74,0.0,0.0,0.0,0.0
2019-11-15,119.6,119.7,118.25,118.25,83370,119.6,119.7,118.25,118.25,0.0,0.0,0.0,0.0
2019-11-18,118.33,119.9,118.33,119.0,83260,118.33,119.9,118.33,119.0,0.0,0.0,0.0,0.0
2019-11-19,119.02,122.5,119.02,120.9,301800,119.02,122.5,119.02,120.9,0.0,0.0,0.0,0.0
2019-11-20,121.1,122.68,119.5,119.53,226680,121.1,122.68,119.5,119.53,0.0,0.0,0.0,0.0
2019-11-21,119.51,120.5,119.5,120.1,198800,119.51,120.5,119.5,120.1,0.0,0.0,0.0,0.0
2019-11-22,120.3,121.51,119.8,120.2,316220,120.3,121.51,119.8,120.2,0.0,0.0,0.0,0.0
2019-11-25,120.2,121.1,119.13,121.0,124280,120.2,121.1,119.13,121.0,0.0,0.0,0.0,0.0
2019-11-26,121.49,122.0,120.4,121.49,133810,121.49,122.0,120.4,121.49,0.0,0.0,0.0,0.0
2019-11-27,121.5,121.5,120.0,120.9,66200,121.5,121.5,120.0,120.9,0.0,0.0,0.0,0.0
2019-11-28,120.9,121.3,120.6,120.9,136850,120.9,121.3,120.6,120.9,0.0,0.0,0.0,0.0
2019-11-29,121.1,123.0,120.91,122.46,133740,121.1,123.0,120.91,122.46,0.0,0.0,0.0,0.0
2019-12-02,122.46,125.25,122.4,124.0,373700,122.46,125.25,122.4,124.0,0.0,0.0,0.0,0.0
2019-12-03,124.01,126.49,124.01,125.55,371920,124.01,126.49,124.01,125.55,0.0,0.0,0.0,0.0
2019-12-04,125.55,125.55,124.6,124.65,105010,125.55,125.55,124.6,124.65,0.0,0.0,0.0,0.0
2019-12-05,125.4,126.02,124.99,125.5,216220,125.4,126.02,124.99,125.5,0.0,0.0,0.0,0.0
2019-12-06,125.28,126.3,124.03,126.28,176960,125.28,126.3,124.03,126.28,0.0,0.0,0.0,0.0
2019-12-09,126.0,126.2,124.62,125.21,72100,126.0,126.2,124.62,125.21,0.0,0.0,0.0,0.0
2019-12-10,125.0,126.0,124.8,124.9,222000,125.0,126.0,124.8,124.9,0.0,0.0,0.0,0.0
2019-12-11,125.01,125.1,123.6,124.0,159430,125.01,125.1,123.6,124.0,0.0,0.0,0.0,0.0
2019-12-12,124.1,124.5,123.3,123.6,128450,124.1,124.5,123.3,123.6,0.0,0.0,0.0,0.0
2019-12-13,123.7,124.7,123.48,124.0,133220,123.7,124.7,123.48,124.0,0.0,0.0,0.0,0.0
2019-12-16,124.0,126.5,123.15,126.5,179030,124.0,126.5,123.15,126.5,0.0,0.0,0.0,0.0
2019-12-17,126.5,127.52,125.8,126.85,290700,126.5,127.52,125.8,126.85,0.0,0.0,0.0,0.0
2019-12-18,126.48,127.51,126.05,126.9,431180,126.48,127.51,126.05,126.9,0.0,0.0,0.0,0.0
2019-12-19,126.9,126.9,125.0,125.41,455610,126.9,126.9,125.0,125.41,0.0,0.0,0.0,0.0
2019-12-20,125.5,125.5,124.85,124.97,135790,125.5,125.5,124.85,124.97,0.0,0.0,0.0,0.0
2019-12-23,124.97,124.97,122.79,122.91,841110,124.97,124.97,122.79,122.91,0.0,0.0,0.0,0.0
2019-12-24,122.5,123.98,122.5,123.68,248380,122.5,123.98,122.5,123.68,0.0,0.0,0.0,0.0
2019-12-25,123.68,123.68,122.7,122.88,1259090,123.68,123.68,122.7,122.88,0.0,0.0,0.0,0.0
2019-12-26,122.9,123.3,121.85,122.8,1758730,122.9,123.3,121.85,122.8,0.0,0.0,0.0,0.0
2019-12-27,122.3,124.03,122.3,123.02,1037150,122.3,124.03,122.3,123.02,0.0,0.0,0.0,0.0
2019-12-30,122.5,123.44,121.9,123.02,1027280,122.5,123.44,121.9,123.02,0.0,0.0,0.0,0.0
2019-12-31,123.03,126.01,123.03,125.85,486320,123.03,126.01,123.03,125.85,0.0,0.0,0.0,0.0
2020-01-02,125.86,130.0,125.86,129.48,769750,125.86,130.0,125.86,129.48,0.0,0.0,0.0,0.0
2020-01-03,129.49,132.41,129.49,129.63,679660,129.49,132.41,129.49,129.63,0.0,0.0,0.0,0.0
2020-01-06,129.5,131.59,128.69,130.0,1451540,129.5,131.59,128.69,130.0,0.0,0.0,0.0,0.0
2020-01-07,131.0,131.0,130.2,130.86,713890,131.0,131.0,130.2,130.86,0.0,0.0,0.0,0.0
2020-01-08,132.0,132.68,129.69,130.75,416070,132.0,132.68,129.69,130.75,0.0,0.0,0.0,0.0
2020-01-09,130.51,132.53,130.12,130.76,769740,130.51,132.53,130.12,130.76,0.0,0.0,0.0,0.0
2020-01-10,131.0,131.0,128.67,129.9,551010,131.0,131.0,128.67,129.9,0.0,0.0,0.0,0.0
2020-01-13,129.03,130.49,128.5,129.1,287020,129.03,130.49,128.5,129.1,0.0,0.0,0.0,0.0
2020-01-14,129.1,130.81,129.1,129.5,147660,129.1,130.81,129.1,129.5,0.0,0.0,0.0,0.0
2020-01-15,129.0,129.26,126.5,128.49,426760,129.0,129.26,126.5,128.49,0.0,0.0,0.0,0.0
2020-01-16,129.5,129.5,127.55,128.01,64530,129.5,129.5,127.55,128.01,0.0,0.0,0.0,0.0
2020-01-17,128.04,129.87,128.04,128.9,232970,128.04,129.87,128.04,128.9,0.0,0.0,0.0,0.0
2020-01-20,128.02,129.31,128.02,128.49,353520,128.02,129.31,128.02,128.49,0.0,0.0,0.0,0.0
2020-01-21,128.88,131.0,128.28,129.26,390150,128.88,131.0,128.28,129.26,0.0,0.0,0.0,0.0
2020-01-22,128.5,129.43,127.97,128.79,521770,128.5,129.43,127.97,128.79,0.0,0.0,0.0,0.0
2020-01-23,129.5,130.68,119.43,126.81,402830,129.5,130.68,119.43,126.81,0.0,0.0,0.0,0.0
2020-02-03,120.0,129.0,120.0,122.55,684790,120.0,129.0,120.0,122.55,0.0,0.0,0.0,0.0
2020-02-04,122.0,127.49,120.88,127.0,871220,122.0,127.49,120.88,127.0,0.0,0.0,0.0,0.0
2020-02-05,127.0,128.63,126.65,126.65,297430,127.0,128.63,126.65,126.65,0.0,0.0,0.0,0.0
2020-02-06,127.0,132.53,127.0,131.25,1350370,127.0,132.53,127.0,131.25,0.0,0.0,0.0,0.0
2020-02-07,129.4,135.99,129.4,133.91,468920,129.4,135.99,129.4,133.91,0.0,0.0,0.0,0.0
2020-02-10,133.91,137.87,131.66,134.12,723550,133.91,137.87,131.66,134.12,0.0,0.0,0.0,0.0
2020-02-11,134.13,135.01,133.59,134.0,720260,134.13,135.01,133.59,134.0,0.0,0.0,0.0,0.0
2020-02-12,152.0,159.0,146.51,156.74,8108040,152.0,159.0,146.51,156.74,0.0,0.0,0.0,0.0
2020-02-13,161.01,165.14,145.0,151.07,23000150,161.01,165.14,145.0,151.07,0.0,0.0,0.0,0.0
2020-02-14,149.8,151.7,145.0,148.31,10180780,149.8,151.7,145.0,148.31,0.0,0.0,0.0,0.0
2020-02-17,149.9,155.55,149.09,153.18,6513140,149.9,155.55,149.09,153.18,0.0,0.0,0.0,0.0
2020-02-18,152.0,163.9,151.0,159.86,4835410,152.0,163.9,151.0,159.86,0.0,0.0,0.0,0.0
2020-02-19,158.8,162.0,155.35,155.97,1237850,158.8,162.0,155.35,155.97,0.0,0.0,0.0,0.0
2020-02-20,161.0,163.0,155.12,162.02,1407330,161.0,163.0,155.12,162.02,0.0,0.0,0.0,0.0
2020-02-21,162.2,162.2,158.69,159.36,1867970,162.2,162.2,158.69,159.36,0.0,0.0,0.0,0.0
2020-02-24,157.97,160.39,157.0,157.43,1445820,157.97,160.39,157.0,157.43,0.0,0.0,0.0,0.0
2020-02-25,155.0,158.4,153.5,156.23,2088010,155.0,158.4,153.5,156.23,0.0,0.0,0.0,0.0
2020-02-26,155.02,156.0,150.0,150.2,1564770,155.02,156.0,150.0,150.2,0.0,0.0,0.0,0.0
2020-02-27,150.0,153.12,148.56,150.17,1634030,150.0,153.12,148.56,150.17,0.0,0.0,0.0,0.0
2020-02-28,148.0,148.0,141.09,143.69,3447510,148.0,148.0,141.09,143.69,0.0,0.0,0.0,0.0
2020-03-02,146.99,148.0,141.2,144.5,1497120,146.99,148.0,141.2,144.5,0.0,0.0,0.0,0.0
2020-03-03,145.01,150.36,144.08,145.11,3120620,145.01,150.36,144.08,145.11,0.0,0.0,0.0,0.0
2020-03-04,142.5,142.5,134.56,137.43,5724780,142.5,142.5,134.56,137.43,0.0,0.0,0.0,0.0
2020-03-05,138.6,140.1,136.32,138.86,4248560,138.6,140.1,136.32,138.86,0.0,0.0,0.0,0.0
2020-03-06,137.0,138.49,136.03,136.99,2211860,137.0,138.49,136.03,136.99,0.0,0.0,0.0,0.0
2020-03-09,135.2,135.2,122.49,122.59,7931400,135.2,135.2,122.49,122.59,0.0,0.0,0.0,0.0
2020-03-10,122.6,128.5,120.02,127.41,5640810,122.6,128.5,120.02,127.41,0.0,0.0,0.0,0.0
2020-03-11,129.33,133.82,126.55,126.63,4816290,129.33,133.82,126.55,126.63,0.0,0.0,0.0,0.0
2020-03-12,123.92,125.0,121.7,122.11,4679110,123.92,125.0,121.7,122.11,0.0,0.0,0.0,0.0
2020-03-13,115.0,121.1,114.4,119.05,2840330,115.0,121.1,114.4,119.05,0.0,0.0,0.0,0.0
2020-03-16,118.02,120.0,104.3,107.5,2113780,118.02,120.0,104.3,107.5,0.0,0.0,0.0,0.0
