date,code,quantity,mark,weight,mark_date,quote_age_days,observed_close
2026-09-14,113051.SH,840.4458691402671,119.291,0.10009191462741558,2026-09-14,0,True
2026-09-14,113066.SH,725.326741563906,138.41,0.10022653786757933,2026-09-14,0,True
2026-09-14,127103.SZ,741.7331467251414,136.175,0.10083856154820603,2026-09-14,0,True
2026-09-15,113051.SH,840.4458691402671,120.201,0.1007052962409632,2026-09-15,0,True
2026-09-15,113066.SH,725.326741563906,138.433,0.10009394438770285,2026-09-15,0,True
2026-09-15,127103.SZ,741.7331467251414,137.135,0.10139825515805845,2026-09-15,0,True
2026-09-16,113051.SH,840.4458691402671,120.31,0.1007182990134254,2026-09-16,0,True
2026-09-16,113066.SH,725.326741563906,138.562,0.100109373060619,2026-09-16,0,True
2026-09-16,127103.SZ,741.7331467251414,137.937,0.10191201120924964,2026-09-16,0,True
2026-09-17,113051.SH,840.4458691402671,119.712,0.10025151023740482,2026-09-17,0,True
2026-09-17,113066.SH,725.326741563906,138.479,0.10008318057115753,2026-09-17,0,True
2026-09-17,127103.SZ,741.7331467251414,138.239,0.10216961600382064,2026-09-17,0,True
2026-09-18,113051.SH,840.4458691402671,119.485,0.1000946519669739,2026-09-18,0,True
2026-09-18,113066.SH,725.326741563906,138.62,0.10021836724983144,2026-09-18,0,True
2026-09-18,127103.SZ,741.7331467251414,137.909,0.10195957948675846,2026-09-18,0,True
2026-09-21,113051.SH,839.6459950909648,118.575,0.09932995225045609,2026-09-21,0,True
2026-09-21,113691.SH,711.6482355003443,140.659,0.09986740725631647,2026-09-21,0,True
2026-09-22,113051.SH,839.6459950909648,116.659,0.09800315545837014,2026-09-22,0,True
2026-09-22,113691.SH,711.6482355003443,138.921,0.09891425097548703,2026-09-22,0,True
2026-09-23,113051.SH,839.6459950909648,114.799,0.0967249346789783,2026-09-23,0,True
2026-09-23,113691.SH,711.6482355003443,136.987,0.09782477347696818,2026-09-23,0,True
2026-09-24,113051.SH,839.6459950909648,114.07,0.09630231369642307,2026-09-24,0,True
2026-09-24,113691.SH,711.6482355003443,135.061,0.09664166347090519,2026-09-24,0,True
2026-09-28,113051.SH,871.793425868991,114.611,0.10051941169940692,2026-09-28,0,True
2026-09-28,113066.SH,723.9758661149478,137.826,0.10038418282165917,2026-09-28,0,True
2026-09-28,113691.SH,735.2591215342684,134.474,0.09946923801266555,2026-09-28,0,True
2026-09-28,127103.SZ,755.735470368603,131.27,0.09980340034309641,2026-09-28,0,True
2026-09-28,127109.SZ,677.6092328817094,145.777,0.09937528107111082,2026-09-28,0,True
2026-09-29,113051.SH,871.793425868991,115.481,0.10112899701877348,2026-09-29,0,True
2026-09-29,113066.SH,723.9758661149478,136.98,0.09961685472865148,2026-09-29,0,True
2026-09-29,113691.SH,735.2591215342684,134.781,0.09954527933340168,2026-09-29,0,True
2026-09-29,127103.SZ,755.735470368603,131.498,0.09982527795390374,2026-09-29,0,True
2026-09-29,127109.SZ,677.6092328817094,147.2,0.10019330422846999,2026-09-29,0,True
2026-09-30,113051.SH,871.793425868991,115.902,0.10147388504257841,2026-09-30,0,True
2026-09-30,113066.SH,723.9758661149478,137.5,0.09997157990447107,2026-09-30,0,True
2026-09-30,113691.SH,735.2591215342684,134.238,0.09912099713089559,2026-09-30,0,True
2026-09-30,127103.SZ,755.735470368603,131.701,0.09995594906261707,2026-09-30,0,True
2026-09-30,127109.SZ,677.6092328817094,146.81,0.09990442436917478,2026-09-30,0,True
