date,nav,return,cash,receivables,long_exposure,short_exposure,net_exposure,idle_cash_weight,cost,borrow_cost,turnover,marked_prices_verified,stale_mark_count,mode,benchmark_nav,excess_nav
2026-09-14,1.001655613730768,0.0016556137307679464,0.7,0.0,0.30115701404320094,0.0,0.30115701404320094,0.6988429859567991,0.0001499250374812594,0.0,0.29985007496251875,True,0,long_only,1.0069267283783585,0.9947651457657901
2026-09-15,1.0031491658075977,0.0014910834186481203,0.7,0.0,0.3021974957867245,0.0,0.3021974957867245,0.6978025042132755,0.0,0.0,0.0,True,0,long_only,1.0024005051045344,1.0007468678429938
2026-09-16,1.0039292115406693,0.0007775969513403869,0.7,0.0,0.30273968328329404,0.0,0.30273968328329404,0.697260316716706,0.0,0.0,0.0,True,0,long_only,1.0082616475049975,0.9957030638078429
2026-09-17,1.0035904262016846,-0.00033745938965634714,0.7,0.0,0.302504306812383,0.0,0.302504306812383,0.6974956931876171,0.0,0.0,0.0,True,0,long_only,1.0061189386931468,0.9974868652261466
2026-09-18,1.003257144121531,-0.000332089736462593,0.7,0.0,0.3022725987035638,0.0,0.3022725987035638,0.6977274012964362,0.0,0.0,0.0,True,0,long_only,1.0123033228243064,0.9910637666608297
2026-09-21,1.0023263035189267,-0.0009278185638231795,0.8026655504937728,0.0,0.19919735950677253,0.0,0.19919735950677253,0.8008026404932275,0.00015167913955042457,0.0,0.3023429271672538,True,0,long_only,1.0133175173524804,0.9891532381061854
2026-09-22,0.9994806971590329,-0.00283900197959841,0.8026655504937728,0.0,0.19691740643385716,0.0,0.19691740643385716,0.8030825935661429,0.0,0.0,0.0,True,0,long_only,1.0088588371268614,0.9907042099224341
2026-09-23,0.996542627920706,-0.002939595778766124,0.8026655504937728,0.0,0.1945497081559465,0.0,0.1945497081559465,0.8054502918440535,0.0,0.0,0.0,True,0,long_only,1.003210602160958,0.9933533654589687
2026-09-24,0.9945598914887112,-0.001989615272285916,0.8026655504937728,0.0,0.19294397716732825,0.0,0.19294397716732825,0.8070560228326717,0.0,0.0,0.0,True,0,long_only,0.9897185636404444,1.0048916207355545
2026-09-28,0.9940081686019304,-0.0005547407365833479,0.4974498831002179,0.0,0.49955151394793895,0.0,0.49955151394793895,0.500448486052061,0.00015253156791282098,0.0,0.30671576738263756,True,0,long_only,0.9853041429898916,1.008833846557903
2026-09-29,0.9955164154756488,0.0015173385102456027,0.4974498831002179,0.0,0.5003097132632004,0.0,0.5003097132632004,0.4996902867367996,0.0,0.0,0.0,True,0,long_only,0.9851180849657984,1.0105554153035485
2026-09-30,0.9957498089549873,0.00023444463166089058,0.4974498831002179,0.0,0.5004268355097369,0.0,0.5004268355097369,0.4995731644902631,0.0,0.0,0.0,True,0,long_only,0.9837286279741491,1.0122200174306142
