date,signal_date,code,quantity,price,cost,notional,reason,status
2026-09-14,2026-09-11,113051.SH,840.4458691402671,118.925,49.97501249375313,99950.02498750626,rebalance,simulated
2026-09-14,2026-09-11,113066.SH,725.326741563906,137.8,49.97501249375313,99950.02498750626,rebalance,simulated
2026-09-14,2026-09-11,127103.SZ,741.7331467251414,134.752,49.97501249375313,99950.02498750626,rebalance,simulated
2026-09-21,2026-09-18,113051.SH,-0.7998740493022751,119.42,0.04776047948383885,95.5209589676777,rebalance,simulated
2026-09-21,2026-09-18,113066.SH,-725.326741563906,138.62,50.27239645779433,100544.79291558865,rebalance,simulated
2026-09-21,2026-09-18,113691.SH,711.6482355003443,140.899,50.135262366881506,100270.52473376301,rebalance,simulated
2026-09-21,2026-09-18,127103.SZ,-741.7331467251414,138.119,51.223720246264904,102447.4404925298,rebalance,simulated
2026-09-28,2026-09-24,113051.SH,32.147430778026205,114.02,1.832725028655274,3665.450057310548,rebalance,simulated
2026-09-28,2026-09-24,113066.SH,723.9758661149478,137.3,49.70094320879118,99401.88641758235,rebalance,simulated
2026-09-28,2026-09-24,113691.SH,23.61088603392409,135.193,1.59601325779215,3192.0265155843,rebalance,simulated
2026-09-28,2026-09-24,127103.SZ,755.735470368603,131.53,49.70094320879118,99401.88641758235,rebalance,simulated
2026-09-28,2026-09-24,127109.SZ,677.6092328817094,146.695,49.70094320879118,99401.88641758235,rebalance,simulated
