signal_date,execution_date,portfolio,code,weight,signal,mean_upside,valuation_gap_yuan,roundtrip_net_upside,long_safety_margin,long_entry_limit,status
2026-09-11,2026-09-14,long_only,113051.SH,0.1,0.0488186946,0.0488186946,5.801125482000003,0.047770400052673745,0.02,122.06525160876328,simulation_target
2026-09-11,2026-09-14,long_only,113066.SH,0.1,0.0336471149,0.0336471149,4.6274204188,0.03261398435037477,0.02,139.22876082408854,simulation_target
2026-09-11,2026-09-14,long_only,127103.SZ,0.1,0.0232143261,0.0232143261,3.1426626141000042,0.02219162312538736,0.02,135.66687566294593,simulation_target
2026-09-11,2026-09-14,long_short,110090.SH,-0.03333333333333334,-0.1043584528,-0.1043584528,-13.12411902400001,-0.10525364675022475,0.02,,simulation_target
2026-09-11,2026-09-14,long_short,111014.SH,-0.03333333333333334,-0.1090280941,-0.1090280941,-13.092747710799998,-0.10991862074257863,0.02,,simulation_target
2026-09-11,2026-09-14,long_short,113051.SH,0.1,0.0488186946,0.0488186946,5.801125482000003,0.047770400052673745,0.02,122.06525160876328,simulation_target
2026-09-11,2026-09-14,long_short,113066.SH,0.1,0.0336471149,0.0336471149,4.6274204188,0.03261398435037477,0.02,139.22876082408854,simulation_target
2026-09-11,2026-09-14,long_short,113070.SH,-0.03333333333333334,-0.1414042519,-0.1414042519,-17.610202721199997,-0.14226241856476762,0.02,,simulation_target
2026-09-11,2026-09-14,long_short,113638.SH,-0.03333333333333334,-0.1129863777,-0.1129863777,-13.728409828300002,-0.11387294803713122,0.02,,simulation_target
2026-09-11,2026-09-14,long_short,113692.SH,-0.03333333333333334,-0.1185681097,-0.1185681097,-15.047478808199998,-0.1194491010946026,0.02,,simulation_target
2026-09-11,2026-09-14,long_short,123266.SZ,-0.03333333333333334,-0.1586559418,-0.1586559418,-21.8218555471,-0.15949686539640162,0.02,,simulation_target
2026-09-11,2026-09-14,long_short,127072.SZ,-0.03333333333333334,-0.1265296463,-0.1265296463,-16.728358003600007,-0.12740268013678147,0.02,,simulation_target
2026-09-11,2026-09-14,long_short,127085.SZ,-0.03333333333333334,-0.1165639645,-0.1165639645,-13.787768535499993,-0.11744695903823088,0.02,,simulation_target
2026-09-11,2026-09-14,long_short,127103.SZ,0.1,0.0232143261,0.0232143261,3.1426626141000042,0.02219162312538736,0.02,135.66687566294593,simulation_target
2026-09-11,2026-09-14,long_short,127111.SZ,-0.03333333333333334,-0.1115606489,-0.1115606489,-15.060687598000001,-0.11244864425342327,0.02,,simulation_target
2026-09-18,2026-09-21,long_only,113051.SH,0.1,0.0465226293,0.0465226293,5.558756367100003,0.04547662967051491,0.02,122.46938735428017,simulation_target
2026-09-18,2026-09-21,long_only,113691.SH,0.1,0.0363173472,0.0363173472,5.1243776860000025,0.0352815477525239,0.02,143.21394743525983,simulation_target
2026-09-18,2026-09-21,long_short,111009.SH,-0.022222222222222223,-0.1122433819,-0.1122433819,-13.564612697899989,-0.11313069486161897,0.02,,simulation_target
2026-09-18,2026-09-21,long_short,111014.SH,-0.022222222222222223,-0.1132287789,-0.1132287789,-13.600361554200006,-0.11411510695707128,0.02,,simulation_target
2026-09-18,2026-09-21,long_short,113051.SH,0.1,0.0465226293,0.0465226293,5.558756367100003,0.04547662967051491,0.02,122.46938735428017,simulation_target
2026-09-18,2026-09-21,long_short,113070.SH,-0.022222222222222223,-0.1533676415,-0.1533676415,-19.211750981200012,-0.15421385075387306,0.02,,simulation_target
2026-09-18,2026-09-21,long_short,113638.SH,-0.022222222222222223,-0.1172639328,-0.1172639328,-14.311124884999998,-0.11814622771974004,0.02,,simulation_target
2026-09-18,2026-09-21,long_short,113682.SH,-0.022222222222222223,-0.1011848714,-0.1011848714,-12.5782913651,-0.10208323734562708,0.02,,simulation_target
2026-09-18,2026-09-21,long_short,113691.SH,0.1,0.0363173472,0.0363173472,5.1243776860000025,0.0352815477525239,0.02,143.21394743525983,simulation_target
2026-09-18,2026-09-21,long_short,113692.SH,-0.022222222222222223,-0.1211922786,-0.1211922786,-15.410810144799996,-0.12207064713713134,0.02,,simulation_target
2026-09-18,2026-09-21,long_short,127072.SZ,-0.022222222222222223,-0.1138861005,-0.1138861005,-15.086263962299995,-0.114771771563968,0.02,,simulation_target
2026-09-18,2026-09-21,long_short,127085.SZ,-0.022222222222222223,-0.1222170104,-0.1222170104,-14.583544767000006,-0.12309435471744112,0.02,,simulation_target
2026-09-18,2026-09-21,long_short,127111.SZ,-0.022222222222222223,-0.110465584,-0.110465584,-14.95217959339999,-0.11135467387106424,0.02,,simulation_target
2026-09-24,2026-09-28,long_only,113051.SH,0.1,0.0750367651,0.0750367651,8.559443794500012,0.07396226558465768,0.02,120.1047800341033,simulation_target
2026-09-24,2026-09-28,long_only,113066.SH,0.1,0.025867186,0.025867186,3.5568932818999883,0.024841831491254407,0.02,138.15872635766334,simulation_target
2026-09-24,2026-09-28,long_only,113691.SH,0.1,0.0495725859,0.0495725859,6.695323028299981,0.048523537838131015,0.02,138.83787994903122,simulation_target
2026-09-24,2026-09-28,long_only,127103.SZ,0.1,0.056389444,0.056389444,7.398295053100014,0.05533358248675668,0.02,135.74486864957075,simulation_target
2026-09-24,2026-09-28,long_only,127109.SZ,0.1,0.0252731442,0.0252731442,3.6980422828999906,0.024248383436181964,0.02,146.93244726828598,simulation_target
2026-09-24,2026-09-28,long_short,111009.SH,-0.05,-0.092510847,-0.092510847,-11.01110356800001,-0.09341788263518225,0.02,,simulation_target
2026-09-24,2026-09-28,long_short,111014.SH,-0.05,-0.0971040504,-0.0971040504,-11.522366622199996,-0.09800649512723625,0.02,,simulation_target
2026-09-24,2026-09-28,long_short,113051.SH,0.1,0.0750367651,0.0750367651,8.559443794500012,0.07396226558465768,0.02,120.1047800341033,simulation_target
2026-09-24,2026-09-28,long_short,113066.SH,0.1,0.025867186,0.025867186,3.5568932818999883,0.024841831491254407,0.02,138.15872635766334,simulation_target
2026-09-24,2026-09-28,long_short,113070.SH,-0.05,-0.1328178733,-0.1328178733,-16.231406655599997,-0.1336846220523238,0.02,,simulation_target
2026-09-24,2026-09-28,long_short,113682.SH,-0.05,-0.1001542164,-0.1001542164,-12.374954826600003,-0.10105361248555711,0.02,,simulation_target
2026-09-24,2026-09-28,long_short,113691.SH,0.1,0.0495725859,0.0495725859,6.695323028299981,0.048523537838131015,0.02,138.83787994903122,simulation_target
2026-09-24,2026-09-28,long_short,113692.SH,-0.05,-0.1082215025,-0.1082215025,-13.611884141200008,-0.1091128353310844,0.02,,simulation_target
2026-09-24,2026-09-28,long_short,118065.SH,-0.05,-0.0959858929,-0.0959858929,-12.625600402499998,-0.09688945522593695,0.02,,simulation_target
2026-09-24,2026-09-28,long_short,123266.SZ,-0.05,-0.0934582122,-0.0934582122,-12.644896105100017,-0.09436430094342818,0.02,,simulation_target
2026-09-24,2026-09-28,long_short,123272.SZ,-0.05,-0.1338648439,-0.1338648439,-18.78123759590001,-0.1347305462049474,0.02,,simulation_target
2026-09-24,2026-09-28,long_short,127072.SZ,-0.05,-0.0905530626,-0.0905530626,-11.577209052,-0.09146205504117921,0.02,,simulation_target
2026-09-24,2026-09-28,long_short,127085.SZ,-0.05,-0.1050686373,-0.1050686373,-12.293030559000002,-0.10596312142063957,0.02,,simulation_target
2026-09-24,2026-09-28,long_short,127103.SZ,0.1,0.056389444,0.056389444,7.398295053100014,0.05533358248675668,0.02,135.74486864957075,simulation_target
2026-09-24,2026-09-28,long_short,127109.SZ,0.1,0.0252731442,0.0252731442,3.6980422828999906,0.024248383436181964,0.02,146.93244726828598,simulation_target
2026-09-30,2026-10-08,long_only,113051.SH,0.1,0.04795374765077587,0.04795374765077587,5.557935260220219,0.04690631761814146,0.02,118.95934904370374,pending_open
2026-09-30,2026-10-08,long_only,113691.SH,0.1,0.06745057075999594,0.06745057075999594,9.054429717680335,0.0663836536477922,0.02,140.34236166507088,pending_open
2026-09-30,2026-10-08,long_only,127103.SZ,0.1,0.057619857400931895,0.057619857400931895,7.588592839560135,0.05656276608918698,0.02,136.42193417324705,pending_open
2026-09-30,2026-10-08,long_only,127109.SZ,0.1,0.04957863477747271,0.04957863477747271,7.278639371680782,0.04852958066974922,0.02,150.916301704045,pending_open
2026-09-30,2026-10-08,long_short,111014.SH,-0.044444444444444446,-0.10781528341024293,-0.10781528341024293,-12.91486935386277,-0.10870702225740903,0.02,,pending_open
2026-09-30,2026-10-08,long_short,113051.SH,0.1,0.04795374765077587,0.04795374765077587,5.557935260220219,0.04690631761814146,0.02,118.95934904370374,pending_open
2026-09-30,2026-10-08,long_short,113070.SH,-0.044444444444444446,-0.13386637739026208,-0.13386637739026208,-16.408001876724427,-0.13473207816248567,0.02,,pending_open
2026-09-30,2026-10-08,long_short,113691.SH,0.1,0.06745057075999594,0.06745057075999594,9.054429717680335,0.0663836536477922,0.02,140.34236166507088,pending_open
2026-09-30,2026-10-08,long_short,113692.SH,-0.044444444444444446,-0.1151094660077493,-0.1151094660077493,-14.509202861878777,-0.11599391431758654,0.02,,pending_open
2026-09-30,2026-10-08,long_short,123259.SZ,-0.044444444444444446,-0.1522157441665617,-0.1522157441665617,-22.132169201818073,-0.15306310474210727,0.02,,pending_open
2026-09-30,2026-10-08,long_short,123266.SZ,-0.044444444444444446,-0.1178594309911537,-0.1178594309911537,-15.911376762098726,-0.1187411307103029,0.02,,pending_open
2026-09-30,2026-10-08,long_short,123272.SZ,-0.044444444444444446,-0.15642299810492344,-0.15642299810492344,-22.022324634197858,-0.15726615352910633,0.02,,pending_open
2026-09-30,2026-10-08,long_short,127072.SZ,-0.044444444444444446,-0.10930129909288255,-0.10930129909288255,-14.1312370558215,-0.11019155266700253,0.02,,pending_open
2026-09-30,2026-10-08,long_short,127085.SZ,-0.044444444444444446,-0.12267802663762217,-0.12267802663762217,-14.660269539249128,-0.1235549101692186,0.02,,pending_open
2026-09-30,2026-10-08,long_short,127103.SZ,0.1,0.057619857400931895,0.057619857400931895,7.588592839560135,0.05656276608918698,0.02,136.42193417324705,pending_open
2026-09-30,2026-10-08,long_short,127109.SZ,0.1,0.04957863477747271,0.04957863477747271,7.278639371680782,0.04852958066974922,0.02,150.916301704045,pending_open
2026-09-30,2026-10-08,long_short,127111.SZ,-0.044444444444444446,-0.11003155164712308,-0.11003155164712308,-14.695814037989763,-0.1109210753336326,0.02,,pending_open
