cal_date,is_open
20190102,1
20190103,1
20190104,1
20190107,1
20190108,1
20190109,1
20190110,1
20190111,1
20190114,1
20190115,1
20190116,1
20190117,1
20190118,1
20190121,1
20190122,1
20190123,1
20190124,1
20190125,1
20190128,1
20190129,1
20190130,1
20190131,1
20190201,1
20190211,1
20190212,1
20190213,1
20190214,1
20190215,1
20190218,1
20190219,1
20190220,1
20190221,1
20190222,1
20190225,1
20190226,1
20190227,1
20190228,1
20190301,1
20190304,1
20190305,1
20190306,1
20190307,1
20190308,1
20190311,1
20190312,1
20190313,1
20190314,1
20190315,1
20190318,1
20190319,1
20190320,1
20190321,1
20190322,1
20190325,1
20190326,1
20190327,1
20190328,1
20190329,1
20190401,1
20190402,1
20190403,1
20190404,1
20190408,1
20190409,1
20190410,1
20190411,1
20190412,1
20190415,1
20190416,1
20190417,1
20190418,1
20190419,1
20190422,1
20190423,1
20190424,1
20190425,1
20190426,1
20190429,1
20190430,1
20190506,1
20190507,1
20190508,1
20190509,1
20190510,1
20190513,1
20190514,1
20190515,1
20190516,1
20190517,1
20190520,1
20190521,1
20190522,1
20190523,1
20190524,1
20190527,1
20190528,1
20190529,1
20190530,1
20190531,1
20190603,1
20190604,1
20190605,1
20190606,1
20190610,1
20190611,1
20190612,1
20190613,1
20190614,1
20190617,1
20190618,1
20190619,1
20190620,1
20190621,1
20190624,1
20190625,1
20190626,1
20190627,1
20190628,1
20190701,1
20190702,1
20190703,1
20190704,1
20190705,1
20190708,1
20190709,1
20190710,1
20190711,1
20190712,1
20190715,1
20190716,1
20190717,1
20190718,1
20190719,1
20190722,1
20190723,1
20190724,1
20190725,1
20190726,1
20190729,1
20190730,1
20190731,1
20190801,1
20190802,1
20190805,1
20190806,1
20190807,1
20190808,1
20190809,1
20190812,1
20190813,1
20190814,1
20190815,1
20190816,1
20190819,1
20190820,1
20190821,1
20190822,1
20190823,1
20190826,1
20190827,1
20190828,1
20190829,1
20190830,1
20190902,1
20190903,1
20190904,1
20190905,1
20190906,1
20190909,1
20190910,1
20190911,1
20190912,1
20190916,1
20190917,1
20190918,1
20190919,1
20190920,1
20190923,1
20190924,1
20190925,1
20190926,1
20190927,1
20190930,1
20191008,1
20191009,1
20191010,1
20191011,1
20191014,1
20191015,1
20191016,1
20191017,1
20191018,1
20191021,1
20191022,1
20191023,1
20191024,1
20191025,1
20191028,1
20191029,1
20191030,1
20191031,1
20191101,1
20191104,1
20191105,1
20191106,1
20191107,1
20191108,1
20191111,1
20191112,1
20191113,1
20191114,1
20191115,1
20191118,1
20191119,1
20191120,1
20191121,1
20191122,1
20191125,1
20191126,1
20191127,1
20191128,1
20191129,1
20191202,1
20191203,1
20191204,1
20191205,1
20191206,1
20191209,1
20191210,1
20191211,1
20191212,1
20191213,1
20191216,1
20191217,1
20191218,1
20191219,1
20191220,1
20191223,1
20191224,1
20191225,1
20191226,1
20191227,1
20191230,1
20191231,1
20200102,1
20200103,1
20200106,1
20200107,1
20200108,1
20200109,1
20200110,1
20200113,1
20200114,1
20200115,1
20200116,1
20200117,1
20200120,1
20200121,1
20200122,1
20200123,1
20200203,1
20200204,1
20200205,1
20200206,1
20200207,1
20200210,1
20200211,1
20200212,1
20200213,1
20200214,1
20200217,1
20200218,1
20200219,1
20200220,1
20200221,1
20200224,1
20200225,1
20200226,1
20200227,1
20200228,1
20200302,1
20200303,1
20200304,1
20200305,1
20200306,1
20200309,1
20200310,1
20200311,1
20200312,1
20200313,1
20200316,1
20200317,1
20200318,1
20200319,1
20200320,1
20200323,1
20200324,1
20200325,1
20200326,1
20200327,1
20200330,1
20200331,1
20200401,1
20200402,1
20200403,1
20200407,1
20200408,1
20200409,1
20200410,1
20200413,1
20200414,1
20200415,1
20200416,1
20200417,1
20200420,1
20200421,1
20200422,1
20200423,1
20200424,1
20200427,1
20200428,1
20200429,1
20200430,1
20200506,1
20200507,1
20200508,1
20200511,1
20200512,1
20200513,1
20200514,1
20200515,1
20200518,1
20200519,1
20200520,1
20200521,1
20200522,1
20200525,1
20200526,1
20200527,1
20200528,1
20200529,1
20200601,1
20200602,1
20200603,1
20200604,1
20200605,1
20200608,1
20200609,1
20200610,1
20200611,1
20200612,1
20200615,1
20200616,1
20200617,1
20200618,1
20200619,1
20200622,1
20200623,1
20200624,1
20200629,1
20200630,1
20200701,1
20200702,1
20200703,1
20200706,1
20200707,1
20200708,1
20200709,1
20200710,1
20200713,1
20200714,1
20200715,1
20200716,1
20200717,1
20200720,1
20200721,1
20200722,1
20200723,1
20200724,1
20200727,1
20200728,1
20200729,1
20200730,1
20200731,1
20200803,1
20200804,1
20200805,1
20200806,1
20200807,1
20200810,1
20200811,1
20200812,1
20200813,1
20200814,1
20200817,1
20200818,1
20200819,1
20200820,1
20200821,1
20200824,1
20200825,1
20200826,1
20200827,1
20200828,1
20200831,1
20200901,1
20200902,1
20200903,1
20200904,1
20200907,1
20200908,1
20200909,1
20200910,1
20200911,1
20200914,1
20200915,1
20200916,1
20200917,1
20200918,1
20200921,1
20200922,1
20200923,1
20200924,1
20200925,1
20200928,1
20200929,1
20200930,1
20201009,1
20201012,1
20201013,1
20201014,1
20201015,1
20201016,1
20201019,1
20201020,1
20201021,1
20201022,1
20201023,1
20201026,1
20201027,1
20201028,1
20201029,1
20201030,1
20201102,1
20201103,1
20201104,1
20201105,1
20201106,1
20201109,1
20201110,1
20201111,1
20201112,1
20201113,1
20201116,1
20201117,1
20201118,1
20201119,1
20201120,1
20201123,1
20201124,1
20201125,1
20201126,1
20201127,1
20201130,1
20201201,1
20201202,1
20201203,1
20201204,1
20201207,1
20201208,1
20201209,1
20201210,1
20201211,1
20201214,1
20201215,1
20201216,1
20201217,1
20201218,1
20201221,1
20201222,1
20201223,1
20201224,1
20201225,1
20201228,1
20201229,1
20201230,1
20201231,1
20210104,1
20210105,1
20210106,1
20210107,1
20210108,1
20210111,1
20210112,1
20210113,1
20210114,1
20210115,1
20210118,1
20210119,1
20210120,1
20210121,1
20210122,1
20210125,1
20210126,1
20210127,1
20210128,1
20210129,1
20210201,1
20210202,1
20210203,1
20210204,1
20210205,1
20210208,1
20210209,1
20210210,1
20210218,1
20210219,1
20210222,1
20210223,1
20210224,1
20210225,1
20210226,1
20210301,1
20210302,1
20210303,1
20210304,1
20210305,1
20210308,1
20210309,1
20210310,1
20210311,1
20210312,1
20210315,1
20210316,1
20210317,1
20210318,1
20210319,1
20210322,1
20210323,1
20210324,1
20210325,1
20210326,1
20210329,1
20210330,1
20210331,1
20210401,1
20210402,1
20210406,1
20210407,1
20210408,1
20210409,1
20210412,1
20210413,1
20210414,1
20210415,1
20210416,1
20210419,1
20210420,1
20210421,1
20210422,1
20210423,1
20210426,1
20210427,1
20210428,1
20210429,1
20210430,1
20210506,1
20210507,1
20210510,1
20210511,1
20210512,1
20210513,1
20210514,1
20210517,1
20210518,1
20210519,1
20210520,1
20210521,1
20210524,1
20210525,1
20210526,1
20210527,1
20210528,1
20210531,1
20210601,1
20210602,1
20210603,1
20210604,1
20210607,1
20210608,1
20210609,1
20210610,1
20210611,1
20210615,1
20210616,1
20210617,1
20210618,1
20210621,1
20210622,1
20210623,1
20210624,1
20210625,1
20210628,1
20210629,1
20210630,1
20210701,1
20210702,1
20210705,1
20210706,1
20210707,1
20210708,1
20210709,1
20210712,1
20210713,1
20210714,1
20210715,1
20210716,1
20210719,1
20210720,1
20210721,1
20210722,1
20210723,1
20210726,1
20210727,1
20210728,1
20210729,1
20210730,1
20210802,1
20210803,1
20210804,1
20210805,1
20210806,1
20210809,1
20210810,1
20210811,1
20210812,1
20210813,1
20210816,1
20210817,1
20210818,1
20210819,1
20210820,1
20210823,1
20210824,1
20210825,1
20210826,1
20210827,1
20210830,1
20210831,1
20210901,1
20210902,1
20210903,1
20210906,1
20210907,1
20210908,1
20210909,1
20210910,1
20210913,1
20210914,1
20210915,1
20210916,1
20210917,1
20210922,1
20210923,1
20210924,1
20210927,1
20210928,1
20210929,1
20210930,1
20211008,1
20211011,1
20211012,1
20211013,1
20211014,1
20211015,1
20211018,1
20211019,1
20211020,1
20211021,1
20211022,1
20211025,1
20211026,1
20211027,1
20211028,1
20211029,1
20211101,1
20211102,1
20211103,1
20211104,1
20211105,1
20211108,1
20211109,1
20211110,1
20211111,1
20211112,1
20211115,1
20211116,1
20211117,1
20211118,1
20211119,1
20211122,1
20211123,1
20211124,1
20211125,1
20211126,1
20211129,1
20211130,1
20211201,1
20211202,1
20211203,1
20211206,1
20211207,1
20211208,1
20211209,1
20211210,1
20211213,1
20211214,1
20211215,1
20211216,1
20211217,1
20211220,1
20211221,1
20211222,1
20211223,1
20211224,1
20211227,1
20211228,1
20211229,1
20211230,1
20211231,1
20220104,1
20220105,1
20220106,1
20220107,1
20220110,1
20220111,1
20220112,1
20220113,1
20220114,1
20220117,1
20220118,1
20220119,1
20220120,1
20220121,1
20220124,1
20220125,1
20220126,1
20220127,1
20220128,1
20220207,1
20220208,1
20220209,1
20220210,1
20220211,1
20220214,1
20220215,1
20220216,1
20220217,1
20220218,1
20220221,1
20220222,1
20220223,1
20220224,1
20220225,1
20220228,1
20220301,1
20220302,1
20220303,1
20220304,1
20220307,1
20220308,1
20220309,1
20220310,1
20220311,1
20220314,1
20220315,1
20220316,1
20220317,1
20220318,1
20220321,1
20220322,1
20220323,1
20220324,1
20220325,1
20220328,1
20220329,1
20220330,1
20220331,1
20220401,1
20220406,1
20220407,1
20220408,1
20220411,1
20220412,1
20220413,1
20220414,1
20220415,1
20220418,1
20220419,1
20220420,1
20220421,1
20220422,1
20220425,1
20220426,1
20220427,1
20220428,1
20220429,1
20220505,1
20220506,1
20220509,1
20220510,1
20220511,1
20220512,1
20220513,1
20220516,1
20220517,1
20220518,1
20220519,1
20220520,1
20220523,1
20220524,1
20220525,1
20220526,1
20220527,1
20220530,1
20220531,1
20220601,1
20220602,1
20220606,1
20220607,1
20220608,1
20220609,1
20220610,1
20220613,1
20220614,1
20220615,1
20220616,1
20220617,1
20220620,1
20220621,1
20220622,1
20220623,1
20220624,1
20220627,1
20220628,1
20220629,1
20220630,1
20220701,1
20220704,1
20220705,1
20220706,1
20220707,1
20220708,1
20220711,1
20220712,1
20220713,1
20220714,1
20220715,1
20220718,1
20220719,1
20220720,1
20220721,1
20220722,1
20220725,1
20220726,1
20220727,1
20220728,1
20220729,1
20220801,1
20220802,1
20220803,1
20220804,1
20220805,1
20220808,1
20220809,1
20220810,1
20220811,1
20220812,1
20220815,1
20220816,1
20220817,1
20220818,1
20220819,1
20220822,1
20220823,1
20220824,1
20220825,1
20220826,1
20220829,1
20220830,1
20220831,1
20220901,1
20220902,1
20220905,1
20220906,1
20220907,1
20220908,1
20220909,1
20220913,1
20220914,1
20220915,1
20220916,1
20220919,1
20220920,1
20220921,1
20220922,1
20220923,1
20220926,1
20220927,1
20220928,1
20220929,1
20220930,1
20221010,1
20221011,1
20221012,1
20221013,1
20221014,1
20221017,1
20221018,1
20221019,1
20221020,1
20221021,1
20221024,1
20221025,1
20221026,1
20221027,1
20221028,1
20221031,1
20221101,1
20221102,1
20221103,1
20221104,1
20221107,1
20221108,1
20221109,1
20221110,1
20221111,1
20221114,1
20221115,1
20221116,1
20221117,1
20221118,1
20221121,1
20221122,1
20221123,1
20221124,1
20221125,1
20221128,1
20221129,1
20221130,1
20221201,1
20221202,1
20221205,1
20221206,1
20221207,1
20221208,1
20221209,1
20221212,1
20221213,1
20221214,1
20221215,1
20221216,1
20221219,1
20221220,1
20221221,1
20221222,1
20221223,1
20221226,1
20221227,1
20221228,1
20221229,1
20221230,1
20230103,1
20230104,1
20230105,1
20230106,1
20230109,1
20230110,1
20230111,1
20230112,1
20230113,1
20230116,1
20230117,1
20230118,1
20230119,1
20230120,1
20230130,1
20230131,1
20230201,1
20230202,1
20230203,1
20230206,1
20230207,1
20230208,1
20230209,1
20230210,1
20230213,1
20230214,1
20230215,1
20230216,1
20230217,1
20230220,1
20230221,1
20230222,1
20230223,1
20230224,1
20230227,1
20230228,1
20230301,1
20230302,1
20230303,1
20230306,1
20230307,1
20230308,1
20230309,1
20230310,1
20230313,1
20230314,1
20230315,1
20230316,1
20230317,1
20230320,1
20230321,1
20230322,1
20230323,1
20230324,1
20230327,1
20230328,1
20230329,1
20230330,1
20230331,1
20230403,1
20230404,1
20230406,1
20230407,1
20230410,1
20230411,1
20230412,1
20230413,1
20230414,1
20230417,1
20230418,1
20230419,1
20230420,1
20230421,1
20230424,1
20230425,1
20230426,1
20230427,1
20230428,1
20230504,1
20230505,1
20230508,1
20230509,1
20230510,1
20230511,1
20230512,1
20230515,1
20230516,1
20230517,1
20230518,1
20230519,1
20230522,1
20230523,1
20230524,1
20230525,1
20230526,1
20230529,1
20230530,1
20230531,1
20230601,1
20230602,1
20230605,1
20230606,1
20230607,1
20230608,1
20230609,1
20230612,1
20230613,1
20230614,1
20230615,1
20230616,1
20230619,1
20230620,1
20230621,1
20230626,1
20230627,1
20230628,1
20230629,1
20230630,1
20230703,1
20230704,1
20230705,1
20230706,1
20230707,1
20230710,1
20230711,1
20230712,1
20230713,1
20230714,1
20230717,1
20230718,1
20230719,1
20230720,1
20230721,1
20230724,1
20230725,1
20230726,1
20230727,1
20230728,1
20230731,1
20230801,1
20230802,1
20230803,1
20230804,1
20230807,1
20230808,1
20230809,1
20230810,1
20230811,1
20230814,1
20230815,1
20230816,1
20230817,1
20230818,1
20230821,1
20230822,1
20230823,1
20230824,1
20230825,1
20230828,1
20230829,1
20230830,1
20230831,1
20230901,1
20230904,1
20230905,1
20230906,1
20230907,1
20230908,1
20230911,1
20230912,1
20230913,1
20230914,1
20230915,1
20230918,1
20230919,1
20230920,1
20230921,1
20230922,1
20230925,1
20230926,1
20230927,1
20230928,1
20231009,1
20231010,1
20231011,1
20231012,1
20231013,1
20231016,1
20231017,1
20231018,1
20231019,1
20231020,1
20231023,1
20231024,1
20231025,1
20231026,1
20231027,1
20231030,1
20231031,1
20231101,1
20231102,1
20231103,1
20231106,1
20231107,1
20231108,1
20231109,1
20231110,1
20231113,1
20231114,1
20231115,1
20231116,1
20231117,1
20231120,1
20231121,1
20231122,1
20231123,1
20231124,1
20231127,1
20231128,1
20231129,1
20231130,1
20231201,1
20231204,1
20231205,1
20231206,1
20231207,1
20231208,1
20231211,1
20231212,1
20231213,1
20231214,1
20231215,1
20231218,1
20231219,1
20231220,1
20231221,1
20231222,1
20231225,1
20231226,1
20231227,1
20231228,1
20231229,1
20240102,1
20240103,1
20240104,1
20240105,1
20240108,1
20240109,1
20240110,1
20240111,1
20240112,1
20240115,1
20240116,1
20240117,1
20240118,1
20240119,1
20240122,1
20240123,1
20240124,1
20240125,1
20240126,1
20240129,1
20240130,1
20240131,1
20240201,1
20240202,1
20240205,1
20240206,1
20240207,1
20240208,1
20240219,1
20240220,1
20240221,1
20240222,1
20240223,1
20240226,1
20240227,1
20240228,1
20240229,1
20240301,1
20240304,1
20240305,1
20240306,1
20240307,1
20240308,1
20240311,1
20240312,1
20240313,1
20240314,1
20240315,1
20240318,1
20240319,1
20240320,1
20240321,1
20240322,1
20240325,1
20240326,1
20240327,1
20240328,1
20240329,1
20240401,1
20240402,1
20240403,1
20240408,1
20240409,1
20240410,1
20240411,1
20240412,1
20240415,1
20240416,1
20240417,1
20240418,1
20240419,1
20240422,1
20240423,1
20240424,1
20240425,1
20240426,1
20240429,1
20240430,1
20240506,1
20240507,1
20240508,1
20240509,1
20240510,1
20240513,1
20240514,1
20240515,1
20240516,1
20240517,1
20240520,1
20240521,1
20240522,1
20240523,1
20240524,1
20240527,1
20240528,1
20240529,1
20240530,1
20240531,1
20240603,1
20240604,1
20240605,1
20240606,1
20240607,1
20240611,1
20240612,1
20240613,1
20240614,1
20240617,1
20240618,1
20240619,1
20240620,1
20240621,1
20240624,1
20240625,1
20240626,1
20240627,1
20240628,1
20240701,1
20240702,1
20240703,1
20240704,1
20240705,1
20240708,1
20240709,1
20240710,1
20240711,1
20240712,1
20240715,1
20240716,1
20240717,1
20240718,1
20240719,1
20240722,1
20240723,1
20240724,1
20240725,1
20240726,1
20240729,1
20240730,1
20240731,1
20240801,1
20240802,1
20240805,1
20240806,1
20240807,1
20240808,1
20240809,1
20240812,1
20240813,1
20240814,1
20240815,1
20240816,1
20240819,1
20240820,1
20240821,1
20240822,1
20240823,1
20240826,1
20240827,1
20240828,1
20240829,1
20240830,1
20240902,1
20240903,1
20240904,1
20240905,1
20240906,1
20240909,1
20240910,1
20240911,1
20240912,1
20240913,1
20240918,1
20240919,1
20240920,1
20240923,1
20240924,1
20240925,1
20240926,1
20240927,1
20240930,1
20241008,1
20241009,1
20241010,1
20241011,1
20241014,1
20241015,1
20241016,1
20241017,1
20241018,1
20241021,1
20241022,1
20241023,1
20241024,1
20241025,1
20241028,1
20241029,1
20241030,1
20241031,1
20241101,1
20241104,1
20241105,1
20241106,1
20241107,1
20241108,1
20241111,1
20241112,1
20241113,1
20241114,1
20241115,1
20241118,1
20241119,1
20241120,1
20241121,1
20241122,1
20241125,1
20241126,1
20241127,1
20241128,1
20241129,1
20241202,1
20241203,1
20241204,1
20241205,1
20241206,1
20241209,1
20241210,1
20241211,1
20241212,1
20241213,1
20241216,1
20241217,1
20241218,1
20241219,1
20241220,1
20241223,1
20241224,1
20241225,1
20241226,1
20241227,1
20241230,1
20241231,1
20250102,1
20250103,1
20250106,1
20250107,1
20250108,1
20250109,1
20250110,1
20250113,1
20250114,1
20250115,1
20250116,1
20250117,1
20250120,1
20250121,1
20250122,1
20250123,1
20250124,1
20250127,1
20250205,1
20250206,1
20250207,1
20250210,1
20250211,1
20250212,1
20250213,1
20250214,1
20250217,1
20250218,1
20250219,1
20250220,1
20250221,1
20250224,1
20250225,1
20250226,1
20250227,1
20250228,1
20250303,1
20250304,1
20250305,1
20250306,1
20250307,1
20250310,1
20250311,1
20250312,1
20250313,1
20250314,1
20250317,1
20250318,1
20250319,1
20250320,1
20250321,1
20250324,1
20250325,1
20250326,1
20250327,1
20250328,1
20250331,1
20250401,1
20250402,1
20250403,1
20250407,1
20250408,1
20250409,1
20250410,1
20250411,1
20250414,1
20250415,1
20250416,1
20250417,1
20250418,1
20250421,1
20250422,1
20250423,1
20250424,1
20250425,1
20250428,1
20250429,1
20250430,1
20250506,1
20250507,1
20250508,1
20250509,1
20250512,1
20250513,1
20250514,1
20250515,1
20250516,1
20250519,1
20250520,1
20250521,1
20250522,1
20250523,1
20250526,1
20250527,1
20250528,1
20250529,1
20250530,1
20250603,1
20250604,1
20250605,1
20250606,1
20250609,1
20250610,1
20250611,1
20250612,1
20250613,1
20250616,1
20250617,1
20250618,1
20250619,1
20250620,1
20250623,1
20250624,1
20250625,1
20250626,1
20250627,1
20250630,1
20250701,1
20250702,1
20250703,1
20250704,1
20250707,1
20250708,1
20250709,1
20250710,1
20250711,1
20250714,1
20250715,1
20250716,1
20250717,1
20250718,1
20250721,1
20250722,1
20250723,1
20250724,1
20250725,1
20250728,1
20250729,1
20250730,1
20250731,1
20250801,1
20250804,1
20250805,1
20250806,1
20250807,1
20250808,1
20250811,1
20250812,1
20250813,1
20250814,1
20250815,1
20250818,1
20250819,1
20250820,1
20250821,1
20250822,1
20250825,1
20250826,1
20250827,1
20250828,1
20250829,1
20250901,1
20250902,1
20250903,1
20250904,1
20250905,1
20250908,1
20250909,1
20250910,1
20250911,1
20250912,1
20250915,1
20250916,1
20250917,1
20250918,1
20250919,1
20250922,1
20250923,1
20250924,1
20250925,1
20250926,1
20250929,1
20250930,1
20251009,1
20251010,1
20251013,1
20251014,1
20251015,1
20251016,1
20251017,1
20251020,1
20251021,1
20251022,1
20251023,1
20251024,1
20251027,1
20251028,1
20251029,1
20251030,1
20251031,1
20251103,1
20251104,1
20251105,1
20251106,1
20251107,1
20251110,1
20251111,1
20251112,1
20251113,1
20251114,1
20251117,1
20251118,1
20251119,1
20251120,1
20251121,1
20251124,1
20251125,1
20251126,1
20251127,1
20251128,1
20251201,1
20251202,1
20251203,1
20251204,1
20251205,1
20251208,1
20251209,1
20251210,1
20251211,1
20251212,1
20251215,1
20251216,1
20251217,1
20251218,1
20251219,1
20251222,1
20251223,1
20251224,1
20251225,1
20251226,1
20251229,1
20251230,1
20251231,1
20260105,1
20260106,1
20260107,1
20260108,1
20260109,1
20260112,1
20260113,1
20260114,1
20260115,1
20260116,1
20260119,1
20260120,1
20260121,1
20260122,1
20260123,1
20260126,1
20260127,1
20260128,1
20260129,1
20260130,1
20260202,1
20260203,1
20260204,1
20260205,1
20260206,1
20260209,1
20260210,1
20260211,1
20260212,1
20260213,1
20260224,1
20260225,1
20260226,1
20260227,1
20260302,1
20260303,1
20260304,1
20260305,1
20260306,1
20260309,1
20260310,1
20260311,1
20260312,1
20260313,1
20260316,1
20260317,1
20260318,1
20260319,1
20260320,1
20260323,1
20260324,1
20260325,1
20260326,1
20260327,1
20260330,1
20260331,1
20260401,1
20260402,1
20260403,1
20260407,1
20260408,1
20260409,1
20260410,1
20260413,1
20260414,1
20260415,1
20260416,1
20260417,1
20260420,1
20260421,1
20260422,1
20260423,1
20260424,1
20260427,1
20260428,1
20260429,1
20260430,1
20260506,1
20260507,1
20260508,1
20260511,1
20260512,1
20260513,1
20260514,1
20260515,1
20260518,1
20260519,1
20260520,1
20260521,1
20260522,1
20260525,1
20260526,1
20260527,1
20260528,1
20260529,1
20260601,1
20260602,1
20260603,1
20260604,1
20260605,1
20260608,1
20260609,1
20260610,1
20260611,1
20260612,1
20260615,1
20260616,1
20260617,1
20260618,1
20260622,1
20260623,1
20260624,1
20260625,1
20260626,1
20260629,1
20260630,1
20260701,1
20260702,1
20260703,1
20260706,1
20260707,1
20260708,1
20260709,1
20260710,1
20260713,1
20260714,1
20260715,1
20260716,1
20260717,1
20260720,1
20260721,1
20260722,1
20260723,1
20260724,1
20260727,1
20260728,1
20260729,1
20260730,1
20260731,1
20260803,1
20260804,1
20260805,1
20260806,1
20260807,1
20260810,1
20260811,1
20260812,1
20260813,1
20260814,1
20260817,1
20260818,1
20260819,1
20260820,1
20260821,1
20260824,1
20260825,1
20260826,1
20260827,1
20260828,1
20260831,1
20260901,1
20260902,1
20260903,1
20260904,1
20260907,1
20260908,1
20260909,1
20260910,1
20260911,1
20260914,1
20260915,1
20260916,1
20260917,1
20260918,1
20260921,1
20260922,1
20260923,1
20260924,1
20260928,1
20260929,1
20260930,1
20261008,1
20261009,1
20261012,1
20261013,1
20261014,1
20261015,1
20261016,1
20261019,1
20261020,1
