ts_code,name,start_date,end_date,ann_date,change_reason,fetched_at
000001.SZ,深发展A,19910403,20061008,19910403,其他,2026-09-12T13:19:30.423524+08:00
000001.SZ,S深发展A,20061009,20070619,20060928,其他,2026-09-12T13:19:30.423524+08:00
000001.SZ,深发展A,20070620,20120801,20070614,其他,2026-09-12T13:19:30.423524+08:00
000001.SZ,平安银行,20120802,,20120120,其他,2026-09-12T13:19:30.423524+08:00
000034.SZ,深华宝A,19940509,19990429,19940509,其他,2026-09-12T13:19:32.236524+08:00
000034.SZ,ST深华宝,19990430,20010117,19990430,ST,2026-09-12T13:19:32.236524+08:00
000034.SZ,深华宝A,20010118,20010304,20010117,撤销ST,2026-09-12T13:19:32.236524+08:00
000034.SZ,深信泰丰,20010305,20050509,20010221,其他,2026-09-12T13:19:32.236524+08:00
000034.SZ,ST深泰,20050510,20060427,20050430,ST,2026-09-12T13:19:32.236524+08:00
000034.SZ,*ST深泰,20060428,20061008,20060427,从ST变为*ST,2026-09-12T13:19:32.236524+08:00
000034.SZ,S*ST深泰,20061009,20070820,20060928,其他,2026-09-12T13:19:32.236524+08:00
000034.SZ,SST深泰,20070821,20080713,20070820,撤消*ST并实行ST,2026-09-12T13:19:32.236524+08:00
000034.SZ,ST深泰,20080714,20090428,20080710,其他,2026-09-12T13:19:32.236524+08:00
000034.SZ,*ST深泰,20090429,20100913,20090428,从ST变为*ST,2026-09-12T13:19:32.236524+08:00
000034.SZ,ST深泰,20100914,20110331,20100913,撤消*ST并实行ST,2026-09-12T13:19:32.236524+08:00
000034.SZ,深信泰丰,20110401,20160424,20110331,撤销ST,2026-09-12T13:19:32.236524+08:00
000034.SZ,神州数码,20160425,,20160310,其他,2026-09-12T13:19:32.236524+08:00
000060.SZ,有色中金,19970123,20000516,19970123,其他,2026-09-12T13:19:34.553230+08:00
000060.SZ,中金岭南,20000517,20051117,20000107,其他,2026-09-12T13:19:34.553230+08:00
000060.SZ,G中金,20051118,20061008,20051116,其他,2026-09-12T13:19:34.553230+08:00
000060.SZ,中金岭南,20061009,,20060928,其他,2026-09-12T13:19:34.553230+08:00
000065.SZ,深圳西林,19980605,20010320,19980605,其他,2026-09-12T13:19:36.332352+08:00
000065.SZ,北方国际,20010321,20051110,20010213,其他,2026-09-12T13:19:36.332352+08:00
000065.SZ,G北方,20051111,20061008,20051109,其他,2026-09-12T13:19:36.332352+08:00
000065.SZ,北方国际,20061009,,20060928,其他,2026-09-12T13:19:36.332352+08:00
000070.SZ,特发信息,20000511,20060109,20000511,其他,2026-09-12T13:19:38.205893+08:00
000070.SZ,G特发,20060110,20061008,20060106,其他,2026-09-12T13:19:38.205893+08:00
000070.SZ,特发信息,20061009,20240513,20060928,其他,2026-09-12T13:19:38.205893+08:00
000070.SZ,ST特信,20240514,20250708,20240513,ST,2026-09-12T13:19:38.205893+08:00
000070.SZ,特发信息,20250709,,20250708,撤销ST,2026-09-12T13:19:38.205893+08:00
000301.SZ,丝绸股份,20000529,20060523,20000529,其他,2026-09-12T13:19:39.990615+08:00
000301.SZ,G丝绸,20060524,20061008,20060522,其他,2026-09-12T13:19:39.990615+08:00
000301.SZ,丝绸股份,20061009,20080729,20060928,其他,2026-09-12T13:19:39.990615+08:00
000301.SZ,东方市场,20080730,20180926,20080708,其他,2026-09-12T13:19:39.990615+08:00
000301.SZ,东方盛虹,20180927,,20180831,其他,2026-09-12T13:19:39.990615+08:00
000401.SZ,冀东水泥,19960614,20060523,19960614,其他,2026-09-12T13:19:42.736723+08:00
000401.SZ,G冀东,20060524,20061008,20060522,其他,2026-09-12T13:19:42.736723+08:00
000401.SZ,冀东水泥,20061009,20250903,20060928,其他,2026-09-12T13:19:42.736723+08:00
000401.SZ,金隅冀东,20250904,,20250809,其他,2026-09-12T13:19:42.736723+08:00
000411.SZ,凯地丝绸,19960716,20000406,19960716,其他,2026-09-12T13:19:44.520482+08:00
000411.SZ,ST凯地,20000407,20010426,20000406,ST,2026-09-12T13:19:44.520482+08:00
000411.SZ,PT凯地,20010427,20020624,20010423,PT,2026-09-12T13:19:44.520482+08:00
000411.SZ,ST凯地,20020625,20020722,20020530,撤销PT,2026-09-12T13:19:44.520482+08:00
000411.SZ,ST英特,20020723,20050512,20020723,其他,2026-09-12T13:19:44.520482+08:00
000411.SZ,英特集团,20050513,20060911,20050512,撤销ST,2026-09-12T13:19:44.520482+08:00
000411.SZ,G英特,20060912,20061008,20060908,其他,2026-09-12T13:19:44.520482+08:00
000411.SZ,英特集团,20061009,,20060928,其他,2026-09-12T13:19:44.520482+08:00
000422.SZ,湖北宜化,19960815,20060419,19960815,其他,2026-09-12T13:19:46.272951+08:00
000422.SZ,G宜化,20060420,20061008,20060418,其他,2026-09-12T13:19:46.272951+08:00
000422.SZ,湖北宜化,20061009,20180423,20060928,其他,2026-09-12T13:19:46.272951+08:00
000422.SZ,*ST宜化,20180424,20190425,20180421,*ST,2026-09-12T13:19:46.272951+08:00
000422.SZ,ST宜化,20190426,20210610,20190425,撤消*ST并实行ST,2026-09-12T13:19:46.272951+08:00
000422.SZ,湖北宜化,20210611,,20210610,撤销ST,2026-09-12T13:19:46.272951+08:00
000498.SZ,丹东化纤,19970609,20030415,19970609,其他,2026-09-12T13:19:48.107589+08:00
000498.SZ,ST丹化,20030416,20030511,20030415,ST,2026-09-12T13:19:48.107589+08:00
000498.SZ,*ST丹化,20030512,20040322,20030415,从ST变为*ST,2026-09-12T13:19:48.107589+08:00
000498.SZ,丹东化纤,20040323,20060417,20040322,撤销*ST,2026-09-12T13:19:48.107589+08:00
000498.SZ,G丹化,20060418,20061008,20060414,其他,2026-09-12T13:19:48.107589+08:00
000498.SZ,丹东化纤,20061009,20070419,20060928,其他,2026-09-12T13:19:48.107589+08:00
000498.SZ,*ST丹化,20070420,20130207,20070419,*ST,2026-09-12T13:19:48.107589+08:00
000498.SZ,*ST路桥,20130208,20130505,20130201,其他,2026-09-12T13:19:48.107589+08:00
000498.SZ,山东路桥,20130506,,20130503,撤销*ST,2026-09-12T13:19:48.107589+08:00
000528.SZ,桂柳工A,19931118,20060316,19931118,其他,2026-09-12T13:19:49.877663+08:00
000528.SZ,G柳工,20060317,20061008,20060315,其他,2026-09-12T13:19:49.877663+08:00
000528.SZ,柳工,20061009,,20060928,其他,2026-09-12T13:19:49.877663+08:00
000552.SZ,甘长风A,19940106,20020618,19940106,其他,2026-09-12T13:19:52.421947+08:00
000552.SZ,长风特电,20020619,20040429,20020423,其他,2026-09-12T13:19:52.421947+08:00
000552.SZ,*ST长风,20040430,20060329,20040429,*ST,2026-09-12T13:19:52.421947+08:00
000552.SZ,G*ST靖煤,20060330,20060625,20060328,其他,2026-09-12T13:19:52.421947+08:00
000552.SZ,G靖煤,20060626,20061008,20060623,撤销*ST,2026-09-12T13:19:52.421947+08:00
000552.SZ,靖远煤电,20061009,20230417,20060928,其他,2026-09-12T13:19:52.421947+08:00
000552.SZ,甘肃能化,20230418,,20230322,其他,2026-09-12T13:19:52.421947+08:00
000582.SZ,北海新力,19951102,20050529,19951102,其他,2026-09-12T13:19:54.195756+08:00
000582.SZ,北海港,20050530,20061008,20050122,其他,2026-09-12T13:19:54.195756+08:00
000582.SZ,S北海港,20061009,20070521,20060928,其他,2026-09-12T13:19:54.195756+08:00
000582.SZ,北海港,20070522,20140415,20070518,其他,2026-09-12T13:19:54.195756+08:00
000582.SZ,北部湾港,20140416,,20140315,其他,2026-09-12T13:19:54.195756+08:00
000589.SZ,黔轮胎A,19960308,20060405,19960308,其他,2026-09-12T13:19:55.958562+08:00
000589.SZ,G黔轮胎,20060406,20061008,20060404,其他,2026-09-12T13:19:55.958562+08:00
000589.SZ,黔轮胎A,20061009,20190507,20060928,其他,2026-09-12T13:19:55.958562+08:00
000589.SZ,贵州轮胎,20190508,,20190508,其他,2026-09-12T13:19:55.958562+08:00
000591.SZ,重庆中药,19960208,19980830,19960208,其他,2026-09-12T13:19:57.797618+08:00
000591.SZ,桐君阁,19980831,20061008,19980501,其他,2026-09-12T13:19:57.797618+08:00
000591.SZ,S桐君阁,20061009,20070131,20060928,其他,2026-09-12T13:19:57.797618+08:00
000591.SZ,桐君阁,20070201,20160327,20070130,其他,2026-09-12T13:19:57.797618+08:00
000591.SZ,太阳能,20160328,,20160218,其他,2026-09-12T13:19:57.797618+08:00
000623.SZ,吉林敖东,19961028,20050803,19961028,其他,2026-09-12T13:19:59.958491+08:00
000623.SZ,G敖东,20050804,20061008,20050801,其他,2026-09-12T13:19:59.958491+08:00
000623.SZ,吉林敖东,20061009,,20060928,其他,2026-09-12T13:19:59.958491+08:00
000665.SZ,武汉塑料,19961210,20061008,19961210,其他,2026-09-12T13:20:01.724587+08:00
000665.SZ,S武塑料,20061009,20061211,20060928,其他,2026-09-12T13:20:01.724587+08:00
000665.SZ,武汉塑料,20061212,20121210,20061208,其他,2026-09-12T13:20:01.724587+08:00
000665.SZ,湖北广电,20121211,,20121113,其他,2026-09-12T13:20:01.724587+08:00
000688.SZ,涪陵建陶,19970120,20000723,19970120,其他,2026-09-12T13:20:03.492046+08:00
000688.SZ,朝华科技,20000724,20021106,20000530,其他,2026-09-12T13:20:03.492046+08:00
000688.SZ,朝华集团,20021107,20060528,20010922,其他,2026-09-12T13:20:03.492046+08:00
000688.SZ,*ST朝华,20060529,20061008,20060526,*ST,2026-09-12T13:20:03.492046+08:00
000688.SZ,S*ST朝华,20061009,20100329,20060928,其他,2026-09-12T13:20:03.492046+08:00
000688.SZ,*ST朝华,20100330,20130425,20100326,其他,2026-09-12T13:20:03.492046+08:00
000688.SZ,朝华集团,20130426,20130530,20130419,撤销*ST,2026-09-12T13:20:03.492046+08:00
000688.SZ,建新矿业,20130531,20180802,20130427,其他,2026-09-12T13:20:03.492046+08:00
000688.SZ,国城矿业,20180803,,20180721,其他,2026-09-12T13:20:03.492046+08:00
000700.SZ,兴澄股份,19970228,20000525,19970228,其他,2026-09-12T13:20:05.253938+08:00
000700.SZ,模塑科技,20000526,20060209,20000328,其他,2026-09-12T13:20:05.253938+08:00
000700.SZ,G模塑,20060210,20061008,20060208,其他,2026-09-12T13:20:05.253938+08:00
000700.SZ,模塑科技,20061009,,20060928,其他,2026-09-12T13:20:05.253938+08:00
000703.SZ,招商股份,19970328,20010510,19970328,其他,2026-09-12T13:20:07.017760+08:00
000703.SZ,世纪光华,20010511,20061008,20010404,其他,2026-09-12T13:20:07.017760+08:00
000703.SZ,S光华,20061009,20061123,20060928,其他,2026-09-12T13:20:07.017760+08:00
000703.SZ,世纪光华,20061124,20100307,20061122,其他,2026-09-12T13:20:07.017760+08:00
000703.SZ,*ST光华,20100308,20110418,20100305,*ST,2026-09-12T13:20:07.017760+08:00
000703.SZ,ST光华,20110419,20110607,20110418,撤消*ST并实行ST,2026-09-12T13:20:07.017760+08:00
000703.SZ,恒逸石化,20110608,,20110428,撤销ST,2026-09-12T13:20:07.017760+08:00
000708.SZ,大冶特钢,19970326,20060206,19970326,其他,2026-09-12T13:20:08.785477+08:00
000708.SZ,G冶特钢,20060207,20061008,20060125,其他,2026-09-12T13:20:08.785477+08:00
000708.SZ,大冶特钢,20061009,20191010,20060928,其他,2026-09-12T13:20:08.785477+08:00
000708.SZ,中信特钢,20191011,,20190903,其他,2026-09-12T13:20:08.785477+08:00
000726.SZ,鲁泰A,20001225,20060611,20001225,其他,2026-09-12T13:20:10.572284+08:00
000726.SZ,G鲁泰,20060612,20061008,20060608,其他,2026-09-12T13:20:10.572284+08:00
000726.SZ,鲁泰A,20061009,,20060928,其他,2026-09-12T13:20:10.572284+08:00
000761.SZ,本钢板材,19980115,20030626,19980115,其他,2026-09-12T13:20:12.880308+08:00
000761.SZ,ST板材,20030627,20040509,20030626,ST,2026-09-12T13:20:12.880308+08:00
000761.SZ,本钢板材,20040510,20060314,20040430,撤销ST,2026-09-12T13:20:12.880308+08:00
000761.SZ,G本钢,20060315,20061008,20060313,其他,2026-09-12T13:20:12.880308+08:00
000761.SZ,本钢板材,20061009,,20060928,其他,2026-09-12T13:20:12.880308+08:00
000783.SZ,石炼化,19970731,20061008,19970731,其他,2026-09-12T13:20:14.668762+08:00
000783.SZ,S石炼化,20061009,20070320,20060928,其他,2026-09-12T13:20:14.668762+08:00
000783.SZ,S*ST石炼,20070321,20071226,20070320,*ST,2026-09-12T13:20:14.668762+08:00
000783.SZ,长江证券,20071227,,20071220,撤销*ST,2026-09-12T13:20:14.668762+08:00
000789.SZ,江西水泥,19970923,20060425,19970923,其他,2026-09-12T13:20:16.451114+08:00
000789.SZ,*ST江泥,20060426,20060808,20060425,*ST,2026-09-12T13:20:16.451114+08:00
000789.SZ,G*ST江泥,20060809,20061008,20060807,其他,2026-09-12T13:20:16.451114+08:00
000789.SZ,*ST江泥,20061009,20070405,20060928,其他,2026-09-12T13:20:16.451114+08:00
000789.SZ,江西水泥,20070406,20141109,20070405,撤销*ST,2026-09-12T13:20:16.451114+08:00
000789.SZ,万年青,20141110,,20141108,其他,2026-09-12T13:20:16.451114+08:00
000810.SZ,四川锦华,19980602,20020421,19980602,其他,2026-09-12T13:20:18.222449+08:00
000810.SZ,华润锦华,20020422,20061008,20020208,其他,2026-09-12T13:20:18.222449+08:00
000810.SZ,S锦华,20061009,20061116,20060928,其他,2026-09-12T13:20:18.222449+08:00
000810.SZ,华润锦华,20061117,20141110,20061115,其他,2026-09-12T13:20:18.222449+08:00
000810.SZ,创维数字,20141111,,20141010,其他,2026-09-12T13:20:18.222449+08:00
000811.SZ,烟台冰轮,19980528,20060531,19980528,其他,2026-09-12T13:20:20.006265+08:00
000811.SZ,G冰轮,20060601,20061008,20060530,其他,2026-09-12T13:20:20.006265+08:00
000811.SZ,烟台冰轮,20061009,20171012,20060928,其他,2026-09-12T13:20:20.006265+08:00
000811.SZ,冰轮环境,20171013,,20171013,其他,2026-09-12T13:20:20.006265+08:00
000823.SZ,超声电子,19971008,20060319,19971008,其他,2026-09-12T13:20:21.785836+08:00
000823.SZ,G超声,20060320,20061008,20060316,其他,2026-09-12T13:20:21.785836+08:00
000823.SZ,超声电子,20061009,,20060928,其他,2026-09-12T13:20:21.785836+08:00
000861.SZ,茂化永业,19981028,20041012,19981028,其他,2026-09-12T13:20:23.562749+08:00
000861.SZ,海印股份,20041013,20060703,20040729,其他,2026-09-12T13:20:23.562749+08:00
000861.SZ,G海印,20060704,20061008,20060630,其他,2026-09-12T13:20:23.562749+08:00
000861.SZ,海印股份,20061009,,20060928,其他,2026-09-12T13:20:23.562749+08:00
000876.SZ,新希望,19980311,20060206,19980311,其他,2026-09-12T13:20:25.410689+08:00
000876.SZ,G新希望,20060207,20061008,20060125,其他,2026-09-12T13:20:25.410689+08:00
000876.SZ,新希望,20061009,,20060928,其他,2026-09-12T13:20:25.410689+08:00
000887.SZ,飞彩股份,19981203,20050419,19981203,其他,2026-09-12T13:20:27.187906+08:00
000887.SZ,ST飞彩,20050420,20050424,20050419,ST,2026-09-12T13:20:27.187906+08:00
000887.SZ,*ST飞彩,20050425,20061008,20050422,从ST变为*ST,2026-09-12T13:20:27.187906+08:00
000887.SZ,S*ST飞彩,20061009,20061122,20060928,其他,2026-09-12T13:20:27.187906+08:00
000887.SZ,SST飞彩,20061123,20061221,20061122,撤消*ST并实行ST,2026-09-12T13:20:27.187906+08:00
000887.SZ,ST飞彩,20061222,20070117,20061216,其他,2026-09-12T13:20:27.187906+08:00
000887.SZ,ST中鼎,20070118,20080306,20061228,其他,2026-09-12T13:20:27.187906+08:00
000887.SZ,中鼎股份,20080307,,20080306,撤销ST,2026-09-12T13:20:27.187906+08:00
000902.SZ,中国服装,19990408,20061008,19990408,其他,2026-09-12T13:20:28.938622+08:00
000902.SZ,S中服,20061009,20070325,20060928,其他,2026-09-12T13:20:28.938622+08:00
000902.SZ,中国服装,20070326,20100307,20070322,其他,2026-09-12T13:20:28.938622+08:00
000902.SZ,*ST中服,20100308,20110411,20100305,*ST,2026-09-12T13:20:28.938622+08:00
000902.SZ,中国服装,20110412,20140326,20110411,撤销*ST,2026-09-12T13:20:28.938622+08:00
000902.SZ,*ST中服,20140327,20140409,20140326,*ST,2026-09-12T13:20:28.938622+08:00
000902.SZ,中国服装,20140410,20140511,20140409,撤销*ST,2026-09-12T13:20:28.938622+08:00
000902.SZ,新洋丰,20140512,20190411,20140326,其他,2026-09-12T13:20:28.938622+08:00
000902.SZ,新洋丰,20190412,,20190412,其他,2026-09-12T13:20:28.938622+08:00
000928.SZ,吉林炭素,19990312,20060425,19990312,其他,2026-09-12T13:20:31.457655+08:00
000928.SZ,*ST吉炭,20060426,20060604,20060425,*ST,2026-09-12T13:20:31.457655+08:00
000928.SZ,G*ST吉炭,20060605,20061008,20060601,其他,2026-09-12T13:20:31.457655+08:00
000928.SZ,*ST吉炭,20061009,20070603,20060928,其他,2026-09-12T13:20:31.457655+08:00
000928.SZ,ST吉炭,20070604,20090518,20070601,撤消*ST并实行ST,2026-09-12T13:20:31.457655+08:00
000928.SZ,中钢吉炭,20090519,20140323,20090518,撤销ST,2026-09-12T13:20:31.457655+08:00
000928.SZ,*ST吉炭,20140324,20140929,20140321,*ST,2026-09-12T13:20:31.457655+08:00
000928.SZ,中钢吉炭,20140930,20141012,20140929,撤销*ST,2026-09-12T13:20:31.457655+08:00
000928.SZ,中钢国际,20141013,,20140905,其他,2026-09-12T13:20:31.457655+08:00
000932.SZ,华菱管线,19990803,20060228,19990803,其他,2026-09-12T13:20:33.225826+08:00
000932.SZ,G华菱,20060301,20061008,20060228,其他,2026-09-12T13:20:33.225826+08:00
000932.SZ,华菱管线,20061009,20080910,20060928,其他,2026-09-12T13:20:33.225826+08:00
000932.SZ,华菱钢铁,20080911,20170502,20080429,其他,2026-09-12T13:20:33.225826+08:00
000932.SZ,*ST华菱,20170503,20180308,20170429,*ST,2026-09-12T13:20:33.225826+08:00
000932.SZ,华菱钢铁,20180309,,20180308,撤销*ST,2026-09-12T13:20:33.225826+08:00
000967.SZ,上风高科,20000330,20060416,20000330,其他,2026-09-12T13:20:34.992628+08:00
000967.SZ,*ST上风,20060417,20060920,20060414,*ST,2026-09-12T13:20:34.992628+08:00
000967.SZ,G*ST上风,20060921,20061008,20060919,其他,2026-09-12T13:20:34.992628+08:00
000967.SZ,*ST上风,20061009,20070823,20060928,其他,2026-09-12T13:20:34.992628+08:00
000967.SZ,上风高科,20070824,20160301,20070823,撤销*ST,2026-09-12T13:20:34.992628+08:00
000967.SZ,盈峰环境,20160302,,20151231,其他,2026-09-12T13:20:34.992628+08:00
001203.SZ,大中矿业,20210510,,20210510,其他,2026-09-12T13:20:36.877322+08:00
001301.SZ,尚太科技,20221228,,20221228,其他,2026-09-25T21:45:32.994339+08:00
001965.SZ,招商公路,20171225,,20171225,其他,2026-09-12T13:20:38.660656+08:00
002002.SZ,江苏琼花,20040625,20051023,20040625,其他,2026-09-12T13:20:40.500631+08:00
002002.SZ,G琼花,20051024,20051130,20051019,其他,2026-09-12T13:20:40.500631+08:00
002002.SZ,江苏琼花,20051201,20081228,20051129,其他,2026-09-12T13:20:40.500631+08:00
002002.SZ,ST琼花,20081229,20090503,20081226,ST,2026-09-12T13:20:40.500631+08:00
002002.SZ,*ST琼花,20090504,20100411,20090430,从ST变为*ST,2026-09-12T13:20:40.500631+08:00
002002.SZ,ST琼花,20100412,20120325,20100409,撤消*ST并实行ST,2026-09-12T13:20:40.500631+08:00
002002.SZ,ST金材,20120326,20130203,20120229,其他,2026-09-12T13:20:40.500631+08:00
002002.SZ,金材股份,20130204,20130616,20130201,撤销ST,2026-09-12T13:20:40.500631+08:00
002002.SZ,鸿达兴业,20130617,20231011,20130521,其他,2026-09-12T13:20:40.500631+08:00
002002.SZ,ST鸿达,20231012,,20231011,ST,2026-09-12T13:20:40.500631+08:00
002008.SZ,大族激光,20040625,20051127,20040625,其他,2026-09-12T13:20:42.703749+08:00
002008.SZ,G大族,20051128,20051130,20051123,其他,2026-09-12T13:20:42.703749+08:00
002008.SZ,大族激光,20051201,,20051129,其他,2026-09-12T13:20:42.703749+08:00
002013.SZ,中航精机,20040705,20051031,20040705,其他,2026-09-12T13:20:44.593328+08:00
002013.SZ,G中航,20051101,20051130,20051027,其他,2026-09-12T13:20:44.593328+08:00
002013.SZ,中航精机,20051201,20131208,20051129,其他,2026-09-12T13:20:44.593328+08:00
002013.SZ,中航机电,20131209,20140304,20131209,其他,2026-09-12T13:20:44.593328+08:00
002013.SZ,中航机电,20140305,,20140128,其他,2026-09-12T13:20:44.593328+08:00
002022.SZ,科华生物,20040721,20051027,20040721,其他,2026-09-12T13:20:46.371925+08:00
002022.SZ,G科华,20051028,20051130,20051025,其他,2026-09-12T13:20:46.371925+08:00
002022.SZ,科华生物,20051201,20220505,20051129,其他,2026-09-12T13:20:46.371925+08:00
002022.SZ,*ST科华,20220506,20230403,20220430,*ST,2026-09-12T13:20:46.371925+08:00
002022.SZ,科华生物,20230404,,20230401,撤销*ST,2026-09-12T13:20:46.371925+08:00
002034.SZ,美欣达,20040826,20051026,20040826,其他,2026-09-12T13:20:48.177351+08:00
002034.SZ,G美欣达,20051027,20051130,20051024,其他,2026-09-12T13:20:48.177351+08:00
002034.SZ,美欣达,20051201,20180104,20051129,其他,2026-09-12T13:20:48.177351+08:00
002034.SZ,旺能环境,20180105,,20171209,其他,2026-09-12T13:20:48.177351+08:00
002036.SZ,宜科科技,20040903,20051114,20040903,其他,2026-09-12T13:20:49.958242+08:00
002036.SZ,G宜科,20051115,20051130,20051110,其他,2026-09-12T13:20:49.958242+08:00
002036.SZ,宜科科技,20051201,20150104,20051129,其他,2026-09-12T13:20:49.958242+08:00
002036.SZ,汉麻产业,20150105,20160302,20141122,其他,2026-09-12T13:20:49.958242+08:00
002036.SZ,联创电子,20160303,,20151229,其他,2026-09-12T13:20:49.958242+08:00
002049.SZ,晶源电子,20050606,20051106,20050606,其他,2026-09-12T13:20:51.783584+08:00
002049.SZ,G晶源,20051107,20051130,20051102,其他,2026-09-12T13:20:51.783584+08:00
002049.SZ,晶源电子,20051201,20120722,20051129,其他,2026-09-12T13:20:51.783584+08:00
002049.SZ,同方国芯,20120723,20160619,20120517,其他,2026-09-12T13:20:51.783584+08:00
002049.SZ,紫光国芯,20160620,20180507,20160414,其他,2026-09-12T13:20:51.783584+08:00
002049.SZ,紫光国微,20180508,,20180330,其他,2026-09-12T13:20:51.783584+08:00
002050.SZ,三花股份,20050607,20051120,20050607,其他,2026-09-12T13:20:53.802408+08:00
002050.SZ,G三花,20051121,20051130,20051116,其他,2026-09-12T13:20:53.802408+08:00
002050.SZ,三花股份,20051201,20161117,20051129,其他,2026-09-12T13:20:53.802408+08:00
002050.SZ,三花智控,20161118,,20161019,其他,2026-09-12T13:20:53.802408+08:00
002061.SZ,江山化工,20060816,20160229,20060816,其他,2026-09-12T13:20:55.684873+08:00
002061.SZ,*ST江化,20160301,20170313,20160229,*ST,2026-09-12T13:20:55.684873+08:00
002061.SZ,江山化工,20170314,20171221,20170313,撤销*ST,2026-09-12T13:20:55.684873+08:00
002061.SZ,浙江交科,20171222,,20171202,其他,2026-09-12T13:20:55.684873+08:00
002067.SZ,景兴纸业,20060915,,20060915,其他,2026-09-12T13:20:57.561006+08:00
002078.SZ,太阳纸业,20061116,,20061116,其他,2026-09-12T13:20:59.870455+08:00
002083.SZ,孚日股份,20061124,,20061124,其他,2026-09-12T13:21:02.192834+08:00
002091.SZ,江苏国泰,20061208,,20061208,其他,2026-09-12T13:21:04.069437+08:00
002100.SZ,天康生物,20061226,,20061226,其他,2026-09-12T13:21:08.066644+08:00
002120.SZ,新海股份,20070306,20170117,20070306,其他,2026-09-12T13:21:09.904765+08:00
002120.SZ,韵达股份,20170118,,20161224,其他,2026-09-12T13:21:09.904765+08:00
002125.SZ,湘潭电化,20070403,,20070403,其他,2026-09-25T21:45:40.188314+08:00
002126.SZ,银轮股份,20070418,,20070418,其他,2026-09-12T13:21:11.695064+08:00
002131.SZ,利欧股份,20070427,,20070427,其他,2026-09-12T13:21:13.494058+08:00
002135.SZ,东南网架,20070530,,20070530,其他,2026-09-12T13:21:15.281276+08:00
002139.SZ,拓邦电子,20070629,20090922,20070629,其他,2026-09-12T13:21:17.128894+08:00
002139.SZ,拓邦股份,20090923,,20090923,其他,2026-09-12T13:21:17.128894+08:00
002142.SZ,宁波银行,20070719,,20070719,其他,2026-09-12T13:21:19.272267+08:00
002157.SZ,正邦科技,20070817,20230504,20070817,其他,2026-09-12T13:21:21.824443+08:00
002157.SZ,*ST正邦,20230505,20240611,20230429,*ST,2026-09-12T13:21:21.824443+08:00
002157.SZ,正邦科技,20240612,,20240608,撤销*ST,2026-09-12T13:21:21.824443+08:00
002171.SZ,精诚铜业,20070921,20150720,20070921,其他,2026-09-12T13:21:23.868663+08:00
002171.SZ,楚江新材,20150721,,20150624,其他,2026-09-12T13:21:23.868663+08:00
002174.SZ,梅花伞,20070925,20140604,20070925,其他,2026-09-12T13:21:25.656956+08:00
002174.SZ,游族网络,20140605,,20140510,其他,2026-09-12T13:21:25.656956+08:00
002179.SZ,中航光电,20071101,,20071101,其他,2026-09-12T13:21:27.443995+08:00
002203.SZ,海亮股份,20080116,,20080116,其他,2026-09-12T13:21:29.242775+08:00
002225.SZ,濮耐股份,20080425,,20080425,其他,2026-09-12T13:21:31.050525+08:00
002228.SZ,合兴包装,20080508,,20080508,其他,2026-09-12T13:21:32.856790+08:00
002237.SZ,恒邦股份,20080520,,20080520,其他,2026-09-12T13:21:34.895482+08:00
002245.SZ,澳洋顺昌,20080605,20201213,20080605,其他,2026-09-12T13:21:36.700726+08:00
002245.SZ,蔚蓝锂芯,20201214,,20201214,其他,2026-09-12T13:21:36.700726+08:00
002258.SZ,利尔化学,20080708,,20080708,其他,2026-09-12T13:21:38.538896+08:00
002271.SZ,东方雨虹,20080910,,20080910,其他,2026-09-12T13:21:40.487557+08:00
002273.SZ,水晶光电,20080919,,20080919,其他,2026-09-12T13:21:42.576421+08:00
002279.SZ,久其软件,20090811,,20090811,其他,2026-09-12T13:21:46.277703+08:00
002284.SZ,亚太股份,20090828,,20090828,其他,2026-09-12T13:21:48.634700+08:00
002287.SZ,奇正藏药,20090828,,20090828,其他,2026-09-12T13:21:50.437323+08:00
002318.SZ,久立特材,20091211,,20091211,其他,2026-09-12T13:21:52.230110+08:00
002325.SZ,洪涛股份,20091222,20240505,20091222,其他,2026-09-12T13:21:54.034267+08:00
002325.SZ,*ST洪涛,20240506,,20240430,*ST,2026-09-12T13:21:54.034267+08:00
002335.SZ,科华恒盛,20100113,20210120,20100113,其他,2026-09-12T13:21:55.821315+08:00
002335.SZ,科华数据,20210121,,20201216,其他,2026-09-12T13:21:55.821315+08:00
002352.SZ,鼎泰新材,20100205,20170223,20100205,其他,2026-09-12T13:21:58.280966+08:00
002352.SZ,顺丰控股,20170224,,20170119,其他,2026-09-12T13:21:58.280966+08:00
002368.SZ,太极股份,20100312,,20100312,其他,2026-09-12T13:22:00.104363+08:00
002370.SZ,亚太药业,20100316,,20100316,其他,2026-09-12T13:22:02.338481+08:00
002376.SZ,新北洋,20100323,,20100323,其他,2026-09-12T13:22:04.123762+08:00
002381.SZ,双箭股份,20100402,,20100402,其他,2026-09-12T13:22:06.544772+08:00
002382.SZ,蓝帆股份,20100402,20140724,20100402,其他,2026-09-12T13:22:08.407851+08:00
002382.SZ,蓝帆医疗,20140725,,20140624,其他,2026-09-12T13:22:08.407851+08:00
002391.SZ,长青股份,20100416,,20100416,其他,2026-09-12T13:22:10.865604+08:00
002406.SZ,远东传动,20100518,,20100518,其他,2026-09-12T13:22:13.086774+08:00
002408.SZ,齐翔腾达,20100518,,20100518,其他,2026-09-12T13:22:14.927175+08:00
002422.SZ,科伦药业,20100603,,20100603,其他,2026-09-12T13:22:16.800827+08:00
002430.SZ,杭氧股份,20100610,,20100610,其他,2026-09-12T13:22:18.609223+08:00
002436.SZ,兴森科技,20100618,,20100618,其他,2026-09-12T13:22:20.458971+08:00
002439.SZ,启明星辰,20100623,,20100623,其他,2026-09-12T13:22:22.273262+08:00
002446.SZ,盛路通信,20100713,,20100713,其他,2026-09-12T13:22:24.250372+08:00
002459.SZ,天业通联,20100810,20140316,20100810,其他,2026-09-12T13:22:26.118241+08:00
002459.SZ,*ST天业,20140317,20150412,20140314,*ST,2026-09-12T13:22:26.118241+08:00
002459.SZ,天业通联,20150413,20191212,20150410,撤销*ST,2026-09-12T13:22:26.118241+08:00
002459.SZ,晶澳科技,20191213,,20191126,其他,2026-09-12T13:22:26.118241+08:00
002460.SZ,赣锋锂业,20100810,,20100810,其他,2026-09-12T13:22:27.945708+08:00
002472.SZ,双环传动,20100910,,20100910,其他,2026-09-12T13:22:29.797200+08:00
002475.SZ,立讯精密,20100915,,20100915,其他,2026-09-12T13:22:31.608864+08:00
002497.SZ,雅化集团,20101109,,20101109,其他,2026-09-12T13:22:33.420452+08:00
002503.SZ,搜于特,20101117,20230425,20101117,其他,2026-09-12T13:22:35.540430+08:00
002503.SZ,*ST搜特,20230426,,20230425,*ST,2026-09-12T13:22:35.540430+08:00
002510.SZ,天汽模,20101125,,20101125,其他,2026-09-12T13:22:37.382271+08:00
002527.SZ,新时达,20101224,,20101224,其他,2026-09-12T13:22:39.500640+08:00
002534.SZ,杭锅股份,20110110,20220215,20110110,其他,2026-09-12T13:22:41.288449+08:00
002534.SZ,西子洁能,20220216,,20211019,其他,2026-09-12T13:22:41.288449+08:00
002538.SZ,司尔特,20110118,20260330,20110118,其他,2026-09-12T13:22:43.347059+08:00
002538.SZ,ST司特,20260331,,20260327,ST,2026-09-12T13:22:43.347059+08:00
002540.SZ,亚太科技,20110118,,20110118,其他,2026-09-12T13:22:45.571359+08:00
002541.SZ,鸿路钢构,20110118,,20110118,其他,2026-09-12T13:22:49.402346+08:00
002542.SZ,中化岩土,20110128,20260420,20110128,其他,2026-09-12T13:22:51.234537+08:00
002542.SZ,*ST中岩,20260421,,20260418,*ST,2026-09-12T13:22:51.234537+08:00
002551.SZ,尚荣医疗,20110225,,20110225,其他,2026-09-12T13:22:53.026186+08:00
002557.SZ,洽洽食品,20110302,,20110302,其他,2026-09-12T13:22:55.282104+08:00
002562.SZ,兄弟科技,20110310,,20110310,其他,2026-09-12T13:22:57.433615+08:00
002567.SZ,唐人神,20110325,,20110325,其他,2026-09-12T13:22:59.237142+08:00
002568.SZ,百润股份,20110325,20150730,20110325,其他,2026-09-12T13:23:01.124402+08:00
002568.SZ,RIO股份,20150731,20151222,20150731,其他,2026-09-12T13:23:01.124402+08:00
002568.SZ,百润股份,20151223,,20151223,其他,2026-09-12T13:23:01.124402+08:00
002597.SZ,金禾实业,20110707,,20110707,其他,2026-09-12T13:23:02.919679+08:00
002600.SZ,江粉磁材,20110715,20180307,20110715,其他,2026-09-12T13:23:04.702628+08:00
002600.SZ,领益智造,20180308,,20180213,其他,2026-09-12T13:23:04.702628+08:00
002614.SZ,蒙发利,20110909,20170521,20110909,其他,2026-09-12T13:23:06.497911+08:00
002614.SZ,奥佳华,20170522,,20170425,其他,2026-09-12T13:23:06.497911+08:00
002616.SZ,长青集团,20110920,,20110920,其他,2026-09-12T13:23:08.274481+08:00
002626.SZ,金达威,20111028,,20111028,其他,2026-09-12T13:23:10.051417+08:00
002641.SZ,永高股份,20111208,20220120,20111208,其他,2026-09-12T13:23:11.849075+08:00
002641.SZ,公元股份,20220121,,20211201,其他,2026-09-12T13:23:11.849075+08:00
002658.SZ,雪迪龙,20120309,,20120309,其他,2026-09-12T13:23:13.666900+08:00
002698.SZ,博实股份,20120911,,20120911,其他,2026-09-12T13:23:15.456492+08:00
002701.SZ,奥瑞金,20121011,,20121011,其他,2026-09-12T13:23:17.288553+08:00
002707.SZ,众信旅游,20140123,,20140123,其他,2026-09-12T13:23:19.138292+08:00
002709.SZ,天赐材料,20140123,,20140123,其他,2026-09-12T13:23:21.503087+08:00
002714.SZ,牧原股份,20140128,,20140128,其他,2026-09-12T13:23:23.922130+08:00
002717.SZ,岭南园林,20140219,20180228,20140219,其他,2026-09-12T13:23:25.701790+08:00
002717.SZ,岭南股份,20180301,20250429,20180123,其他,2026-09-12T13:23:25.701790+08:00
002717.SZ,ST岭南,20250430,20260429,20250429,ST,2026-09-12T13:23:25.701790+08:00
002717.SZ,*ST岭南,20260430,,20260429,从ST变为*ST,2026-09-12T13:23:25.701790+08:00
002726.SZ,龙大肉食,20140626,20211223,20140626,其他,2026-09-12T13:23:27.785527+08:00
002726.SZ,龙大美食,20211224,20260429,20211124,其他,2026-09-12T13:23:27.785527+08:00
002726.SZ,ST龙大,20260430,,20260429,ST,2026-09-12T13:23:27.785527+08:00
002727.SZ,一心堂,20140702,,20140702,其他,2026-09-12T13:23:29.855416+08:00
002734.SZ,利民股份,20150127,,20150127,其他,2026-09-12T13:23:32.012007+08:00
002745.SZ,木林森,20150217,,20150217,其他,2026-09-12T13:23:34.203197+08:00
002756.SZ,永兴特钢,20150515,20190818,20150515,其他,2026-09-12T13:23:35.986571+08:00
002756.SZ,永兴材料,20190819,,20190709,其他,2026-09-12T13:23:35.986571+08:00
002758.SZ,华通医药,20150527,20210107,20150527,其他,2026-09-12T13:23:37.977659+08:00
002758.SZ,浙农股份,20210108,,20201203,其他,2026-09-12T13:23:37.977659+08:00
002761.SZ,多喜爱,20150610,20210629,20150610,其他,2026-09-12T13:23:39.767551+08:00
002761.SZ,浙江建投,20210630,,20210429,其他,2026-09-12T13:23:39.767551+08:00
002773.SZ,康弘药业,20150626,,20150626,其他,2026-09-12T13:23:41.549606+08:00
002783.SZ,凯龙股份,20151209,,20151209,其他,2026-09-12T13:23:43.331446+08:00
002807.SZ,江阴银行,20160902,,20160902,其他,2026-09-12T13:23:45.098031+08:00
002812.SZ,创新股份,20160914,20181017,20160914,其他,2026-09-12T13:23:46.875819+08:00
002812.SZ,恩捷股份,20181018,,20180915,其他,2026-09-12T13:23:46.875819+08:00
002815.SZ,崇达技术,20161012,,20161012,其他,2026-09-12T13:23:49.156364+08:00
002822.SZ,中装建设,20161129,20240226,20161129,其他,2026-09-12T13:23:50.962240+08:00
002822.SZ,ST中装,20240227,20250820,20240224,ST,2026-09-12T13:23:50.962240+08:00
002822.SZ,*ST中装,20250821,20260121,20250820,从ST变为*ST,2026-09-12T13:23:50.962240+08:00
002822.SZ,ST中装,20260122,,20260121,撤消*ST并实行ST,2026-09-12T13:23:50.962240+08:00
002823.SZ,凯中精密,20161124,,20161124,其他,2026-09-12T13:23:52.770736+08:00
002831.SZ,裕同科技,20161216,,20161216,其他,2026-09-12T13:23:54.566372+08:00
002832.SZ,比音勒芬,20161223,,20161223,其他,2026-09-12T13:23:56.379296+08:00
002839.SZ,张家港行,20170124,,20170124,其他,2026-09-12T13:23:58.827090+08:00
002840.SZ,华统股份,20170110,,20170110,其他,2026-09-12T13:24:01.132353+08:00
002841.SZ,视源股份,20170119,,20170119,其他,2026-09-12T13:24:03.440470+08:00
002850.SZ,科达利,20170302,,20170302,其他,2026-09-12T13:24:05.536172+08:00
002918.SZ,蒙娜丽莎,20171219,,20171219,其他,2026-09-12T13:24:07.303275+08:00
002929.SZ,润建通信,20180301,20190429,20180301,其他,2026-09-12T13:24:09.171449+08:00
002929.SZ,润建股份,20190430,,20190430,其他,2026-09-12T13:24:09.171449+08:00
002941.SZ,新疆交建,20181128,,20181128,其他,2026-09-12T13:24:10.954344+08:00
002946.SZ,新乳业,20190125,,20190125,其他,2026-09-12T13:24:13.040060+08:00
002958.SZ,青农商行,20190326,,20190326,其他,2026-09-12T13:24:15.188016+08:00
002961.SZ,瑞达期货,20190905,,20190905,其他,2026-09-12T13:24:17.002887+08:00
002966.SZ,苏州银行,20190802,,20190802,其他,2026-09-12T13:24:18.799517+08:00
002969.SZ,嘉美包装,20191202,,20191202,其他,2026-09-12T13:24:20.603279+08:00
002984.SZ,森麒麟,20200911,,20200911,其他,2026-09-12T13:24:22.390029+08:00
003009.SZ,中天火箭,20200925,,20200925,其他,2026-09-12T13:24:24.160710+08:00
003816.SZ,中国广核,20190826,,20190826,其他,2026-09-12T13:24:28.133036+08:00
300003.SZ,乐普医疗,20091030,,20091030,其他,2026-09-12T13:24:29.926730+08:00
300014.SZ,亿纬锂能,20091030,,20091030,其他,2026-09-12T13:24:31.702127+08:00
300037.SZ,新宙邦,20100108,,20100108,其他,2026-09-12T13:24:33.849986+08:00
300054.SZ,鼎龙股份,20100211,,20100211,其他,2026-09-12T13:24:35.867193+08:00
300058.SZ,蓝色光标,20100226,,20100226,其他,2026-09-12T13:24:37.901465+08:00
300059.SZ,东方财富,20100319,,20100319,其他,2026-09-12T13:24:39.800686+08:00
300088.SZ,长信科技,20100526,,20100526,其他,2026-09-12T13:24:41.590270+08:00
300168.SZ,万达信息,20110125,,20110125,其他,2026-09-12T13:24:43.401347+08:00
300170.SZ,汉得信息,20110201,,20110201,其他,2026-09-12T13:24:45.211716+08:00
300185.SZ,通裕重工,20110308,,20110308,其他,2026-09-12T13:24:47.648249+08:00
300196.SZ,长海股份,20110329,,20110329,其他,2026-09-12T13:24:49.422509+08:00
300197.SZ,铁汉生态,20110329,20210427,20110329,其他,2026-09-12T13:24:51.207971+08:00
300197.SZ,节能铁汉,20210428,,20210209,其他,2026-09-12T13:24:51.207971+08:00
300207.SZ,欣旺达,20110421,,20110421,其他,2026-09-12T13:24:53.525666+08:00
300253.SZ,卫宁软件,20110818,20160111,20110818,其他,2026-09-12T13:24:55.317042+08:00
300253.SZ,卫宁健康,20160112,,20151114,其他,2026-09-12T13:24:55.317042+08:00
300296.SZ,利亚德,20120315,,20120315,其他,2026-09-12T13:24:57.117658+08:00
300297.SZ,蓝盾股份,20120315,20220428,20120315,其他,2026-09-12T13:24:58.871952+08:00
300297.SZ,*ST蓝盾,20220429,20230709,20220428,*ST,2026-09-12T13:24:58.871952+08:00
300297.SZ,蓝盾退,20230710,,20230630,退市整理期,2026-09-12T13:24:58.871952+08:00
300298.SZ,三诺生物,20120319,,20120319,其他,2026-09-12T13:25:00.647622+08:00
300335.SZ,迪森股份,20120710,,20120710,其他,2026-09-12T13:25:02.641438+08:00
300358.SZ,楚天科技,20140121,,20140121,其他,2026-09-12T13:25:04.400522+08:00
300378.SZ,鼎捷软件,20140127,20240922,20140127,其他,2026-09-12T13:25:06.176523+08:00
300378.SZ,鼎捷数智,20240923,,20240821,其他,2026-09-12T13:25:06.176523+08:00
300388.SZ,国祯环保,20140801,20210107,20140801,其他,2026-09-12T13:25:07.933323+08:00
300388.SZ,节能国祯,20210108,,20201215,其他,2026-09-12T13:25:07.933323+08:00
300398.SZ,飞凯材料,20141009,,20141009,其他,2026-09-12T13:25:09.690186+08:00
300433.SZ,蓝思科技,20150318,,20150318,其他,2026-09-12T13:25:11.447661+08:00
300438.SZ,鹏辉能源,20150424,,20150424,其他,2026-09-12T13:25:13.231788+08:00
300450.SZ,先导股份,20150518,20151208,20150518,其他,2026-09-12T13:25:15.002736+08:00
300450.SZ,先导智能,20151209,,20150711,其他,2026-09-12T13:25:15.002736+08:00
300454.SZ,深信服,20180516,,20180516,其他,2026-09-12T13:25:17.792106+08:00
300482.SZ,万孚生物,20150630,,20150630,其他,2026-09-12T13:25:19.541093+08:00
300483.SZ,沃施股份,20150630,20210107,20150630,其他,2026-09-12T13:25:21.305049+08:00
300483.SZ,首华燃气,20210108,,20201204,其他,2026-09-12T13:25:21.305049+08:00
300498.SZ,温氏股份,20151102,,20151102,其他,2026-09-12T13:25:23.068098+08:00
300527.SZ,华舟应急,20160805,20180611,20160805,其他,2026-09-12T13:25:24.848000+08:00
300527.SZ,中国应急,20180612,20200602,20180403,其他,2026-09-12T13:25:24.848000+08:00
300527.SZ,中船应急,20200603,20250731,20200603,其他,2026-09-12T13:25:24.848000+08:00
300527.SZ,ST应急,20250801,,20250731,ST,2026-09-12T13:25:24.848000+08:00
300529.SZ,健帆生物,20160802,,20160802,其他,2026-09-12T13:25:27.296667+08:00
300568.SZ,星源材质,20161201,,20161201,其他,2026-09-12T13:25:29.225813+08:00
300601.SZ,康泰生物,20170207,,20170207,其他,2026-09-12T13:25:31.066864+08:00
300607.SZ,拓斯达,20170209,,20170209,其他,2026-09-12T13:25:32.872668+08:00
300622.SZ,博士眼镜,20170315,,20170315,其他,2026-09-12T13:25:34.727883+08:00
300681.SZ,英搏尔,20170725,,20170725,其他,2026-09-12T13:25:36.510008+08:00
300682.SZ,朗新科技,20170801,20240101,20170801,其他,2026-09-12T13:25:38.256174+08:00
300682.SZ,朗新集团,20240102,20260118,20231230,其他,2026-09-12T13:25:38.256174+08:00
300682.SZ,朗新科技,20260119,,20260117,其他,2026-09-12T13:25:38.256174+08:00
300725.SZ,药石科技,20171110,,20171110,其他,2026-09-12T13:25:40.104049+08:00
300732.SZ,设研院,20171212,,20171212,其他,2026-09-12T13:25:41.901141+08:00
300737.SZ,科顺股份,20180125,,20180125,其他,2026-09-12T13:25:44.084437+08:00
300763.SZ,锦浪科技,20190319,,20190319,其他,2026-09-12T13:25:45.888807+08:00
300772.SZ,运达股份,20190426,,20190426,其他,2026-09-12T13:25:47.699776+08:00
300815.SZ,玉禾田,20200123,,20200123,其他,2026-09-12T13:25:49.493059+08:00
300850.SZ,新强联,20200713,,20200713,其他,2026-09-12T13:25:51.544119+08:00
300866.SZ,安克创新,20200824,,20200824,其他,2026-09-12T13:25:53.539636+08:00
301078.SZ,孩子王,20211014,,20211014,其他,2026-09-12T13:25:55.521506+08:00
301215.SZ,中汽股份,20220308,,20220308,其他,2026-09-25T21:46:43.485188+08:00
301216.SZ,万凯新材,20220329,,20220329,其他,2026-09-12T13:25:57.293688+08:00
600000.SH,浦发银行,19991110,20060511,19991110,其他,2026-09-12T13:25:59.122983+08:00
600000.SH,G浦发,20060512,20061008,20060509,其他,2026-09-12T13:25:59.122983+08:00
600000.SH,浦发银行,20061009,,20060928,其他,2026-09-12T13:25:59.122983+08:00
600029.SH,南方航空,20030725,20061008,20030725,其他,2026-09-12T13:26:00.946994+08:00
600029.SH,S南航,20061009,20070617,20060928,其他,2026-09-12T13:26:00.946994+08:00
600029.SH,南方航空,20070618,,20070613,其他,2026-09-12T13:26:00.946994+08:00
600031.SH,三一重工,20030703,20050616,20030703,其他,2026-09-12T13:26:05.212809+08:00
600031.SH,G三一,20050617,20061008,20050614,其他,2026-09-12T13:26:05.212809+08:00
600031.SH,三一重工,20061009,,20060928,其他,2026-09-12T13:26:05.212809+08:00
600061.SH,中纺投资,19970519,20060723,19970519,其他,2026-09-12T13:26:06.982515+08:00
600061.SH,G中纺,20060724,20061008,20060719,其他,2026-09-12T13:26:06.982515+08:00
600061.SH,中纺投资,20061009,20150716,20060928,其他,2026-09-12T13:26:06.982515+08:00
600061.SH,国投安信,20150717,20171221,20150714,其他,2026-09-12T13:26:06.982515+08:00
600061.SH,国投资本,20171222,,20171118,其他,2026-09-12T13:26:06.982515+08:00
600075.SH,新疆天业,19970617,20060511,19970617,其他,2026-09-12T13:26:08.789968+08:00
600075.SH,G天业,20060512,20061008,20060509,其他,2026-09-12T13:26:08.789968+08:00
600075.SH,新疆天业,20061009,20140330,20060928,其他,2026-09-12T13:26:08.789968+08:00
600075.SH,*ST新业,20140331,20150402,20140328,*ST,2026-09-12T13:26:08.789968+08:00
600075.SH,新疆天业,20150403,,20150402,撤销*ST,2026-09-12T13:26:08.789968+08:00
600105.SH,永鼎光缆,19970929,20051122,19970929,其他,2026-09-12T13:26:10.584222+08:00
600105.SH,G永鼎,20051123,20061008,20051117,其他,2026-09-12T13:26:10.584222+08:00
600105.SH,永鼎光缆,20061009,20080422,20060928,其他,2026-09-12T13:26:10.584222+08:00
600105.SH,永鼎股份,20080423,,20080418,其他,2026-09-12T13:26:10.584222+08:00
600133.SH,东湖高新,19980212,20061008,19980212,其他,2026-09-12T13:26:12.358547+08:00
600133.SH,S东湖新,20061009,20070813,20060928,其他,2026-09-12T13:26:12.358547+08:00
600133.SH,东湖高新,20070814,,20070809,其他,2026-09-12T13:26:12.358547+08:00
600141.SH,兴发集团,19990616,20060404,19990616,其他,2026-09-12T13:26:14.191889+08:00
600141.SH,G兴发,20060405,20061008,20060331,其他,2026-09-12T13:26:14.191889+08:00
600141.SH,兴发集团,20061009,,20060928,其他,2026-09-12T13:26:14.191889+08:00
600183.SH,生益股份,19981028,20000607,19981028,其他,2026-09-12T13:26:16.507931+08:00
600183.SH,生益科技,20000608,20060308,19991101,其他,2026-09-12T13:26:16.507931+08:00
600183.SH,G生益,20060309,20061008,20060306,其他,2026-09-12T13:26:16.507931+08:00
600183.SH,生益科技,20061009,,20060928,其他,2026-09-12T13:26:16.507931+08:00
600185.SH,海星科技,19990611,20060314,19990611,其他,2026-09-12T13:26:18.280751+08:00
600185.SH,G海星,20060315,20061008,20060310,其他,2026-09-12T13:26:18.280751+08:00
600185.SH,海星科技,20061009,20090503,20060928,其他,2026-09-12T13:26:18.280751+08:00
600185.SH,*ST海星,20090504,20100211,20090430,*ST,2026-09-12T13:26:18.280751+08:00
600185.SH,格力地产,20100212,20250507,20100211,撤销*ST,2026-09-12T13:26:18.280751+08:00
600185.SH,珠免集团,20250508,,20250319,其他,2026-09-12T13:26:18.280751+08:00
600197.SH,伊力特,19990916,20060731,19990916,其他,2026-09-12T13:26:20.054110+08:00
600197.SH,G伊力特,20060801,20061008,20060727,其他,2026-09-12T13:26:20.054110+08:00
600197.SH,伊力特,20061009,,20060928,其他,2026-09-12T13:26:20.054110+08:00
600231.SH,凌钢股份,20000511,20060221,20000511,其他,2026-09-12T13:26:21.844822+08:00
600231.SH,G凌钢,20060222,20061008,20060217,其他,2026-09-12T13:26:21.844822+08:00
600231.SH,凌钢股份,20061009,,20060928,其他,2026-09-12T13:26:21.844822+08:00
600233.SH,大杨创世,20000608,20001031,20000608,其他,2026-09-12T13:26:23.819035+08:00
600233.SH,大连创世,20001101,20050602,20000913,其他,2026-09-12T13:26:23.819035+08:00
600233.SH,大杨创世,20050603,20051114,20050531,其他,2026-09-12T13:26:23.819035+08:00
600233.SH,G大杨,20051115,20061008,20051110,其他,2026-09-12T13:26:23.819035+08:00
600233.SH,大杨创世,20061009,20161019,20060928,其他,2026-09-12T13:26:23.819035+08:00
600233.SH,圆通速递,20161020,,20160920,其他,2026-09-12T13:26:23.819035+08:00
600271.SH,航天信息,20030711,20060515,20030711,其他,2026-09-12T13:26:26.673974+08:00
600271.SH,G航信,20060516,20061008,20060510,其他,2026-09-12T13:26:26.673974+08:00
600271.SH,航天信息,20061009,,20060928,其他,2026-09-12T13:26:26.673974+08:00
600297.SH,美罗药业,20001116,20061008,20001116,其他,2026-09-12T13:26:28.452377+08:00
600297.SH,S美罗,20061009,20061123,20060928,其他,2026-09-12T13:26:28.452377+08:00
600297.SH,美罗药业,20061124,20150623,20061122,其他,2026-09-12T13:26:28.452377+08:00
600297.SH,广汇汽车,20150624,,20150123,其他,2026-09-12T13:26:28.452377+08:00
600323.SH,南海发展,20001225,20060522,20001225,其他,2026-09-12T13:26:30.422987+08:00
600323.SH,G南海,20060523,20061008,20060518,其他,2026-09-12T13:26:30.422987+08:00
600323.SH,南海发展,20061009,20131209,20060928,其他,2026-09-12T13:26:30.422987+08:00
600323.SH,瀚蓝环境,20131210,,20131015,其他,2026-09-12T13:26:30.422987+08:00
600326.SH,西藏天路,20010116,20060607,20010116,其他,2026-09-12T13:26:32.176324+08:00
600326.SH,G藏天路,20060608,20061008,20060605,其他,2026-09-12T13:26:32.176324+08:00
600326.SH,西藏天路,20061009,,20060928,其他,2026-09-12T13:26:32.176324+08:00
600370.SH,三房巷,20030306,20060806,20030306,其他,2026-09-12T13:26:33.982798+08:00
600370.SH,G三房巷,20060807,20061008,20060801,其他,2026-09-12T13:26:33.982798+08:00
600370.SH,三房巷,20061009,20260429,20060928,其他,2026-09-12T13:26:33.982798+08:00
600370.SH,*ST三房,20260430,,20260429,*ST,2026-09-12T13:26:33.982798+08:00
600372.SH,昌河股份,20010706,20060808,20010706,其他,2026-09-12T13:26:35.855059+08:00
600372.SH,G昌河,20060809,20061008,20060804,其他,2026-09-12T13:26:35.855059+08:00
600372.SH,昌河股份,20061009,20080414,20060928,其他,2026-09-12T13:26:35.855059+08:00
600372.SH,*ST昌河,20080415,20100920,20080414,*ST,2026-09-12T13:26:35.855059+08:00
600372.SH,ST昌河,20100921,20110602,20100913,撤消*ST并实行ST,2026-09-12T13:26:35.855059+08:00
600372.SH,中航电子,20110603,20230904,20110602,撤销ST,2026-09-12T13:26:35.855059+08:00
600372.SH,中航机载,20230905,,20230728,其他,2026-09-12T13:26:35.855059+08:00
600388.SH,龙净环保,20001229,20060514,20001229,其他,2026-09-12T13:26:38.043524+08:00
600388.SH,G龙净,20060515,20061008,20060510,其他,2026-09-12T13:26:38.043524+08:00
600388.SH,龙净环保,20061009,20220505,20060928,其他,2026-09-12T13:26:38.043524+08:00
600388.SH,ST龙净,20220506,20230716,20220430,ST,2026-09-12T13:26:38.043524+08:00
600388.SH,龙净环保,20230717,20260816,20230714,撤销ST,2026-09-12T13:26:38.043524+08:00
600388.SH,紫金龙净,20260422,,20260422,其他,2026-09-12T13:26:38.043524+08:00
600388.SH,紫金龙净,20260817,,20260422,其他,2026-09-12T13:26:38.043524+08:00
600389.SH,江山股份,20010110,20060524,20010110,其他,2026-09-25T21:46:51.186827+08:00
600389.SH,G江山,20060525,20061008,20060522,其他,2026-09-25T21:46:51.186827+08:00
600389.SH,江山股份,20061009,,20060928,其他,2026-09-25T21:46:51.186827+08:00
600398.SH,德臣股份,20001228,20010321,20001228,其他,2026-09-12T13:26:40.226997+08:00
600398.SH,凯诺科技,20010322,20050804,20010206,其他,2026-09-12T13:26:40.226997+08:00
600398.SH,G凯诺,20050805,20061008,20050802,其他,2026-09-12T13:26:40.226997+08:00
600398.SH,凯诺科技,20061009,20140410,20060928,其他,2026-09-12T13:26:40.226997+08:00
600398.SH,海澜之家,20140411,,20140315,其他,2026-09-12T13:26:40.226997+08:00
600419.SH,新疆天宏,20010628,20060508,20010628,其他,2026-09-12T13:26:42.005554+08:00
600419.SH,*ST天宏,20060509,20060525,20060508,*ST,2026-09-12T13:26:42.005554+08:00
600419.SH,G*ST天宏,20060526,20061008,20060523,其他,2026-09-12T13:26:42.005554+08:00
600419.SH,*ST天宏,20061009,20070626,20060928,其他,2026-09-12T13:26:42.005554+08:00
600419.SH,ST天宏,20070627,20080428,20070626,撤消*ST并实行ST,2026-09-12T13:26:42.005554+08:00
600419.SH,*ST天宏,20080429,20090518,20080429,从ST变为*ST,2026-09-12T13:26:42.005554+08:00
600419.SH,ST天宏,20090519,20120827,20090518,撤消*ST并实行ST,2026-09-12T13:26:42.005554+08:00
600419.SH,新疆天宏,20120828,20140105,20120827,撤销ST,2026-09-12T13:26:42.005554+08:00
600419.SH,天润乳业,20140106,,20131113,其他,2026-09-12T13:26:42.005554+08:00
600420.SH,现代制药,20040616,20060403,20040616,其他,2026-09-12T13:26:43.818656+08:00
600420.SH,G现代,20060404,20061008,20060330,其他,2026-09-12T13:26:43.818656+08:00
600420.SH,现代制药,20061009,20210411,20060928,其他,2026-09-12T13:26:43.818656+08:00
600420.SH,国药现代,20210412,,20210326,其他,2026-09-12T13:26:43.818656+08:00
600438.SH,通威股份,20040302,20060302,20040302,其他,2026-09-12T13:26:45.571062+08:00
600438.SH,G通威,20060303,20061008,20060227,其他,2026-09-12T13:26:45.571062+08:00
600438.SH,通威股份,20061009,,20060928,其他,2026-09-12T13:26:45.571062+08:00
600456.SH,宝钛股份,20020412,20051229,20020412,其他,2026-09-12T13:26:47.354145+08:00
600456.SH,G宝钛,20051230,20061008,20051227,其他,2026-09-12T13:26:47.354145+08:00
600456.SH,宝钛股份,20061009,,20060928,其他,2026-09-12T13:26:47.354145+08:00
600461.SH,洪城水业,20040601,20060411,20040601,其他,2026-09-12T13:26:49.111685+08:00
600461.SH,G水业,20060412,20061008,20060406,其他,2026-09-12T13:26:49.111685+08:00
600461.SH,洪城水业,20061009,20210505,20060928,其他,2026-09-12T13:26:49.111685+08:00
600461.SH,洪城环境,20210506,,20210428,其他,2026-09-12T13:26:49.111685+08:00
600481.SH,双良股份,20030422,20060111,20030422,其他,2026-09-12T13:26:50.866941+08:00
600481.SH,G双良,20060112,20061008,20060106,其他,2026-09-12T13:26:50.866941+08:00
600481.SH,双良股份,20061009,20100628,20060928,其他,2026-09-12T13:26:50.866941+08:00
600481.SH,双良节能,20100629,,20100623,其他,2026-09-12T13:26:50.866941+08:00
600483.SH,福建南纺,20040531,20060528,20040531,其他,2026-09-12T13:26:52.864009+08:00
600483.SH,G南纺,20060529,20061008,20060523,其他,2026-09-12T13:26:52.864009+08:00
600483.SH,福建南纺,20061009,20141105,20060928,其他,2026-09-12T13:26:52.864009+08:00
600483.SH,福能股份,20141106,,20140812,其他,2026-09-12T13:26:52.864009+08:00
600487.SH,亨通光电,20030822,20050807,20030822,其他,2026-09-12T13:26:54.647030+08:00
600487.SH,G亨通,20050808,20061008,20050802,其他,2026-09-12T13:26:54.647030+08:00
600487.SH,亨通光电,20061009,,20060928,其他,2026-09-12T13:26:54.647030+08:00
600496.SH,长江股份,20020605,20041205,20020605,其他,2026-09-12T13:26:56.420134+08:00
600496.SH,长江精工,20041206,20051109,20041027,其他,2026-09-12T13:26:56.420134+08:00
600496.SH,G精工钢,20051110,20061008,20051107,其他,2026-09-12T13:26:56.420134+08:00
600496.SH,长江精工,20061009,20081029,20060928,其他,2026-09-12T13:26:56.420134+08:00
600496.SH,精工钢构,20081030,,20081024,其他,2026-09-12T13:26:56.420134+08:00
600498.SH,烽火通信,20010823,20060306,20010823,其他,2026-09-12T13:26:58.572791+08:00
600498.SH,G烽火,20060307,20061008,20060302,其他,2026-09-12T13:26:58.572791+08:00
600498.SH,烽火通信,20061009,,20060928,其他,2026-09-12T13:26:58.572791+08:00
600521.SH,华海药业,20030304,20050815,20030304,其他,2026-09-12T13:27:00.370532+08:00
600521.SH,G华海,20050816,20061008,20050810,其他,2026-09-12T13:27:00.370532+08:00
600521.SH,华海药业,20061009,,20060928,其他,2026-09-12T13:27:00.370532+08:00
600522.SH,中天科技,20021024,20060523,20021024,其他,2026-09-12T13:27:02.159804+08:00
600522.SH,G中天,20060524,20061008,20060518,其他,2026-09-12T13:27:02.159804+08:00
600522.SH,中天科技,20061009,,20060928,其他,2026-09-12T13:27:02.159804+08:00
600531.SH,豫光金铅,20020730,20051220,20020730,其他,2026-09-12T13:27:04.732022+08:00
600531.SH,G豫光,20051221,20061008,20051215,其他,2026-09-12T13:27:04.732022+08:00
600531.SH,豫光金铅,20061009,,20060928,其他,2026-09-12T13:27:04.732022+08:00
600566.SH,洪城股份,20010822,20060411,20010822,其他,2026-09-12T13:27:06.512287+08:00
600566.SH,G洪城,20060412,20061008,20060407,其他,2026-09-12T13:27:06.512287+08:00
600566.SH,洪城股份,20061009,20150309,20060928,其他,2026-09-12T13:27:06.512287+08:00
600566.SH,济川药业,20150310,,20140426,其他,2026-09-12T13:27:06.512287+08:00
600567.SH,山鹰纸业,20011218,20060517,20011218,其他,2026-09-12T13:27:08.263826+08:00
600567.SH,G山鹰,20060518,20061008,20060515,其他,2026-09-12T13:27:08.263826+08:00
600567.SH,山鹰纸业,20061009,20201112,20060928,其他,2026-09-12T13:27:08.263826+08:00
600567.SH,山鹰国际,20201113,,20201107,其他,2026-09-12T13:27:08.263826+08:00
600577.SH,精达股份,20020911,20060417,20020911,其他,2026-09-12T13:27:10.039977+08:00
600577.SH,G精达,20060418,20061008,20060412,其他,2026-09-12T13:27:10.039977+08:00
600577.SH,精达股份,20061009,,20060928,其他,2026-09-12T13:27:10.039977+08:00
600674.SH,四川峨铁,19930924,19981118,19930924,其他,2026-09-12T13:27:12.211794+08:00
600674.SH,川投控股,19981119,20050331,19980908,其他,2026-09-12T13:27:12.211794+08:00
600674.SH,川投能源,20050401,20060713,20050202,其他,2026-09-12T13:27:12.211794+08:00
600674.SH,G川投,20060714,20061008,20060711,其他,2026-09-12T13:27:12.211794+08:00
600674.SH,川投能源,20061009,,20060928,其他,2026-09-12T13:27:12.211794+08:00
600690.SH,青岛海尔,19931119,20060516,19931119,其他,2026-09-12T13:27:13.992379+08:00
600690.SH,G海尔,20060517,20061008,20060512,其他,2026-09-12T13:27:13.992379+08:00
600690.SH,青岛海尔,20061009,20190630,20060928,其他,2026-09-12T13:27:13.992379+08:00
600690.SH,海尔智家,20190701,,20190606,其他,2026-09-12T13:27:13.992379+08:00
600711.SH,龙舟股份,19960531,19990919,19960531,其他,2026-09-12T13:27:15.993630+08:00
600711.SH,雄震集团,19990920,20060507,19990428,其他,2026-09-12T13:27:15.993630+08:00
600711.SH,*ST雄震,20060508,20061008,20060428,*ST,2026-09-12T13:27:15.993630+08:00
600711.SH,S*ST雄震,20061009,20070121,20060928,其他,2026-09-12T13:27:15.993630+08:00
600711.SH,*ST雄震,20070122,20070325,20070117,其他,2026-09-12T13:27:15.993630+08:00
600711.SH,ST雄震,20070326,20110303,20070323,撤消*ST并实行ST,2026-09-12T13:27:15.993630+08:00
600711.SH,雄震矿业,20110304,20110705,20110303,撤销ST,2026-09-12T13:27:15.993630+08:00
600711.SH,盛屯矿业,20110706,20240731,20110531,其他,2026-09-12T13:27:15.993630+08:00
600711.SH,ST盛屯,20240801,20250813,20240731,ST,2026-09-12T13:27:15.993630+08:00
600711.SH,盛屯矿业,20250814,,20250813,撤销ST,2026-09-12T13:27:15.993630+08:00
600713.SH,南京医药,19960701,20060716,19960701,其他,2026-09-12T13:27:17.762733+08:00
600713.SH,G南药,20060717,20061008,20060712,其他,2026-09-12T13:27:17.762733+08:00
600713.SH,南京医药,20061009,,20060928,其他,2026-09-12T13:27:17.762733+08:00
600728.SH,远洋渔业,19960716,20000611,19960716,其他,2026-09-12T13:27:19.770491+08:00
600728.SH,新太科技,20000612,20060508,20000426,其他,2026-09-12T13:27:19.770491+08:00
600728.SH,*ST新太,20060509,20061008,20060508,*ST,2026-09-12T13:27:19.770491+08:00
600728.SH,S*ST新太,20061009,20070527,20060928,其他,2026-09-12T13:27:19.770491+08:00
600728.SH,SST新太,20070528,20090316,20070525,撤消*ST并实行ST,2026-09-12T13:27:19.770491+08:00
600728.SH,S*ST新太,20090317,20100608,20090316,从ST变为*ST,2026-09-12T13:27:19.770491+08:00
600728.SH,*ST新太,20100609,20100912,20100604,其他,2026-09-12T13:27:19.770491+08:00
600728.SH,ST新太,20100913,20110807,20100910,撤消*ST并实行ST,2026-09-12T13:27:19.770491+08:00
600728.SH,新太科技,20110808,20120329,20110805,撤销ST,2026-09-12T13:27:19.770491+08:00
600728.SH,佳都新太,20120330,20140101,20120224,其他,2026-09-12T13:27:19.770491+08:00
600728.SH,佳都科技,20140102,,20131226,其他,2026-09-12T13:27:19.770491+08:00
600745.SH,康赛集团,19960828,20010426,19960828,其他,2026-09-12T13:27:21.531811+08:00
600745.SH,ST康赛,20010427,20030429,20010426,ST,2026-09-12T13:27:21.531811+08:00
600745.SH,天华股份,20030430,20060427,20030129,撤销ST,2026-09-12T13:27:21.531811+08:00
600745.SH,*ST天华,20060428,20061008,20060427,*ST,2026-09-12T13:27:21.531811+08:00
600745.SH,S*ST天华,20061009,20080707,20060928,其他,2026-09-12T13:27:21.531811+08:00
600745.SH,ST天华,20080708,20090421,20080701,撤消*ST并实行ST,2026-09-12T13:27:21.531811+08:00
600745.SH,中茵股份,20090422,20170808,20090421,撤销ST,2026-09-12T13:27:21.531811+08:00
600745.SH,闻泰科技,20170809,20260505,20170721,其他,2026-09-12T13:27:21.531811+08:00
600745.SH,*ST闻泰,20260506,,20260430,*ST,2026-09-12T13:27:21.531811+08:00
600755.SH,厦门国贸,19961003,20060709,19961003,其他,2026-09-12T13:27:23.319041+08:00
600755.SH,G厦国贸,20060710,20061008,20060705,其他,2026-09-12T13:27:23.319041+08:00
600755.SH,厦门国贸,20061009,,20060928,其他,2026-09-12T13:27:23.319041+08:00
600761.SH,安徽合力,19961009,20051027,19961009,其他,2026-09-12T13:27:25.117639+08:00
600761.SH,G合力,20051028,20061008,20051025,其他,2026-09-12T13:27:25.117639+08:00
600761.SH,安徽合力,20061009,,20060928,其他,2026-09-12T13:27:25.117639+08:00
600810.SH,神马实业,19940106,20060416,19940106,其他,2026-09-12T13:27:26.881109+08:00
600810.SH,G神马,20060417,20061008,20060412,其他,2026-09-12T13:27:26.881109+08:00
600810.SH,神马实业,20061009,20100421,20060928,其他,2026-09-12T13:27:26.881109+08:00
600810.SH,神马股份,20100422,,20100417,其他,2026-09-12T13:27:26.881109+08:00
600831.SH,西安黄河,19940224,19970702,19940224,其他,2026-09-12T13:27:28.934311+08:00
600831.SH,黄河科技,19970703,19980428,19970430,其他,2026-09-12T13:27:28.934311+08:00
600831.SH,ST黄河科,19980429,20020328,19980428,ST,2026-09-12T13:27:28.934311+08:00
600831.SH,广电网络,20020329,20060116,20011218,撤销ST,2026-09-12T13:27:28.934311+08:00
600831.SH,G广电,20060117,20061008,20060112,其他,2026-09-12T13:27:28.934311+08:00
600831.SH,广电网络,20061009,20240708,20060928,其他,2026-09-12T13:27:28.934311+08:00
600831.SH,ST广网,20240709,20251109,20240706,ST,2026-09-12T13:27:28.934311+08:00
600831.SH,广电网络,20251110,,20251107,撤销ST,2026-09-12T13:27:28.934311+08:00
600853.SH,北满特钢,19940404,20010409,19940404,其他,2026-09-12T13:27:31.181728+08:00
600853.SH,ST北特钢,20010410,20020926,20010407,ST,2026-09-12T13:27:31.181728+08:00
600853.SH,ST龙建,20020927,20030525,20020403,其他,2026-09-12T13:27:31.181728+08:00
600853.SH,龙建股份,20030526,20061008,20030523,撤销ST,2026-09-12T13:27:31.181728+08:00
600853.SH,S龙建,20061009,20061012,20060928,其他,2026-09-12T13:27:31.181728+08:00
600853.SH,龙建股份,20061013,,20061010,其他,2026-09-12T13:27:31.181728+08:00
600863.SH,内蒙华电,19940520,20060423,19940520,其他,2026-09-12T13:27:33.030243+08:00
600863.SH,G蒙电,20060424,20061008,20060419,其他,2026-09-12T13:27:33.030243+08:00
600863.SH,内蒙华电,20061009,20260308,20060928,其他,2026-09-12T13:27:33.030243+08:00
600863.SH,华能蒙电,20260309,,20260225,其他,2026-09-12T13:27:33.030243+08:00
600885.SH,双虎涂料,19960205,20011127,19960205,其他,2026-09-12T13:27:34.972301+08:00
600885.SH,力诺工业,20011128,20050605,20010922,其他,2026-09-12T13:27:34.972301+08:00
600885.SH,力诺太阳,20050606,20060802,20050310,其他,2026-09-12T13:27:34.972301+08:00
600885.SH,G力诺,20060803,20061008,20060731,其他,2026-09-12T13:27:34.972301+08:00
600885.SH,力诺太阳,20061009,20100411,20060928,其他,2026-09-12T13:27:34.972301+08:00
600885.SH,*ST力阳,20100412,20111221,20100409,*ST,2026-09-12T13:27:34.972301+08:00
600885.SH,ST力阳,20111222,20121203,20111221,撤消*ST并实行ST,2026-09-12T13:27:34.972301+08:00
600885.SH,ST宏发,20121204,20130225,20121110,其他,2026-09-12T13:27:34.972301+08:00
600885.SH,宏发股份,20130226,,20130225,撤销ST,2026-09-12T13:27:34.972301+08:00
600888.SH,新疆众和,19960215,20060523,19960215,其他,2026-09-12T13:27:36.816260+08:00
600888.SH,G众和,20060524,20061008,20060519,其他,2026-09-12T13:27:36.816260+08:00
600888.SH,新疆众和,20061009,,20060928,其他,2026-09-12T13:27:36.816260+08:00
600901.SH,江苏租赁,20180301,20230108,20180301,其他,2026-09-12T13:27:38.579152+08:00
600901.SH,江苏金租,20230109,,20221224,其他,2026-09-12T13:27:38.579152+08:00
600903.SH,贵州燃气,20171107,,20171107,其他,2026-09-12T13:27:20.727733+08:00
600908.SH,无锡银行,20160923,,20160923,其他,2026-09-12T13:27:22.513950+08:00
600909.SH,华安证券,20161206,,20161206,其他,2026-09-12T13:27:24.355345+08:00
600919.SH,江苏银行,20160802,,20160802,其他,2026-09-12T13:27:26.177044+08:00
600926.SH,杭州银行,20161027,,20161027,其他,2026-09-12T13:27:27.972968+08:00
600929.SH,湖南盐业,20180326,20200923,20180326,其他,2026-09-12T13:27:30.111271+08:00
600929.SH,雪天盐业,20200924,,20200831,其他,2026-09-12T13:27:30.111271+08:00
600933.SH,爱柯迪,20171117,,20171117,其他,2026-09-12T13:27:31.945010+08:00
600939.SH,重庆建工,20170221,,20170221,其他,2026-09-12T13:27:33.879431+08:00
600985.SH,雷鸣科化,20040428,20060208,20040428,其他,2026-09-12T13:27:35.730809+08:00
600985.SH,G雷鸣,20060209,20061008,20060125,其他,2026-09-12T13:27:35.730809+08:00
600985.SH,雷鸣科化,20061009,20181017,20060928,其他,2026-09-12T13:27:35.730809+08:00
600985.SH,淮北矿业,20181018,,20181009,其他,2026-09-12T13:27:35.730809+08:00
600996.SH,贵广网络,20161226,,20161226,其他,2026-09-12T13:27:37.894928+08:00
600998.SH,九州通,20101102,,20101102,其他,2026-09-12T13:27:39.688421+08:00
601006.SH,大秦铁路,20060801,,20060801,其他,2026-09-12T13:27:41.475775+08:00
601009.SH,南京银行,20070719,,20070719,其他,2026-09-12T13:27:44.232685+08:00
601012.SH,隆基股份,20120411,20220515,20120411,其他,2026-09-12T13:27:46.296195+08:00
601012.SH,隆基绿能,20220516,,20220428,其他,2026-09-12T13:27:46.296195+08:00
601016.SH,节能风电,20140929,,20140929,其他,2026-09-12T13:27:48.120569+08:00
601020.SH,华钰矿业,20160316,20210429,20160316,其他,2026-09-12T13:27:49.913403+08:00
601020.SH,ST华钰,20210430,20220525,20210429,ST,2026-09-12T13:27:49.913403+08:00
601020.SH,华钰矿业,20220526,,20220525,撤销ST,2026-09-12T13:27:49.913403+08:00
601058.SH,赛轮股份,20110630,20141230,20110630,其他,2026-09-12T13:27:51.766371+08:00
601058.SH,赛轮金宇,20141231,20180926,20141129,其他,2026-09-12T13:27:51.766371+08:00
601058.SH,赛轮股份,20180927,20181106,20180927,其他,2026-09-12T13:27:51.766371+08:00
601058.SH,赛轮轮胎,20181107,,20181031,其他,2026-09-12T13:27:51.766371+08:00
601108.SH,财通证券,20171024,,20171024,其他,2026-09-12T13:27:53.584705+08:00
601127.SH,小康股份,20160615,20220801,20160615,其他,2026-09-12T13:27:56.020994+08:00
601127.SH,赛力斯,20220802,,20220712,其他,2026-09-12T13:27:56.020994+08:00
601128.SH,常熟银行,20160930,,20160930,其他,2026-09-12T13:27:58.102244+08:00
601137.SH,博威合金,20110127,,20110127,其他,2026-09-12T13:27:59.965648+08:00
601139.SH,深圳燃气,20091225,,20091225,其他,2026-09-12T13:28:02.010872+08:00
601158.SH,重庆水务,20100329,,20100329,其他,2026-09-12T13:28:03.853891+08:00
601166.SH,兴业银行,20070205,,20070205,其他,2026-09-12T13:28:05.706398+08:00
601199.SH,江南水务,20110317,,20110317,其他,2026-09-12T13:28:07.531386+08:00
601200.SH,上海环境,20170331,,20170331,其他,2026-09-12T13:28:10.081120+08:00
601208.SH,东材科技,20110520,,20110520,其他,2026-09-12T13:28:11.928895+08:00
601211.SH,国泰君安,20150626,20250410,20150626,其他,2026-09-12T13:28:13.747062+08:00
601211.SH,国泰海通,20250411,,20250317,其他,2026-09-12T13:28:13.747062+08:00
601222.SH,林洋电子,20110808,20151230,20110808,其他,2026-09-12T13:28:15.558806+08:00
601222.SH,林洋能源,20151231,,20151224,其他,2026-09-12T13:28:15.558806+08:00
601229.SH,上海银行,20161116,,20161116,其他,2026-09-12T13:28:17.349918+08:00
601231.SH,环旭电子,20120220,,20120220,其他,2026-09-12T13:28:19.180459+08:00
601233.SH,桐昆股份,20110518,,20110518,其他,2026-09-12T13:28:21.078339+08:00
601238.SH,广汽集团,20120329,,20120329,其他,2026-09-12T13:28:22.874548+08:00
601311.SH,骆驼股份,20110602,,20110602,其他,2026-09-12T13:28:24.664809+08:00
601330.SH,绿色动力,20180611,,20180611,其他,2026-09-12T13:28:26.644199+08:00
601366.SH,利群股份,20170412,,20170412,其他,2026-09-12T13:28:28.606551+08:00
601515.SH,东风股份,20120216,20231114,20120216,其他,2026-09-12T13:28:30.793301+08:00
601515.SH,东峰集团,20231115,20251110,20231031,其他,2026-09-12T13:28:30.793301+08:00
601515.SH,衢州东峰,20251111,,20251021,其他,2026-09-12T13:28:30.793301+08:00
601609.SH,金田铜业,20200422,20220703,20200422,其他,2026-09-12T13:28:32.861504+08:00
601609.SH,金田股份,20220704,,20220621,其他,2026-09-12T13:28:32.861504+08:00
601611.SH,中国核建,20160606,,20160606,其他,2026-09-12T13:28:34.666933+08:00
601615.SH,明阳智能,20190123,,20190123,其他,2026-09-12T13:28:37.095688+08:00
601619.SH,嘉泽新能,20170720,,20170720,其他,2026-09-12T13:28:38.900460+08:00
601633.SH,长城汽车,20110928,,20110928,其他,2026-09-12T13:28:40.688695+08:00
601636.SH,旗滨集团,20110812,,20110812,其他,2026-09-12T13:28:42.567112+08:00
601665.SH,齐鲁银行,20210618,,20210618,其他,2026-09-12T13:28:44.367018+08:00
601666.SH,平煤天安,20061123,20080828,20061123,其他,2026-09-12T13:28:46.562404+08:00
601666.SH,平煤股份,20080829,,20080826,其他,2026-09-12T13:28:46.562404+08:00
601677.SH,明泰铝业,20110919,,20110919,其他,2026-09-12T13:28:48.679708+08:00
601678.SH,滨化股份,20100223,,20100223,其他,2026-09-12T13:28:50.495329+08:00
601686.SH,友发集团,20201204,,20201204,其他,2026-09-12T13:28:52.285614+08:00
601689.SH,拓普集团,20150319,,20150319,其他,2026-09-12T13:28:54.085394+08:00
601727.SH,上海电气,20081205,,20081205,其他,2026-09-12T13:28:55.896766+08:00
601778.SH,晶科科技,20200519,,20200519,其他,2026-09-12T13:29:00.226792+08:00
601789.SH,宁波建工,20110816,,20110816,其他,2026-09-12T13:29:02.416922+08:00
601818.SH,光大银行,20100818,,20100818,其他,2026-09-12T13:29:04.752360+08:00
601838.SH,成都银行,20180131,,20180131,其他,2026-09-12T13:29:06.536128+08:00
601860.SH,紫金银行,20190103,,20190103,其他,2026-09-12T13:29:08.915297+08:00
601865.SH,福莱特,20190215,,20190215,其他,2026-09-12T13:29:11.089724+08:00
601878.SH,浙商证券,20170626,,20170626,其他,2026-09-12T13:29:13.124610+08:00
601881.SH,中国银河,20170123,,20170123,其他,2026-09-12T13:29:14.902328+08:00
601929.SH,吉视传媒,20120223,,20120223,其他,2026-09-12T13:29:16.673012+08:00
601963.SH,重庆银行,20210205,,20210205,其他,2026-09-12T13:29:18.864115+08:00
601966.SH,玲珑轮胎,20160706,,20160706,其他,2026-09-12T13:29:20.689261+08:00
601985.SH,中国核电,20150610,,20150610,其他,2026-09-12T13:29:22.543929+08:00
601998.SH,中信银行,20070427,,20070427,其他,2026-09-12T13:29:25.104244+08:00
603018.SH,设计股份,20141013,20160925,20141013,其他,2026-09-12T13:29:27.484829+08:00
603018.SH,中设集团,20160926,20200417,20160920,其他,2026-09-12T13:29:27.484829+08:00
603018.SH,国设集团,20200418,20200901,20200418,其他,2026-09-12T13:29:27.484829+08:00
603018.SH,中设集团,20200902,20201101,20200902,其他,2026-09-12T13:29:27.484829+08:00
603018.SH,华设集团,20201102,,20201027,其他,2026-09-12T13:29:27.484829+08:00
603019.SH,中科曙光,20141106,,20141106,其他,2026-09-12T13:29:29.383911+08:00
603030.SH,全筑股份,20150320,20230504,20150320,其他,2026-09-12T13:29:31.241536+08:00
603030.SH,*ST全筑,20230505,20240508,20230429,*ST,2026-09-12T13:29:31.241536+08:00
603030.SH,ST全筑,20240509,20240709,20240508,撤消*ST并实行ST,2026-09-12T13:29:31.241536+08:00
603030.SH,全筑股份,20240710,20260512,20240709,撤销ST,2026-09-12T13:29:31.241536+08:00
603030.SH,云阙智算,20260513,,20260513,其他,2026-09-12T13:29:31.241536+08:00
603055.SH,台华新材,20170921,,20170921,其他,2026-09-12T13:29:33.026073+08:00
603060.SH,国检集团,20161109,,20161109,其他,2026-09-12T13:29:34.849877+08:00
603067.SH,振华股份,20160913,,20160913,其他,2026-09-12T13:29:37.790292+08:00
603077.SH,和邦股份,20120731,20150804,20120731,其他,2026-09-12T13:29:39.600532+08:00
603077.SH,和邦生物,20150805,,20150716,其他,2026-09-12T13:29:39.600532+08:00
603081.SH,大丰实业,20170420,,20170420,其他,2026-09-12T13:29:41.926733+08:00
603108.SH,润达医疗,20150527,,20150527,其他,2026-09-12T13:29:42.950651+08:00
603113.SH,金能科技,20170511,,20170511,其他,2026-09-12T13:29:45.543037+08:00
603179.SH,新泉股份,20170317,,20170317,其他,2026-09-12T13:29:46.972293+08:00
603180.SH,金牌厨柜,20170512,20240617,20170512,其他,2026-09-12T13:29:49.007672+08:00
603180.SH,金牌家居,20240618,,20240529,其他,2026-09-12T13:29:49.007672+08:00
603186.SH,华正新材,20170103,,20170103,其他,2026-09-12T13:29:50.927028+08:00
603197.SH,保隆科技,20170519,,20170519,其他,2026-09-12T13:29:52.724333+08:00
603218.SH,日月股份,20161228,,20161228,其他,2026-09-12T13:29:54.819448+08:00
603225.SH,新凤鸣,20170418,,20170418,其他,2026-09-12T13:29:56.627592+08:00
603228.SH,景旺电子,20170106,,20170106,其他,2026-09-12T13:29:58.512089+08:00
603233.SH,大参林,20170731,,20170731,其他,2026-09-12T13:30:00.325368+08:00
603270.SH,金帝股份,20230901,,20230901,其他,2026-09-12T13:30:02.142744+08:00
603278.SH,大业股份,20171113,,20171113,其他,2026-09-12T13:30:06.290917+08:00
603298.SH,杭叉集团,20161227,,20161227,其他,2026-09-12T13:30:08.520225+08:00
603305.SH,旭升股份,20170710,20221110,20170710,其他,2026-09-12T13:30:10.663871+08:00
603305.SH,旭升集团,20221111,,20221001,其他,2026-09-12T13:30:10.663871+08:00
603308.SH,应流股份,20140122,,20140122,其他,2026-09-12T13:30:12.778877+08:00
603323.SH,吴江银行,20161129,20190325,20161129,其他,2026-09-12T13:30:15.015940+08:00
603323.SH,苏农银行,20190326,,20190201,其他,2026-09-12T13:30:15.015940+08:00
603327.SH,福蓉科技,20190523,,20190523,其他,2026-09-12T13:30:17.190971+08:00
603339.SH,四方冷链,20160519,20180809,20160519,其他,2026-09-25T21:48:16.467821+08:00
603339.SH,四方科技,20180810,,20180731,其他,2026-09-25T21:48:16.467821+08:00
603355.SH,莱克电气,20150513,,20150513,其他,2026-09-12T13:30:19.122828+08:00
603363.SH,傲农生物,20170926,20240505,20170926,其他,2026-09-12T13:30:23.351860+08:00
603363.SH,*ST傲农,20240506,20250519,20240430,*ST,2026-09-12T13:30:23.351860+08:00
603363.SH,傲农生物,20250520,,20250517,撤销*ST,2026-09-12T13:30:23.351860+08:00
603368.SH,柳州医药,20141204,20180607,20141204,其他,2026-09-12T13:30:25.160041+08:00
603368.SH,柳药股份,20180608,20220526,20180522,其他,2026-09-12T13:30:25.160041+08:00
603368.SH,柳药集团,20220527,,20220331,其他,2026-09-12T13:30:25.160041+08:00
603377.SH,东方时尚,20160205,20240505,20160205,其他,2026-09-12T13:30:27.222546+08:00
603377.SH,ST东时,20240506,,20240430,ST,2026-09-12T13:30:27.222546+08:00
603421.SH,鼎信通讯,20161011,,20161011,其他,2026-09-12T13:30:29.464876+08:00
603486.SH,科沃斯,20180528,,20180528,其他,2026-09-12T13:30:33.610387+08:00
603501.SH,韦尔股份,20170504,20250619,20170504,其他,2026-09-12T13:30:35.417564+08:00
603501.SH,豪威集团,20250620,,20250520,其他,2026-09-12T13:30:35.417564+08:00
603517.SH,绝味食品,20170317,20250922,20170317,其他,2026-09-12T13:30:38.390766+08:00
603517.SH,ST绝味,20250923,,20250920,ST,2026-09-12T13:30:38.390766+08:00
603518.SH,维格娜丝,20141203,20190625,20141203,其他,2026-09-12T13:30:40.271841+08:00
603518.SH,锦泓集团,20190626,,20190522,其他,2026-09-12T13:30:40.271841+08:00
603529.SH,爱玛科技,20210615,,20210615,其他,2026-09-12T13:30:42.279053+08:00
603568.SH,伟明环保,20150528,,20150528,其他,2026-09-12T13:30:44.928467+08:00
603569.SH,长久物流,20160810,,20160810,其他,2026-09-12T13:30:46.706132+08:00
603578.SH,三星新材,20170306,,20170306,其他,2026-09-12T13:30:48.810986+08:00
603588.SH,高能环境,20141229,,20141229,其他,2026-09-12T13:30:51.430689+08:00
603596.SH,伯特利,20180427,,20180427,其他,2026-09-12T13:30:53.278747+08:00
603605.SH,珀莱雅,20171115,,20171115,其他,2026-09-12T13:30:56.340677+08:00
603606.SH,东方电缆,20141015,,20141015,其他,2026-09-12T13:30:58.146116+08:00
603608.SH,天创时尚,20160218,20240505,20160218,其他,2026-09-12T13:31:01.786068+08:00
603608.SH,*ST天创,20240506,20250505,20240430,*ST,2026-09-12T13:31:01.786068+08:00
603608.SH,天创时尚,20250506,,20250430,撤销*ST,2026-09-12T13:31:01.786068+08:00
603609.SH,禾丰牧业,20140808,20210329,20140808,其他,2026-09-12T13:31:03.673752+08:00
603609.SH,禾丰股份,20210330,,20210202,其他,2026-09-12T13:31:03.673752+08:00
603612.SH,索通发展,20170718,,20170718,其他,2026-09-12T13:31:06.995665+08:00
603618.SH,杭电股份,20150217,,20150217,其他,2026-09-12T13:31:08.808693+08:00
603626.SH,科森科技,20170209,,20170209,其他,2026-09-12T13:31:13.281588+08:00
603650.SH,彤程新材,20180627,,20180627,其他,2026-09-12T13:31:15.102587+08:00
603658.SH,安图生物,20160901,,20160901,其他,2026-09-12T13:31:18.540323+08:00
603659.SH,璞泰来,20171103,,20171103,其他,2026-09-12T13:31:20.353543+08:00
603677.SH,奇精机械,20170206,,20170206,其他,2026-09-12T13:31:23.322668+08:00
603678.SH,火炬电子,20150126,,20150126,其他,2026-09-12T13:31:25.225316+08:00
603689.SH,皖天然气,20170110,,20170110,其他,2026-09-12T13:31:30.742147+08:00
603707.SH,健友股份,20170719,,20170719,其他,2026-09-12T13:31:32.587620+08:00
603708.SH,家家悦,20161213,,20161213,其他,2026-09-12T13:31:34.534589+08:00
603730.SH,岱美股份,20170728,,20170728,其他,2026-09-12T13:31:36.369528+08:00
603733.SH,仙鹤股份,20180420,,20180420,其他,2026-09-12T13:31:39.831170+08:00
603738.SH,泰晶科技,20160928,,20160928,其他,2026-09-12T13:31:42.663835+08:00
603759.SH,海天股份,20210326,,20210326,其他,2026-09-12T13:31:45.654826+08:00
603797.SH,联泰环保,20170413,,20170413,其他,2026-09-12T13:31:47.587338+08:00
603799.SH,华友钴业,20150129,,20150129,其他,2026-09-12T13:31:49.402316+08:00
603801.SH,志邦股份,20170630,20180829,20170630,其他,2026-09-12T13:31:52.866774+08:00
603801.SH,志邦家居,20180830,,20180822,其他,2026-09-12T13:31:52.866774+08:00
603806.SH,福斯特,20140905,,20140905,其他,2026-09-12T13:31:54.925116+08:00
603816.SH,顾家家居,20161014,,20161014,其他,2026-09-12T13:31:58.744449+08:00
603817.SH,海峡环保,20170220,,20170220,其他,2026-09-12T13:32:00.679406+08:00
603833.SH,欧派家居,20170328,,20170328,其他,2026-09-12T13:32:04.358613+08:00
603861.SH,白云电器,20160322,,20160322,其他,2026-09-12T13:32:07.123203+08:00
603866.SH,桃李面包,20151222,,20151222,其他,2026-09-12T13:32:09.277285+08:00
603876.SH,鼎胜新材,20180418,,20180418,其他,2026-09-12T13:32:11.985107+08:00
603877.SH,太平鸟,20170109,,20170109,其他,2026-09-12T13:32:15.368944+08:00
603878.SH,武进不锈,20161219,,20161219,其他,2026-09-12T13:32:17.798995+08:00
603883.SH,老百姓,20150423,,20150423,其他,2026-09-12T13:32:21.207492+08:00
603898.SH,好莱客,20150217,,20150217,其他,2026-09-12T13:32:23.056092+08:00
603920.SH,世运电路,20170426,,20170426,其他,2026-09-12T13:32:26.217899+08:00
603939.SH,益丰药房,20150217,,20150217,其他,2026-09-12T13:32:29.495376+08:00
603979.SH,金诚信,20150630,,20150630,其他,2026-09-12T13:32:31.714630+08:00
603989.SH,艾华集团,20150515,,20150515,其他,2026-09-12T13:32:34.287398+08:00
603992.SH,松霖科技,20190826,,20190826,其他,2026-09-12T13:32:37.829799+08:00
605007.SH,五洲特纸,20201110,,20201110,其他,2026-09-12T13:32:39.658352+08:00
605138.SH,盛泰集团,20211027,,20211027,其他,2026-09-12T13:32:42.981173+08:00
605167.SH,利柏特,20210726,,20210726,其他,2026-09-12T13:32:44.808240+08:00
605337.SH,李子园,20210208,,20210208,其他,2026-09-12T13:32:47.618315+08:00
605358.SH,立昂微,20200911,,20200911,其他,2026-09-12T13:32:49.634521+08:00
605368.SH,蓝天燃气,20210129,,20210129,其他,2026-09-12T13:32:53.664012+08:00
688001.SH,华兴源创,20190722,,20190722,其他,2026-09-12T13:32:55.503314+08:00
688002.SH,睿创微纳,20190722,,20190722,其他,2026-09-12T13:32:57.608471+08:00
688208.SH,道通科技,20200213,,20200213,其他,2026-09-12T13:33:00.015549+08:00
688223.SH,晶科能源,20220126,,20220126,其他,2026-09-12T13:33:01.851395+08:00
688301.SH,奕瑞科技,20200918,,20200918,其他,2026-09-12T13:33:03.709524+08:00
688372.SH,伟测科技,20221026,,20221026,其他,2026-09-12T13:33:05.537601+08:00
688596.SH,正帆科技,20200820,,20200820,其他,2026-09-12T13:33:07.955390+08:00
688599.SH,天合光能,20200610,,20200610,其他,2026-09-12T13:33:09.784581+08:00
688676.SH,金盘科技,20210309,,20210309,其他,2026-09-12T13:33:12.030427+08:00
688772.SH,珠海冠宇,20211015,,20211015,其他,2026-09-12T13:33:14.138926+08:00
688779.SH,长远锂科,20210811,20240711,20210811,其他,2026-09-12T13:33:16.486769+08:00
688779.SH,五矿新能,20240712,20240729,20240712,其他,2026-09-12T13:33:16.486769+08:00
688779.SH,五矿新能,20240730,20240808,20240730,其他,2026-09-12T13:33:16.486769+08:00
688779.SH,五矿新能,20240809,,20240806,其他,2026-09-12T13:33:16.486769+08:00
688798.SH,艾为电子,20210816,,20210816,其他,2026-09-12T13:33:19.032512+08:00
