SECURITY_CODE,SECUCODE,SECURITY_NAME_ABBR,NOTICE_DATE_SH,RECORD_DATE_SH,EXECUTE_PRICE_SH,EXECUTE_START_DATESH,DELIST_DATE,REDEEM_TYPE
110002,110002.SH,南山转债,2009-08-11 00:00:00,2009-09-17 00:00:00,103.0,2009-09-18 00:00:00,2009-09-24 00:00:00,2
110003,110003.SH,新钢转债,2013-08-22 00:00:00,2013-08-20 00:00:00,107.0,2013-08-27 00:00:00,2013-08-27 00:00:00,2
110004,110004.SH,厦工转债,2010-08-24 00:00:00,2010-09-21 00:00:00,103.0,2010-09-27 00:00:00,2010-09-30 00:00:00,2
110005,110005.SH,西洋转债,2010-04-16 00:00:00,2010-05-13 00:00:00,103.0,2010-05-14 00:00:00,2010-05-19 00:00:00,2
110006,110006.SH,龙盛转债,2010-04-14 00:00:00,2010-05-05 00:00:00,103.0,2010-05-06 00:00:00,2010-05-12 00:00:00,2
110007,110007.SH,博汇转债,2014-09-15 00:00:00,2014-09-22 00:00:00,107.0,2014-09-23 00:00:00,2014-09-29 00:00:00,2
110008,110008.SH,王府转债,2010-09-30 00:00:00,2010-10-27 00:00:00,103.0,2010-10-28 00:00:00,2010-11-05 00:00:00,2
110009,110009.SH,双良转债,2015-04-14 00:00:00,2015-04-30 00:00:00,101.7,2015-05-07 00:00:00,2015-05-07 00:00:00,2
110011,110011.SH,歌华转债,2015-04-07 00:00:00,2015-04-28 00:00:00,103.0,2015-04-29 00:00:00,2015-05-06 00:00:00,2
110012,110012.SH,海运转债,2015-04-15 00:00:00,2015-05-11 00:00:00,103.0,2015-05-12 00:00:00,2015-05-15 00:00:00,2
110013,110013.SH,国投转债,2013-05-31 00:00:00,2013-07-05 00:00:00,100.4,2013-07-08 00:00:00,2013-07-12 00:00:00,2
110015,110015.SH,石化转债,2015-01-27 00:00:00,2015-02-11 00:00:00,101.261,2015-02-12 00:00:00,2015-02-17 00:00:00,2
110016,110016.SH,川投转债,2014-07-31 00:00:00,2014-09-02 00:00:00,103.0,2014-09-03 00:00:00,2014-09-10 00:00:00,2
110017,110017.SH,中海转债,2015-01-09 00:00:00,2015-02-09 00:00:00,100.687,2015-02-10 00:00:00,2015-02-13 00:00:00,2
110018,110018.SH,国电转债,2014-12-18 00:00:00,2015-02-26 00:00:00,103.0,2015-02-27 00:00:00,2015-03-05 00:00:00,2
110019,110019.SH,恒丰转债,2015-03-27 00:00:00,2015-04-24 00:00:00,105.0,2015-04-27 00:00:00,2015-05-05 00:00:00,2
110020,110020.SH,南山转债,2015-01-21 00:00:00,2015-03-10 00:00:00,104.0,2015-03-11 00:00:00,2015-03-13 00:00:00,2
110022,110022.SH,同仁转债,2015-02-09 00:00:00,2015-03-03 00:00:00,103.0,2015-03-04 00:00:00,2015-03-10 00:00:00,2
110023,110023.SH,民生转债,2015-05-09 00:00:00,2015-06-24 00:00:00,100.168,2015-06-25 00:00:00,2015-07-01 00:00:00,2
110024,110024.SH,隧道转债,2014-11-12 00:00:00,2014-12-11 00:00:00,103.0,2014-12-12 00:00:00,2014-12-18 00:00:00,2
110025,110025.SH,国金转债,2014-12-12 00:00:00,2014-12-29 00:00:00,100.315,2014-12-30 00:00:00,2015-01-09 00:00:00,2
110026,110026.SH,中海转债,2008-02-27 00:00:00,,103.0,2008-03-27 00:00:00,2008-04-09 00:00:00,2
110027,110027.SH,东方转债,2015-02-03 00:00:00,2015-02-16 00:00:00,100.304,2015-02-17 00:00:00,2015-02-27 00:00:00,2
110028,110028.SH,冠城转债,2015-04-08 00:00:00,2015-04-23 00:00:00,100.917,2015-04-24 00:00:00,2015-04-29 00:00:00,2
110029,110029.SH,浙能转债,2015-05-06 00:00:00,2015-05-26 00:00:00,100.308,2015-05-27 00:00:00,2015-06-05 00:00:00,2
110030,110030.SH,格力转债,2019-12-19 00:00:00,2019-12-24 00:00:00,106.0,2019-12-25 00:00:00,2019-12-25 00:00:00,2
110031,110031.SH,航信转债,2021-06-08 00:00:00,2021-06-11 00:00:00,107.0,2021-06-15 00:00:00,2021-06-15 00:00:00,2
110032,110032.SH,三一转债,2019-03-05 00:00:00,2019-03-19 00:00:00,100.304,2019-03-20 00:00:00,2019-03-26 00:00:00,2
110033,110033.SH,国贸转债,2021-09-25 00:00:00,2021-11-04 00:00:00,101.666,2021-11-05 00:00:00,2021-11-05 00:00:00,2
110034,110034.SH,九州转债,2021-12-14 00:00:00,2022-01-14 00:00:00,108.0,2022-01-17 00:00:00,2022-01-17 00:00:00,2
110035,110035.SH,白云转债,2017-05-25 00:00:00,2017-06-06 00:00:00,100.11,2017-06-07 00:00:00,2017-06-13 00:00:00,2
110038,110038.SH,济川转债,2022-11-02 00:00:00,,,,2022-11-14 00:00:00,
110039,110039.SH,宝信转债,2018-06-13 00:00:00,2018-07-06 00:00:00,100.19,2018-07-09 00:00:00,2018-07-13 00:00:00,2
110040,110040.SH,生益转债,2019-07-25 00:00:00,2019-07-31 00:00:00,100.34,2019-08-01 00:00:00,2019-08-01 00:00:00,2
110041,110041.SH,蒙电转债,2021-09-30 00:00:00,2021-11-04 00:00:00,101.307,2021-11-05 00:00:00,2021-11-05 00:00:00,2
110042,110042.SH,航电转债,2020-08-31 00:00:00,2020-09-07 00:00:00,100.71,2020-09-08 00:00:00,2020-09-08 00:00:00,2
110043,110043.SH,无锡转债,2023-12-25 00:00:00,2024-01-30 00:00:00,106.0,2024-01-31 00:00:00,2024-01-31 00:00:00,2
110044,110044.SH,广电转债,2024-05-23 00:00:00,2024-06-26 00:00:00,108.0,2024-06-27 00:00:00,2024-06-27 00:00:00,2
110045,110045.SH,海澜转债,2024-03-07 00:00:00,2024-04-02 00:00:00,101.307,2024-04-03 00:00:00,2024-04-03 00:00:00,2
110046,110046.SH,圆通转债,2020-02-28 00:00:00,2020-03-20 00:00:00,100.27,2020-03-23 00:00:00,2020-03-23 00:00:00,2
110047,110047.SH,山鹰转债,2024-10-16 00:00:00,2024-11-20 00:00:00,113.0,2024-11-21 00:00:00,2024-11-21 00:00:00,2
110048,110048.SH,福能转债,2024-10-31 00:00:00,2024-12-06 00:00:00,109.0,2024-12-09 00:00:00,2024-12-09 00:00:00,2
110049,110049.SH,海尔转债,2019-11-29 00:00:00,2019-12-16 00:00:00,100.2,2019-12-17 00:00:00,2019-12-17 00:00:00,2
110050,110050.SH,佳都转债,2020-03-26 00:00:00,2020-04-08 00:00:00,100.18,2020-04-09 00:00:00,2020-04-09 00:00:00,2
110051,110051.SH,中天转债,2021-11-24 00:00:00,2021-12-16 00:00:00,100.8,2021-12-17 00:00:00,2021-12-17 00:00:00,2
110052,110052.SH,贵广转债,2025-01-21 00:00:00,2025-03-04 00:00:00,113.0,2025-03-05 00:00:00,2025-03-05 00:00:00,2
110053,110053.SH,苏银转债,2023-09-05 00:00:00,2023-10-19 00:00:00,102.11,2023-10-20 00:00:00,2023-10-20 00:00:00,2
110054,110054.SH,通威转债,2020-03-04 00:00:00,2020-03-16 00:00:00,100.499,2020-03-17 00:00:00,2020-03-17 00:00:00,2
110055,110055.SH,伊力转债,2025-02-07 00:00:00,2025-03-14 00:00:00,110.0,2025-03-17 00:00:00,2025-03-17 00:00:00,2
110056,110056.SH,亨通转债,2022-10-26 00:00:00,2022-12-05 00:00:00,101.08,2022-12-06 00:00:00,2022-12-06 00:00:00,2
110057,110057.SH,现代转债,2023-05-08 00:00:00,2023-06-15 00:00:00,100.375,2023-06-16 00:00:00,2023-06-16 00:00:00,2
110058,110058.SH,永鼎转债,2024-11-15 00:00:00,2024-12-19 00:00:00,101.3589,2024-12-20 00:00:00,2024-12-20 00:00:00,2
110059,110059.SH,浦发转债,2025-09-16 00:00:00,2025-10-27 00:00:00,110.0,2025-10-28 00:00:00,2025-10-28 00:00:00,2
110060,110060.SH,天路转债,2025-09-20 00:00:00,2025-10-27 00:00:00,110.0,2025-10-28 00:00:00,2025-10-28 00:00:00,2
110061,110061.SH,川投转债,2023-12-30 00:00:00,2024-01-31 00:00:00,100.405,2024-02-01 00:00:00,2024-02-01 00:00:00,2
110062,110062.SH,烽火转债,2025-11-04 00:00:00,2025-12-01 00:00:00,106.0,2025-12-02 00:00:00,2025-12-02 00:00:00,2
110063,110063.SH,鹰19转债,2025-11-11 00:00:00,2025-12-12 00:00:00,111.0,2025-12-15 00:00:00,2025-12-15 00:00:00,2
110064,110064.SH,建工转债,2025-11-19 00:00:00,2025-12-19 00:00:00,113.0,2025-12-22 00:00:00,2025-12-22 00:00:00,2
110065,110065.SH,淮矿转债,2021-06-11 00:00:00,2021-07-01 00:00:00,100.262,2021-07-02 00:00:00,2021-07-02 00:00:00,2
110066,110066.SH,盛屯转债,2022-02-22 00:00:00,2022-03-17 00:00:00,100.044,2022-03-18 00:00:00,2022-03-18 00:00:00,2
110067,110067.SH,华安转债,2026-02-03 00:00:00,2026-03-11 00:00:00,107.0,2026-03-12 00:00:00,2026-03-12 00:00:00,2
110068,110068.SH,龙净转债,2024-11-08 00:00:00,2024-12-17 00:00:00,101.327,2024-12-18 00:00:00,2024-12-18 00:00:00,2
110069,110069.SH,瀚蓝转债,2021-03-31 00:00:00,2021-04-27 00:00:00,100.023,2021-04-28 00:00:00,2021-04-28 00:00:00,2
110070,110070.SH,凌钢转债,2026-03-04 00:00:00,2026-04-10 00:00:00,112.0,2026-04-13 00:00:00,2026-04-13 00:00:00,2
110071,110071.SH,湖盐转债,2022-06-17 00:00:00,2022-07-06 00:00:00,100.592,2022-07-07 00:00:00,2022-07-07 00:00:00,2
110073,110073.SH,国投转债,2026-06-30 00:00:00,2026-07-23 00:00:00,107.0,2026-07-24 00:00:00,2026-07-24 00:00:00,2
110074,110074.SH,精达转债,2026-07-07 00:00:00,2026-07-30 00:00:00,101.8959,2026-07-31 00:00:00,2026-07-31 00:00:00,2
110075,110075.SH,南航转债,2026-09-03 00:00:00,2026-10-14 00:00:00,106.5,2026-10-15 00:00:00,2026-10-15 00:00:00,2
110076,110076.SH,华海转债,2026-09-23 00:00:00,2026-10-30 00:00:00,110.0,2026-11-02 00:00:00,2026-11-02 00:00:00,2
110077,110077.SH,洪城转债,2026-08-01 00:00:00,,,,,
110079,110079.SH,杭银转债,2025-05-27 00:00:00,2025-07-04 00:00:00,100.4932,2025-07-07 00:00:00,2025-07-07 00:00:00,2
110080,110080.SH,东湖转债,2023-11-10 00:00:00,2023-12-05 00:00:00,100.652,2023-12-06 00:00:00,2023-12-06 00:00:00,2
110082,110082.SH,宏发转债,2025-11-21 00:00:00,2025-12-11 00:00:00,100.2219,2025-12-12 00:00:00,2025-12-12 00:00:00,2
110083,110083.SH,苏租转债,2024-09-07 00:00:00,2024-10-17 00:00:00,100.562,2024-10-18 00:00:00,2024-10-18 00:00:00,2
110088,110088.SH,淮22转债,2024-03-08 00:00:00,2024-04-02 00:00:00,100.277,2024-04-03 00:00:00,2024-04-03 00:00:00,2
110089,110089.SH,兴发转债,2026-01-28 00:00:00,2026-03-03 00:00:00,100.6699,2026-03-04 00:00:00,2026-03-04 00:00:00,2
110090,110090.SH,爱迪转债,2023-10-11 00:00:00,,,,,
110091,110091.SH,合力转债,2024-06-12 00:00:00,2024-07-03 00:00:00,100.224,2024-07-04 00:00:00,2024-07-04 00:00:00,2
110094,110094.SH,众和转债,2026-02-10 00:00:00,2026-03-11 00:00:00,100.5195,2026-03-12 00:00:00,2026-03-12 00:00:00,2
110095,110095.SH,双良转债,2026-02-24 00:00:00,,,,,
110096,110096.SH,豫光转债,2025-11-15 00:00:00,2025-12-18 00:00:00,100.106,2025-12-19 00:00:00,2025-12-19 00:00:00,2
110097,110097.SH,天润转债,2025-08-16 00:00:00,,,,,
110227,110227.SH,赤化转债,2009-04-24 00:00:00,2009-05-22 00:00:00,103.0,2009-05-25 00:00:00,2009-06-02 00:00:00,2
110368,110368.SH,五洲转债,2009-05-25 00:00:00,,103.0,2009-07-02 00:00:00,2009-07-08 00:00:00,2
110567,110567.SH,山鹰转债,2009-12-28 00:00:00,2010-01-29 00:00:00,105.0,2010-02-01 00:00:00,2010-02-05 00:00:00,2
110598,110598.SH,大荒转债,2010-01-19 00:00:00,2010-03-05 00:00:00,105.0,2010-03-08 00:00:00,2010-03-12 00:00:00,2
110971,110971.SH,恒源转债,2009-11-14 00:00:00,2009-12-18 00:00:00,103.0,2009-12-21 00:00:00,2009-12-25 00:00:00,2
111000,111000.SH,起帆转债,2026-04-21 00:00:00,,,,,
111001,111001.SH,山玻转债,2026-06-03 00:00:00,2026-07-06 00:00:00,101.1885,2026-07-07 00:00:00,2026-07-07 00:00:00,2
111005,111005.SH,富春转债,2026-04-30 00:00:00,2026-05-28 00:00:00,101.3973,2026-05-29 00:00:00,2026-05-29 00:00:00,2
111006,111006.SH,嵘泰转债,2023-03-28 00:00:00,2023-05-09 00:00:00,100.224,2023-05-10 00:00:00,2023-05-10 00:00:00,2
111007,111007.SH,永和转债,2025-08-26 00:00:00,2025-10-09 00:00:00,100.9973,2025-10-10 00:00:00,2025-10-10 00:00:00,2
111008,111008.SH,沿浦转债,2025-03-12 00:00:00,2025-04-02 00:00:00,100.4997,2025-04-03 00:00:00,2025-04-03 00:00:00,2
111010,111010.SH,立昂转债,2026-05-28 00:00:00,2026-06-17 00:00:00,100.8877,2026-06-18 00:00:00,2026-06-18 00:00:00,2
111011,111011.SH,冠盛转债,2025-06-26 00:00:00,2025-07-28 00:00:00,100.4537,2025-07-29 00:00:00,2025-07-29 00:00:00,2
111012,111012.SH,福新转债,2026-07-11 00:00:00,,,,,
111013,111013.SH,新港转债,2026-04-22 00:00:00,2026-06-01 00:00:00,100.3534,2026-06-02 00:00:00,2026-06-02 00:00:00,2
111016,111016.SH,神通转债,2026-01-21 00:00:00,2026-02-12 00:00:00,100.4449,2026-02-13 00:00:00,2026-02-13 00:00:00,2
111017,111017.SH,蓝天转债,2024-11-05 00:00:00,,,,,
111019,111019.SH,宏柏转债,2026-02-28 00:00:00,2026-03-20 00:00:00,100.3726,2026-03-23 00:00:00,2026-03-23 00:00:00,2
111023,111023.SH,利柏转债,2026-05-27 00:00:00,2026-06-23 00:00:00,100.0975,2026-06-24 00:00:00,2026-06-24 00:00:00,2
113001,113001.SH,中行转债,2014-12-31 00:00:00,2015-03-06 00:00:00,101.304,2015-03-09 00:00:00,2015-03-13 00:00:00,2
113002,113002.SH,工行转债,2014-12-31 00:00:00,2015-02-12 00:00:00,100.629,2015-02-13 00:00:00,2015-02-26 00:00:00,2
113003,113003.SH,重工转债,2014-10-28 00:00:00,2014-11-28 00:00:00,100.493,2014-12-01 00:00:00,2014-12-04 00:00:00,2
113005,113005.SH,平安转债,2014-12-23 00:00:00,2015-01-09 00:00:00,100.14,2015-01-12 00:00:00,2015-01-15 00:00:00,2
113006,113006.SH,深燃转债,2015-04-02 00:00:00,2015-04-30 00:00:00,105.0,2015-05-04 00:00:00,2015-05-08 00:00:00,2
113007,113007.SH,吉视转债,2015-05-30 00:00:00,2015-07-07 00:00:00,100.42,2015-07-08 00:00:00,2015-07-15 00:00:00,2
113008,113008.SH,电气转债,2021-01-27 00:00:00,2021-02-01 00:00:00,106.6,2021-02-02 00:00:00,2021-02-02 00:00:00,2
113009,113009.SH,广汽转债,2021-12-14 00:00:00,2022-01-21 00:00:00,106.0,2022-01-24 00:00:00,2022-01-24 00:00:00,2
113010,113010.SH,江南转债,2019-01-25 00:00:00,2019-02-13 00:00:00,100.912,2019-02-14 00:00:00,2019-02-20 00:00:00,2
113011,113011.SH,光大转债,2023-02-11 00:00:00,2023-03-16 00:00:00,105.0,2023-03-17 00:00:00,2023-03-17 00:00:00,2
113012,113012.SH,骆驼转债,2021-08-11 00:00:00,2021-09-02 00:00:00,100.67,2021-09-03 00:00:00,2021-09-03 00:00:00,2
113013,113013.SH,国君转债,2023-05-31 00:00:00,2023-07-06 00:00:00,105.0,2023-07-07 00:00:00,2023-07-07 00:00:00,2
113014,113014.SH,林洋转债,2021-09-03 00:00:00,2021-09-28 00:00:00,101.385,2021-09-29 00:00:00,2021-09-29 00:00:00,2
113015,113015.SH,隆基转债,2019-08-23 00:00:00,2019-09-03 00:00:00,100.42,2019-09-04 00:00:00,2019-09-04 00:00:00,2
113016,113016.SH,小康转债,2023-05-23 00:00:00,2023-06-21 00:00:00,101.271,2023-06-26 00:00:00,2023-06-26 00:00:00,2
113017,113017.SH,吉视转债,2023-11-18 00:00:00,2023-12-26 00:00:00,106.0,2023-12-27 00:00:00,2023-12-27 00:00:00,2
113018,113018.SH,常熟转债,2019-04-17 00:00:00,2019-05-16 00:00:00,100.16,2019-05-17 00:00:00,2019-05-23 00:00:00,2
113019,113019.SH,玲珑转债,2020-08-14 00:00:00,2020-09-03 00:00:00,100.51,2020-09-04 00:00:00,2020-09-04 00:00:00,2
113020,113020.SH,桐昆转债,2020-11-19 00:00:00,2020-11-26 00:00:00,100.022,2020-11-27 00:00:00,2020-11-27 00:00:00,2
113021,113021.SH,中信转债,2025-01-16 00:00:00,2025-03-03 00:00:00,111.0,2025-03-04 00:00:00,2025-03-04 00:00:00,2
113022,113022.SH,浙商转债,2020-08-11 00:00:00,2020-08-25 00:00:00,100.227,2020-08-26 00:00:00,2020-08-26 00:00:00,2
113024,113024.SH,核建转债,2025-03-01 00:00:00,2025-04-07 00:00:00,105.0,2025-04-08 00:00:00,2025-04-08 00:00:00,2
113025,113025.SH,明泰转债,2023-10-13 00:00:00,2023-10-23 00:00:00,101.08,2023-10-24 00:00:00,2023-10-24 00:00:00,2
113026,113026.SH,核能转债,2022-01-18 00:00:00,2022-03-08 00:00:00,100.899,2022-03-09 00:00:00,2022-03-09 00:00:00,2
113027,113027.SH,华钰转债,2024-05-22 00:00:00,2024-06-12 00:00:00,101.8,2024-06-13 00:00:00,2024-06-13 00:00:00,2
113028,113028.SH,环境转债,2020-08-19 00:00:00,2020-09-17 00:00:00,100.126,2020-09-18 00:00:00,2020-09-18 00:00:00,2
113029,113029.SH,明阳转债,2021-03-05 00:00:00,2021-03-18 00:00:00,100.153,2021-03-19 00:00:00,2021-03-19 00:00:00,2
113030,113030.SH,东风转债,2025-11-19 00:00:00,2025-12-23 00:00:00,112.0,2025-12-24 00:00:00,2025-12-24 00:00:00,2
113031,113031.SH,博威转债,2020-08-14 00:00:00,2020-08-28 00:00:00,100.19,2020-08-31 00:00:00,2020-08-31 00:00:00,2
113032,113032.SH,桐20转债,2020-12-04 00:00:00,2021-01-13 00:00:00,100.262,2021-01-14 00:00:00,2021-01-14 00:00:00,2
113033,113033.SH,利群转债,2026-02-25 00:00:00,2026-03-31 00:00:00,110.0,2026-04-01 00:00:00,2026-04-01 00:00:00,2
113034,113034.SH,滨化转债,2021-12-22 00:00:00,2022-01-10 00:00:00,100.378,2022-01-11 00:00:00,2022-01-11 00:00:00,2
113035,113035.SH,福莱转债,2021-01-04 00:00:00,2021-01-29 00:00:00,100.274,2021-02-01 00:00:00,2021-02-01 00:00:00,2
113036,113036.SH,宁建转债,2022-03-11 00:00:00,2022-04-11 00:00:00,100.46,2022-04-12 00:00:00,2022-04-12 00:00:00,2
113037,113037.SH,紫银转债,2026-07-07 00:00:00,2026-07-22 00:00:00,110.0,2026-07-23 00:00:00,2026-07-23 00:00:00,2
113038,113038.SH,隆20转债,2021-03-12 00:00:00,2021-03-30 00:00:00,100.2,2021-03-31 00:00:00,2021-03-31 00:00:00,2
113039,113039.SH,嘉泽转债,2026-07-21 00:00:00,2026-08-21 00:00:00,108.0,2026-08-24 00:00:00,2026-08-24 00:00:00,2
113040,113040.SH,星宇转债,2021-07-09 00:00:00,2021-08-02 00:00:00,100.156,2021-08-03 00:00:00,2021-08-03 00:00:00,2
113041,113041.SH,紫金转债,2021-05-29 00:00:00,2021-06-25 00:00:00,100.129,2021-06-28 00:00:00,2021-06-28 00:00:00,2
113044,113044.SH,大秦转债,2024-12-25 00:00:00,2025-02-10 00:00:00,100.4203,2025-02-11 00:00:00,2025-02-11 00:00:00,2
113045,113045.SH,环旭转债,2026-01-08 00:00:00,2026-01-28 00:00:00,101.6323,2026-01-29 00:00:00,2026-01-29 00:00:00,2
113046,113046.SH,金田转债,2026-09-23 00:00:00,,,,,2
113047,113047.SH,旗滨转债,2025-11-06 00:00:00,2025-12-02 00:00:00,101.1737,2025-12-03 00:00:00,2025-12-03 00:00:00,2
113048,113048.SH,晶科转债,2026-05-07 00:00:00,,,,,
113050,113050.SH,南银转债,2025-06-10 00:00:00,2025-07-17 00:00:00,100.1537,2025-07-18 00:00:00,2025-07-18 00:00:00,2
113051,113051.SH,节能转债,2026-05-20 00:00:00,,,,,
113055,113055.SH,成银转债,2024-12-18 00:00:00,2025-02-05 00:00:00,100.652,2025-02-06 00:00:00,2025-02-06 00:00:00,2
113057,113057.SH,中银转债,2023-11-25 00:00:00,2023-12-18 00:00:00,100.296,2023-12-19 00:00:00,2023-12-19 00:00:00,2
113058,113058.SH,友发转债,2026-02-25 00:00:00,,,,,
113060,113060.SH,浙22转债,2024-11-06 00:00:00,2024-11-27 00:00:00,100.275,2024-11-28 00:00:00,2024-11-28 00:00:00,2
113061,113061.SH,拓普转债,2025-02-20 00:00:00,2025-03-13 00:00:00,100.3995,2025-03-14 00:00:00,2025-03-14 00:00:00,2
113063,113063.SH,赛轮转债,2024-01-25 00:00:00,2024-02-22 00:00:00,100.155,2024-02-23 00:00:00,2024-02-23 00:00:00,2
113064,113064.SH,东材转债,2025-08-08 00:00:00,2025-09-05 00:00:00,100.8055,2025-09-08 00:00:00,2025-09-08 00:00:00,2
113065,113065.SH,齐鲁转债,2025-07-05 00:00:00,2025-08-13 00:00:00,100.7068,2025-08-14 00:00:00,2025-08-14 00:00:00,2
113066,113066.SH,平煤转债,2024-06-29 00:00:00,,,,,
113068,113068.SH,金铜转债,2025-08-02 00:00:00,2025-08-25 00:00:00,100.0477,2025-08-26 00:00:00,2025-08-26 00:00:00,2
113069,113069.SH,博23转债,2025-12-20 00:00:00,2026-01-21 00:00:00,100.0679,2026-01-22 00:00:00,2026-01-22 00:00:00,2
113501,113501.SH,洛钼转债,2015-06-25 00:00:00,2015-07-09 00:00:00,103.0,2015-07-10 00:00:00,2015-07-16 00:00:00,2
113502,113502.SH,嘉澳转债,2022-09-01 00:00:00,2022-09-22 00:00:00,101.563,2022-09-23 00:00:00,2022-09-23 00:00:00,2
113503,113503.SH,泰晶转债,2020-05-13 00:00:00,2020-05-26 00:00:00,100.45,2020-05-27 00:00:00,2020-05-27 00:00:00,2
113504,113504.SH,艾华转债,2024-01-20 00:00:00,2024-03-01 00:00:00,106.0,2024-03-04 00:00:00,2024-03-04 00:00:00,2
113505,113505.SH,杭电转债,2024-01-19 00:00:00,2024-03-05 00:00:00,108.0,2024-03-06 00:00:00,2024-03-06 00:00:00,2
113506,113506.SH,鼎信转债,2019-04-11 00:00:00,2019-04-26 00:00:00,100.014,2019-04-29 00:00:00,2019-05-08 00:00:00,2
113507,113507.SH,天马转债,2019-11-01 00:00:00,2019-11-18 00:00:00,100.353,2019-11-19 00:00:00,2019-11-19 00:00:00,2
113508,113508.SH,新凤转债,2021-07-27 00:00:00,2021-08-31 00:00:00,100.526,2021-09-01 00:00:00,2021-09-01 00:00:00,2
113509,113509.SH,新泉转债,2021-08-03 00:00:00,2021-08-17 00:00:00,100.308,2021-08-18 00:00:00,2021-08-18 00:00:00,2
113510,113510.SH,再升转债,2020-03-10 00:00:00,2020-03-24 00:00:00,100.459,2020-03-25 00:00:00,2020-03-25 00:00:00,2
113511,113511.SH,千禾转债,2020-04-09 00:00:00,2020-05-28 00:00:00,100.471,2020-05-29 00:00:00,2020-05-29 00:00:00,2
113512,113512.SH,景旺转债,2019-04-10 00:00:00,2019-04-23 00:00:00,100.32,2019-04-24 00:00:00,2019-04-30 00:00:00,2
113513,113513.SH,安井转债,2019-06-20 00:00:00,2019-07-04 00:00:00,100.29,2019-07-05 00:00:00,2019-07-05 00:00:00,2
113514,113514.SH,威帝转债,2020-08-14 00:00:00,2020-08-28 00:00:00,100.109,2020-08-31 00:00:00,2020-08-31 00:00:00,2
113515,113515.SH,高能转债,2020-05-20 00:00:00,2020-06-17 00:00:00,100.538,2020-06-18 00:00:00,2020-06-18 00:00:00,2
113516,113516.SH,苏农转债,2024-06-27 00:00:00,2024-08-01 00:00:00,110.0,2024-08-02 00:00:00,2024-08-02 00:00:00,2
113517,113517.SH,曙光转债,2020-03-13 00:00:00,2020-03-30 00:00:00,100.39,2020-03-31 00:00:00,2020-03-31 00:00:00,2
113518,113518.SH,顾家转债,2020-08-18 00:00:00,2020-08-27 00:00:00,100.58,2020-08-28 00:00:00,2020-08-28 00:00:00,2
113519,113519.SH,长久转债,2024-09-25 00:00:00,2024-11-06 00:00:00,115.0,2024-11-07 00:00:00,2024-11-07 00:00:00,2
113520,113520.SH,百合转债,2020-12-25 00:00:00,2021-01-06 00:00:00,100.16,2021-01-07 00:00:00,2021-01-07 00:00:00,2
113521,113521.SH,科森转债,2020-11-18 00:00:00,2020-11-26 00:00:00,100.031,2020-11-27 00:00:00,2020-11-27 00:00:00,2
113522,113522.SH,旭升转债,2020-02-18 00:00:00,2020-02-27 00:00:00,100.159,2020-02-28 00:00:00,2020-02-28 00:00:00,2
113523,113523.SH,伟明转债,2020-01-16 00:00:00,2020-02-05 00:00:00,100.094,2020-02-06 00:00:00,2020-02-06 00:00:00,2
113524,113524.SH,奇精转债,2024-11-09 00:00:00,2024-12-13 00:00:00,113.0,2024-12-16 00:00:00,2024-12-16 00:00:00,2
113525,113525.SH,台华转债,2022-12-27 00:00:00,2023-01-05 00:00:00,100.099,2023-01-06 00:00:00,2023-01-06 00:00:00,2
113526,113526.SH,联泰转债,2024-12-17 00:00:00,2025-01-22 00:00:00,106.0,2025-01-23 00:00:00,2025-01-23 00:00:00,2
113527,113527.SH,维格转债,2024-12-18 00:00:00,2025-01-23 00:00:00,115.0,2025-01-24 00:00:00,2025-01-24 00:00:00,2
113528,113528.SH,长城转债,2021-12-11 00:00:00,2021-12-23 00:00:00,100.98,2021-12-24 00:00:00,2021-12-24 00:00:00,2
113529,113529.SH,绝味转债,2019-11-07 00:00:00,2019-11-21 00:00:00,100.281,2019-11-22 00:00:00,2019-11-22 00:00:00,2
113530,113530.SH,大丰转债,2025-02-25 00:00:00,2025-03-26 00:00:00,116.0,2025-03-27 00:00:00,2025-03-27 00:00:00,2
113531,113531.SH,百姓转债,2020-04-30 00:00:00,2020-05-20 00:00:00,100.058,2020-05-21 00:00:00,2020-05-21 00:00:00,2
113532,113532.SH,海环转债,2025-02-24 00:00:00,2025-04-01 00:00:00,108.0,2025-04-02 00:00:00,2025-04-02 00:00:00,2
113533,113533.SH,参林转债,2020-01-10 00:00:00,2020-01-16 00:00:00,100.238,2020-01-17 00:00:00,2020-01-17 00:00:00,2
113534,113534.SH,鼎胜转债,2025-02-28 00:00:00,2025-04-08 00:00:00,110.0,2025-04-09 00:00:00,2025-04-09 00:00:00,2
113535,113535.SH,大业转债,2023-12-06 00:00:00,2024-01-15 00:00:00,101.381,2024-01-16 00:00:00,2024-01-16 00:00:00,2
113536,113536.SH,三星转债,2021-12-14 00:00:00,2021-12-30 00:00:00,100.586,2021-12-31 00:00:00,2021-12-31 00:00:00,2
113537,113537.SH,文灿转债,2024-11-26 00:00:00,2024-12-17 00:00:00,101.83,2024-12-18 00:00:00,2024-12-18 00:00:00,2
113538,113538.SH,安图转债,2020-02-11 00:00:00,2020-02-18 00:00:00,100.194,2020-02-19 00:00:00,2020-02-19 00:00:00,2
113539,113539.SH,圣达转债,2020-03-02 00:00:00,2020-03-10 00:00:00,100.413,2020-03-11 00:00:00,2020-03-11 00:00:00,2
113540,113540.SH,南威转债,2020-03-16 00:00:00,2020-03-24 00:00:00,100.347,2020-03-25 00:00:00,2020-03-25 00:00:00,2
113541,113541.SH,荣晟转债,2022-05-24 00:00:00,2022-06-27 00:00:00,100.932,2022-06-28 00:00:00,2022-06-28 00:00:00,2
113542,113542.SH,好客转债,2025-06-28 00:00:00,2025-07-31 00:00:00,110.0,2025-08-01 00:00:00,2025-08-01 00:00:00,2
113543,113543.SH,欧派转债,2021-07-01 00:00:00,2021-07-09 00:00:00,100.543,2021-07-12 00:00:00,2021-07-12 00:00:00,2
113544,113544.SH,桃李转债,2020-09-05 00:00:00,2020-09-17 00:00:00,100.399,2020-09-18 00:00:00,2020-09-18 00:00:00,2
113545,113545.SH,金能转债,2025-09-05 00:00:00,2025-10-13 00:00:00,110.0,2025-10-14 00:00:00,2025-10-14 00:00:00,2
113546,113546.SH,迪贝转债,2025-01-08 00:00:00,2025-02-18 00:00:00,100.9781,2025-02-19 00:00:00,2025-02-19 00:00:00,2
113547,113547.SH,索发转债,2020-08-22 00:00:00,2020-09-15 00:00:00,100.45,2020-09-16 00:00:00,2020-09-16 00:00:00,2
113548,113548.SH,石英转债,2022-07-22 00:00:00,2022-08-12 00:00:00,100.957,2022-08-15 00:00:00,2022-08-15 00:00:00,2
113549,113549.SH,白电转债,2025-08-07 00:00:00,2025-08-28 00:00:00,101.5726,2025-08-29 00:00:00,2025-08-29 00:00:00,2
113550,113550.SH,常汽转债,2022-04-01 00:00:00,2022-04-18 00:00:00,100.5,2022-04-19 00:00:00,2022-04-19 00:00:00,2
113551,113551.SH,福特转债,2020-07-01 00:00:00,2020-07-15 00:00:00,100.263,2020-07-16 00:00:00,2020-07-16 00:00:00,2
113552,113552.SH,克来转债,2020-07-24 00:00:00,2020-08-06 00:00:00,100.34,2020-08-07 00:00:00,2020-08-07 00:00:00,2
113553,113553.SH,金牌转债,2020-11-13 00:00:00,2020-12-03 00:00:00,100.39,2020-12-04 00:00:00,2020-12-04 00:00:00,2
113554,113554.SH,仙鹤转债,2020-08-19 00:00:00,2020-09-10 00:00:00,100.22,2020-09-11 00:00:00,2020-09-11 00:00:00,2
113555,113555.SH,振德转债,2020-11-18 00:00:00,2020-12-03 00:00:00,100.479,2020-12-04 00:00:00,2020-12-04 00:00:00,2
113556,113556.SH,至纯转债,2021-01-05 00:00:00,2021-01-25 00:00:00,100.061,2021-01-26 00:00:00,2021-01-26 00:00:00,2
113557,113557.SH,森特转债,2021-03-31 00:00:00,2021-04-29 00:00:00,100.289,2021-04-30 00:00:00,2021-04-30 00:00:00,2
113558,113558.SH,日月转债,2020-07-31 00:00:00,2020-08-18 00:00:00,100.262,2020-08-19 00:00:00,2020-08-19 00:00:00,2
113559,113559.SH,永创转债,2021-06-16 00:00:00,2021-06-25 00:00:00,100.405,2021-06-28 00:00:00,2021-06-28 00:00:00,2
113561,113561.SH,正裕转债,2025-05-27 00:00:00,2025-06-18 00:00:00,101.1644,2025-06-19 00:00:00,2025-06-19 00:00:00,2
113562,113562.SH,璞泰转债,2020-12-14 00:00:00,2020-12-18 00:00:00,100.288,2020-12-21 00:00:00,2020-12-21 00:00:00,2
113563,113563.SH,柳药转债,2025-12-09 00:00:00,2026-01-15 00:00:00,108.0,2026-01-16 00:00:00,2026-01-16 00:00:00,2
113564,113564.SH,天目转债,2021-04-06 00:00:00,2021-05-18 00:00:00,100.153,2021-05-19 00:00:00,2021-05-19 00:00:00,2
113565,113565.SH,宏辉转债,2025-08-28 00:00:00,2025-09-18 00:00:00,101.6849,2025-09-19 00:00:00,2025-09-19 00:00:00,2
113566,113566.SH,翔港转债,2024-03-21 00:00:00,2024-04-12 00:00:00,105.283,2024-04-15 00:00:00,2024-04-15 00:00:00,2
113567,113567.SH,君禾转债,2023-02-22 00:00:00,2023-03-14 00:00:00,100.048,2023-03-15 00:00:00,2023-03-15 00:00:00,2
113568,113568.SH,新春转债,2022-05-31 00:00:00,2022-06-10 00:00:00,100.323,2022-06-13 00:00:00,2022-06-13 00:00:00,2
113569,113569.SH,科达转债,2025-09-18 00:00:00,2025-10-20 00:00:00,101.8575,2025-10-21 00:00:00,2025-10-21 00:00:00,2
113570,113570.SH,百达转债,2023-03-02 00:00:00,2023-03-23 00:00:00,100.053,2023-03-24 00:00:00,2023-03-24 00:00:00,2
113571,113571.SH,博特转债,2020-10-26 00:00:00,2020-11-17 00:00:00,100.34,2020-11-18 00:00:00,2020-11-18 00:00:00,2
113572,113572.SH,三祥转债,2021-08-30 00:00:00,2021-09-23 00:00:00,100.268,2021-09-24 00:00:00,2021-09-24 00:00:00,2
113573,113573.SH,纵横转债,2024-11-09 00:00:00,2024-12-04 00:00:00,101.589,2024-12-05 00:00:00,2024-12-05 00:00:00,2
113574,113574.SH,华体转债,2026-02-27 00:00:00,2026-03-30 00:00:00,110.0,2026-03-31 00:00:00,2026-03-31 00:00:00,2
113575,113575.SH,东时转债,2026-03-06 00:00:00,2026-04-08 00:00:00,108.0,,,2
113576,113576.SH,起步转债,2024-12-26 00:00:00,2025-01-16 00:00:00,101.9315,2025-01-17 00:00:00,2025-01-17 00:00:00,2
113577,113577.SH,春秋转债,2025-09-24 00:00:00,2025-11-06 00:00:00,101.701,2025-11-07 00:00:00,2025-11-07 00:00:00,2
113579,113579.SH,健友转债,2026-03-18 00:00:00,2026-04-22 00:00:00,109.0,2026-04-23 00:00:00,2026-04-23 00:00:00,2
113580,113580.SH,康隆转债,2021-11-09 00:00:00,2021-11-18 00:00:00,100.46,2021-11-19 00:00:00,2021-11-19 00:00:00,2
113581,113581.SH,龙蟠转债,2020-11-19 00:00:00,2020-12-10 00:00:00,100.32,2020-12-11 00:00:00,2020-12-11 00:00:00,2
113582,113582.SH,火炬转债,2025-03-25 00:00:00,2025-04-22 00:00:00,101.6323,2025-04-23 00:00:00,2025-04-23 00:00:00,2
113583,113583.SH,益丰转债,2021-02-09 00:00:00,2021-03-04 00:00:00,100.304,2021-03-05 00:00:00,2021-03-05 00:00:00,2
113584,113584.SH,家悦转债,2026-04-24 00:00:00,2026-06-04 00:00:00,110.0,2026-06-05 00:00:00,2026-06-05 00:00:00,2
113585,113585.SH,寿仙转债,2023-05-16 00:00:00,2023-06-05 00:00:00,100.992,2023-06-06 00:00:00,2023-06-06 00:00:00,2
113586,113586.SH,上机转债,2021-01-13 00:00:00,2021-01-19 00:00:00,100.308,2021-01-20 00:00:00,2021-01-20 00:00:00,2
113587,113587.SH,泛微转债,2021-01-12 00:00:00,2021-02-22 00:00:00,100.345,2021-02-23 00:00:00,2021-02-23 00:00:00,2
113588,113588.SH,润达转债,2026-05-13 00:00:00,2026-06-16 00:00:00,109.0,2026-06-17 00:00:00,2026-06-17 00:00:00,2
113589,113589.SH,天创转债,2026-06-09 00:00:00,,,,2026-06-24 00:00:00,
113590,113590.SH,海容转债,2021-01-25 00:00:00,2021-03-05 00:00:00,100.276,2021-03-08 00:00:00,2021-03-08 00:00:00,2
113591,113591.SH,胜达转债,2023-12-15 00:00:00,2023-12-26 00:00:00,100.736,2023-12-27 00:00:00,2023-12-27 00:00:00,2
113592,113592.SH,安20转债,2021-02-10 00:00:00,2021-03-05 00:00:00,100.2,2021-03-08 00:00:00,2021-03-08 00:00:00,2
113593,113593.SH,沪工转债,2025-12-10 00:00:00,2026-01-21 00:00:00,101.4268,2026-01-22 00:00:00,2026-01-22 00:00:00,2
113594,113594.SH,淳中转债,2024-03-20 00:00:00,2024-04-11 00:00:00,101.312,2024-04-12 00:00:00,2024-04-12 00:00:00,2
113595,113595.SH,花王转债,2024-01-27 00:00:00,2024-02-26 00:00:00,100.908,2024-02-27 00:00:00,2024-02-27 00:00:00,2
113596,113596.SH,城地转债,2024-11-08 00:00:00,2024-12-17 00:00:00,100.784,2024-12-18 00:00:00,2024-12-18 00:00:00,2
113597,113597.SH,佳力转债,2026-06-30 00:00:00,2026-07-29 00:00:00,118.0,2026-07-30 00:00:00,2026-07-30 00:00:00,2
113598,113598.SH,法兰转债,2025-05-28 00:00:00,2025-06-19 00:00:00,102.2192,2025-06-20 00:00:00,2025-06-20 00:00:00,2
113599,113599.SH,嘉友转债,2022-07-08 00:00:00,2022-07-25 00:00:00,100.584,2022-07-26 00:00:00,2022-07-26 00:00:00,2
113600,113600.SH,新星转债,2024-10-29 00:00:00,2024-11-20 00:00:00,100.685,2024-11-21 00:00:00,2024-11-21 00:00:00,2
113601,113601.SH,塞力转债,2026-03-13 00:00:00,2026-04-09 00:00:00,101.9068,2026-04-10 00:00:00,2026-04-10 00:00:00,2
113602,113602.SH,景20转债,2024-07-25 00:00:00,2024-08-12 00:00:00,101.459,2024-08-13 00:00:00,2024-08-13 00:00:00,2
113603,113603.SH,东缆转债,2021-10-29 00:00:00,2021-11-29 00:00:00,100.092,2021-11-30 00:00:00,2021-11-30 00:00:00,2
113604,113604.SH,多伦转债,2023-12-14 00:00:00,2023-12-25 00:00:00,100.304,2023-12-26 00:00:00,2023-12-26 00:00:00,2
113605,113605.SH,大参转债,2026-09-16 00:00:00,2026-10-21 00:00:00,110.0,2026-10-22 00:00:00,2026-10-22 00:00:00,2
113606,113606.SH,荣泰转债,2025-08-19 00:00:00,2025-09-11 00:00:00,102.1713,2025-09-12 00:00:00,2025-09-12 00:00:00,2
113607,113607.SH,伟20转债,2021-12-07 00:00:00,2021-12-28 00:00:00,100.078,2021-12-29 00:00:00,2021-12-29 00:00:00,2
113608,113608.SH,威派转债,2025-03-07 00:00:00,2025-03-28 00:00:00,100.9337,2025-03-31 00:00:00,2025-03-31 00:00:00,2
113609,113609.SH,永安转债,2025-07-15 00:00:00,2025-08-11 00:00:00,101.4301,2025-08-12 00:00:00,2025-08-12 00:00:00,2
113611,113611.SH,福20转债,2021-07-02 00:00:00,2021-07-28 00:00:00,100.164,2021-07-29 00:00:00,2021-07-29 00:00:00,2
113612,113612.SH,永冠转债,2021-08-17 00:00:00,2021-09-09 00:00:00,100.378,2021-09-10 00:00:00,2021-09-10 00:00:00,2
113614,113614.SH,健20转债,2021-11-23 00:00:00,2021-12-14 00:00:00,100.298,2021-12-15 00:00:00,2021-12-15 00:00:00,2
113615,113615.SH,金诚转债,2025-10-31 00:00:00,,,,,
113616,113616.SH,韦尔转债,2021-07-24 00:00:00,,,,,
113618,113618.SH,美诺转债,2026-04-14 00:00:00,2026-05-07 00:00:00,100.6247,2026-05-08 00:00:00,2026-05-08 00:00:00,2
113619,113619.SH,世运转债,2024-10-29 00:00:00,2024-12-02 00:00:00,101.3027,2024-12-03 00:00:00,2024-12-03 00:00:00,2
113620,113620.SH,傲农转债,2022-07-22 00:00:00,2022-08-31 00:00:00,100.24,2022-09-01 00:00:00,2022-09-01 00:00:00,2
113621,113621.SH,彤程转债,2025-11-03 00:00:00,2025-11-13 00:00:00,101.44,2025-11-14 00:00:00,2025-11-14 00:00:00,2
113622,113622.SH,杭叉转债,2023-03-02 00:00:00,2023-03-23 00:00:00,100.399,2023-03-24 00:00:00,2023-03-24 00:00:00,2
113623,113623.SH,凤21转债,2026-02-07 00:00:00,2026-03-10 00:00:00,101.6619,2026-03-11 00:00:00,2026-03-11 00:00:00,2
113624,113624.SH,正川转债,2026-07-10 00:00:00,2026-07-30 00:00:00,100.7726,2026-07-31 00:00:00,2026-07-31 00:00:00,2
113626,113626.SH,伯特转债,2023-10-10 00:00:00,2023-10-30 00:00:00,100.34,2023-10-31 00:00:00,2023-10-31 00:00:00,2
113628,113628.SH,晨丰转债,2025-10-14 00:00:00,2025-11-20 00:00:00,100.6164,2025-11-21 00:00:00,2025-11-21 00:00:00,2
113629,113629.SH,泉峰转债,2025-07-09 00:00:00,2025-07-29 00:00:00,101.311,2025-07-30 00:00:00,2025-07-30 00:00:00,2
113630,113630.SH,赛伍转债,2022-06-25 00:00:00,2022-07-29 00:00:00,100.305,2022-08-01 00:00:00,2022-08-01 00:00:00,2
113632,113632.SH,鹤21转债,2026-06-25 00:00:00,2026-07-24 00:00:00,101.2427,2026-07-27 00:00:00,2026-07-27 00:00:00,2
113634,113634.SH,珀莱转债,2023-03-09 00:00:00,,,,,
113635,113635.SH,升21转债,2022-09-01 00:00:00,2022-09-28 00:00:00,100.24,2022-09-29 00:00:00,2022-09-29 00:00:00,2
113637,113637.SH,华翔转债,2025-04-26 00:00:00,2025-06-11 00:00:00,100.7068,2025-06-12 00:00:00,2025-06-12 00:00:00,2
113639,113639.SH,华正转债,2026-01-24 00:00:00,2026-02-13 00:00:00,100.1529,2026-02-24 00:00:00,2026-02-24 00:00:00,2
113641,113641.SH,华友转债,2025-08-30 00:00:00,2025-09-26 00:00:00,100.8918,2025-09-29 00:00:00,2025-09-29 00:00:00,2
113642,113642.SH,上22转债,2022-09-29 00:00:00,2022-11-15 00:00:00,100.214,2022-11-16 00:00:00,2022-11-16 00:00:00,2
113644,113644.SH,艾迪转债,2026-05-28 00:00:00,2026-07-08 00:00:00,100.4658,2026-07-09 00:00:00,2026-07-09 00:00:00,2
113646,113646.SH,永吉转债,2026-02-06 00:00:00,,,,,
113647,113647.SH,禾丰转债,2022-12-05 00:00:00,,,,,
113648,113648.SH,巨星转债,2023-12-13 00:00:00,,,,,
113649,113649.SH,丰山转债,2023-02-16 00:00:00,,,,,
113651,113651.SH,松霖转债,2026-02-28 00:00:00,2026-03-20 00:00:00,101.011,2026-03-23 00:00:00,2026-03-23 00:00:00,2
113653,113653.SH,永22转债,2026-03-13 00:00:00,2026-04-21 00:00:00,101.1014,2026-04-22 00:00:00,2026-04-22 00:00:00,2
113654,113654.SH,永02转债,2026-04-15 00:00:00,2026-05-12 00:00:00,101.1589,2026-05-13 00:00:00,2026-05-13 00:00:00,2
113657,113657.SH,再22转债,2025-12-27 00:00:00,2026-01-20 00:00:00,100.4685,2026-01-21 00:00:00,2026-01-21 00:00:00,2
113658,113658.SH,密卫转债,2026-07-16 00:00:00,2026-08-11 00:00:00,101.3562,2026-08-12 00:00:00,2026-08-12 00:00:00,2
113662,113662.SH,豪能转债,2024-11-21 00:00:00,2024-12-11 00:00:00,100.037,2024-12-12 00:00:00,2024-12-12 00:00:00,2
113663,113663.SH,新化转债,2025-12-05 00:00:00,2025-12-25 00:00:00,100.1151,2025-12-26 00:00:00,2025-12-26 00:00:00,2
113664,113664.SH,大元转债,2025-08-23 00:00:00,2025-09-16 00:00:00,100.7836,2025-09-17 00:00:00,2025-09-17 00:00:00,2
113667,113667.SH,春23转债,2026-08-08 00:00:00,2026-08-28 00:00:00,100.686,2026-08-31 00:00:00,2026-08-31 00:00:00,2
113668,113668.SH,鹿山转债,2025-09-19 00:00:00,2025-10-17 00:00:00,100.6805,2025-10-20 00:00:00,2025-10-20 00:00:00,2
113669,113669.SH,景23转债,2025-09-10 00:00:00,2025-09-30 00:00:00,100.515,2025-10-09 00:00:00,2025-10-09 00:00:00,2
113672,113672.SH,福蓉转债,2025-12-20 00:00:00,2026-01-28 00:00:00,100.5342,2026-01-29 00:00:00,2026-01-29 00:00:00,2
113673,113673.SH,岱美转债,2026-09-18 00:00:00,,,,,
113675,113675.SH,新23转债,2025-09-30 00:00:00,2025-10-29 00:00:00,100.2192,2025-10-30 00:00:00,2025-10-30 00:00:00,2
113676,113676.SH,荣23转债,2026-02-07 00:00:00,2026-03-24 00:00:00,100.48,2026-03-25 00:00:00,2026-03-25 00:00:00,2
113677,113677.SH,华懋转债,2026-07-18 00:00:00,,,,,
113678,113678.SH,中贝转债,2026-04-28 00:00:00,,,,,
113683,113683.SH,伟24转债,2025-11-27 00:00:00,2025-12-17 00:00:00,100.2904,2025-12-18 00:00:00,2025-12-18 00:00:00,2
113684,113684.SH,湘泵转债,2025-03-17 00:00:00,2025-04-08 00:00:00,100.0088,2025-04-09 00:00:00,2025-04-09 00:00:00,2
113685,113685.SH,升24转债,2025-10-16 00:00:00,2025-11-13 00:00:00,100.1677,2025-11-14 00:00:00,2025-11-14 00:00:00,2
113686,113686.SH,泰瑞转债,2026-05-27 00:00:00,,,,,
113687,113687.SH,振华转债,2026-04-02 00:00:00,2026-04-23 00:00:00,100.3134,2026-04-24 00:00:00,2026-04-24 00:00:00,2
113689,113689.SH,洛凯转债,2025-10-11 00:00:00,2025-11-20 00:00:00,100.0384,2025-11-21 00:00:00,2025-11-21 00:00:00,2
113690,113690.SH,豪24转债,2025-09-13 00:00:00,2025-10-10 00:00:00,100.1945,2025-10-13 00:00:00,2025-10-13 00:00:00,2
113691,113691.SH,和邦转债,2026-03-11 00:00:00,,,,,
113695,113695.SH,华辰转债,2026-02-05 00:00:00,,,,,
113697,113697.SH,应流转债,2026-08-06 00:00:00,2026-08-27 00:00:00,100.094,2026-08-28 00:00:00,2026-08-28 00:00:00,2
118000,118000.SH,嘉元转债,2026-02-25 00:00:00,2026-04-01 00:00:00,100.3123,2026-04-02 00:00:00,2026-04-02 00:00:00,2
118001,118001.SH,金博转债,2022-08-18 00:00:00,2022-09-23 00:00:00,100.12,2022-09-26 00:00:00,2022-09-26 00:00:00,2
118002,118002.SH,天合转债,2022-03-17 00:00:00,2022-04-12 00:00:00,100.2,2022-04-13 00:00:00,2022-04-13 00:00:00,2
118003,118003.SH,华兴转债,2026-04-23 00:00:00,2026-05-18 00:00:00,100.8433,2026-05-19 00:00:00,2026-05-19 00:00:00,2
118004,118004.SH,博瑞转债,2026-04-28 00:00:00,2026-05-21 00:00:00,100.9452,2026-05-22 00:00:00,2026-05-22 00:00:00,2
118006,118006.SH,阿拉转债,2026-04-02 00:00:00,2026-04-30 00:00:00,100.3562,2026-05-06 00:00:00,2026-05-06 00:00:00,2
118008,118008.SH,海优转债,2026-02-28 00:00:00,2026-04-03 00:00:00,101.2625,2026-04-07 00:00:00,2026-04-07 00:00:00,2
118009,118009.SH,华锐转债,2026-01-10 00:00:00,2026-02-02 00:00:00,101.1047,2026-02-03 00:00:00,2026-02-03 00:00:00,2
118011,118011.SH,银微转债,2026-07-02 00:00:00,2026-07-24 00:00:00,100.1512,2026-07-27 00:00:00,2026-07-27 00:00:00,2
118012,118012.SH,微芯转债,2025-08-01 00:00:00,,,,,
118013,118013.SH,道通转债,2026-01-24 00:00:00,,,,,
118014,118014.SH,高测转债,2025-08-16 00:00:00,2025-09-08 00:00:00,100.1742,2025-09-09 00:00:00,2025-09-09 00:00:00,2
118016,118016.SH,京源转债,2026-05-30 00:00:00,,,,,
118017,118017.SH,深科转债,2023-12-16 00:00:00,2024-01-09 00:00:00,100.212,2024-01-10 00:00:00,2024-01-10 00:00:00,2
118018,118018.SH,瑞科转债,2026-05-28 00:00:00,2026-07-03 00:00:00,101.3233,2026-07-06 00:00:00,2026-07-06 00:00:00,2
118019,118019.SH,金盘转债,2024-05-20 00:00:00,2024-05-27 00:00:00,100.35,2024-05-28 00:00:00,2024-05-28 00:00:00,2
118021,118021.SH,新致转债,2026-02-06 00:00:00,2026-03-24 00:00:00,100.8827,2026-03-25 00:00:00,2026-03-25 00:00:00,2
118023,118023.SH,广大转债,2025-07-15 00:00:00,2025-08-22 00:00:00,100.8658,2025-08-25 00:00:00,2025-08-25 00:00:00,2
118025,118025.SH,奕瑞转债,2026-06-09 00:00:00,2026-07-03 00:00:00,101.0479,2026-07-06 00:00:00,2026-07-06 00:00:00,2
118026,118026.SH,利元转债,2024-12-04 00:00:00,2024-12-30 00:00:00,100.11,2024-12-31 00:00:00,2024-12-31 00:00:00,2
118028,118028.SH,会通转债,2025-07-04 00:00:00,2025-07-24 00:00:00,100.633,2025-07-25 00:00:00,2025-07-25 00:00:00,2
118029,118029.SH,富淼转债,2026-01-16 00:00:00,2026-02-05 00:00:00,100.2178,2026-02-06 00:00:00,2026-02-06 00:00:00,2
118030,118030.SH,睿创转债,2026-04-09 00:00:00,,,,,
118033,118033.SH,华特转债,2026-05-15 00:00:00,2026-06-09 00:00:00,100.3329,2026-06-10 00:00:00,2026-06-10 00:00:00,2
118038,118038.SH,金宏转债,2026-03-31 00:00:00,2026-04-28 00:00:00,100.7836,2026-04-29 00:00:00,2026-04-29 00:00:00,2
118039,118039.SH,煜邦转债,2026-02-12 00:00:00,,,,,
118040,118040.SH,宏微转债,2026-07-03 00:00:00,2026-07-23 00:00:00,100.9973,2026-07-24 00:00:00,2026-07-24 00:00:00,2
118041,118041.SH,星球转债,2026-05-20 00:00:00,2026-06-09 00:00:00,100.8603,2026-06-10 00:00:00,2026-06-10 00:00:00,2
118043,118043.SH,福立转债,2026-01-20 00:00:00,2026-02-10 00:00:00,100.3967,2026-02-11 00:00:00,2026-02-11 00:00:00,2
118044,118044.SH,赛特转债,2026-04-21 00:00:00,,,,,
118045,118045.SH,盟升转债,2026-02-07 00:00:00,2026-03-23 00:00:00,100.3173,2026-03-24 00:00:00,2026-03-24 00:00:00,2
118046,118046.SH,诺泰转债,2025-04-03 00:00:00,2025-04-24 00:00:00,100.1436,2025-04-25 00:00:00,2025-04-25 00:00:00,2
118048,118048.SH,利扬转债,2026-03-10 00:00:00,2026-03-30 00:00:00,100.2981,2026-03-31 00:00:00,2026-03-31 00:00:00,2
118049,118049.SH,汇成转债,2026-03-17 00:00:00,2026-04-27 00:00:00,100.2893,2026-04-28 00:00:00,2026-04-28 00:00:00,2
118050,118050.SH,航宇转债,2026-06-18 00:00:00,,,,,
118051,118051.SH,皓元转债,2026-06-10 00:00:00,,,,,
118053,118053.SH,正帆转债,2026-07-17 00:00:00,2026-08-12 00:00:00,100.1622,2026-08-13 00:00:00,2026-08-13 00:00:00,2
118054,118054.SH,安集转债,2026-03-03 00:00:00,2026-03-26 00:00:00,100.291,2026-03-27 00:00:00,2026-03-27 00:00:00,2
118055,118055.SH,伟测转债,2026-03-13 00:00:00,2026-04-02 00:00:00,100.0984,2026-04-03 00:00:00,2026-04-03 00:00:00,2
118056,118056.SH,路维转债,2026-08-20 00:00:00,,,,,
118057,118057.SH,甬矽转债,2026-05-22 00:00:00,2026-06-15 00:00:00,100.1945,2026-06-16 00:00:00,2026-06-16 00:00:00,2
118058,118058.SH,微导转债,2026-03-13 00:00:00,,,,,
118059,118059.SH,颀中转债,2026-06-18 00:00:00,,,,,
118060,118060.SH,瑞可转债,2026-06-10 00:00:00,,,,,
118061,118061.SH,茂莱转债,2026-07-04 00:00:00,,,,,
118062,118062.SH,天准转债,2026-07-10 00:00:00,,,,,
118064,118064.SH,联瑞转债,2026-08-04 00:00:00,,,,,
123001,123001.SZ,蓝标转债,2019-09-09 00:00:00,2019-10-15 00:00:00,101.24,2019-10-16 00:00:00,2019-10-24 00:00:00,2
123002,123002.SZ,国祯转债,2023-10-17 00:00:00,2023-11-24 00:00:00,106.0,2023-11-27 00:00:00,2023-11-27 00:00:00,2
123003,123003.SZ,蓝思转债,2019-12-27 00:00:00,2020-02-07 00:00:00,100.16,2020-02-10 00:00:00,2020-02-19 00:00:00,2
123004,123004.SZ,铁汉转债,2023-12-11 00:00:00,2023-12-18 00:00:00,106.0,2023-12-19 00:00:00,2023-12-19 00:00:00,2
123005,123005.SZ,万信转债,2018-07-17 00:00:00,2018-08-20 00:00:00,100.2,2018-08-21 00:00:00,2018-08-29 00:00:00,2
123006,123006.SZ,东财转债,2019-04-02 00:00:00,2019-05-10 00:00:00,100.16,2019-05-13 00:00:00,2019-05-21 00:00:00,2
123007,123007.SZ,道氏转债,2021-07-16 00:00:00,2021-08-12 00:00:00,100.94,2021-08-13 00:00:00,2021-08-23 00:00:00,2
123008,123008.SZ,康泰转债,2019-03-22 00:00:00,2019-05-06 00:00:00,100.13,2019-05-07 00:00:00,2019-05-15 00:00:00,2
123009,123009.SZ,星源转债,2020-02-25 00:00:00,2020-03-19 00:00:00,100.03,2020-03-20 00:00:00,2020-03-30 00:00:00,2
123010,123010.SZ,博世转债,2024-05-28 00:00:00,2024-07-05 00:00:00,108.0,2024-07-08 00:00:00,2024-07-08 00:00:00,2
123011,123011.SZ,德尔转债,2024-06-12 00:00:00,2024-07-18 00:00:00,112.0,2024-07-19 00:00:00,2024-07-19 00:00:00,2
123012,123012.SZ,万顺转债,2024-07-15 00:00:00,2024-07-19 00:00:00,106.0,2024-07-22 00:00:00,2024-07-22 00:00:00,2
123013,123013.SZ,横河转债,2024-07-19 00:00:00,2024-07-26 00:00:00,110.0,2024-07-29 00:00:00,2024-07-29 00:00:00,2
123014,123014.SZ,凯发转债,2023-06-13 00:00:00,2023-07-27 00:00:00,106.0,2023-07-28 00:00:00,2023-07-28 00:00:00,2
123016,123016.SZ,洲明转债,2020-02-04 00:00:00,2020-03-11 00:00:00,100.28,2020-03-12 00:00:00,2020-03-20 00:00:00,2
123017,123017.SZ,寒锐转债,2021-01-07 00:00:00,2021-02-23 00:00:00,100.26,2021-02-24 00:00:00,2021-03-04 00:00:00,2
123018,123018.SZ,溢利转债,2024-11-15 00:00:00,2024-12-20 00:00:00,110.0,2024-12-23 00:00:00,2024-12-23 00:00:00,2
123019,123019.SZ,中来转债,2020-03-05 00:00:00,2020-03-25 00:00:00,100.06,2020-03-26 00:00:00,2020-04-03 00:00:00,2
123020,123020.SZ,富祥转债,2020-08-01 00:00:00,2020-09-03 00:00:00,100.41,2020-09-04 00:00:00,2020-09-14 00:00:00,2
123021,123021.SZ,万信转2,2020-03-03 00:00:00,2020-04-13 00:00:00,100.07,2020-04-14 00:00:00,2020-04-22 00:00:00,2
123022,123022.SZ,长信转债,2025-02-11 00:00:00,2025-03-18 00:00:00,110.0,2025-03-19 00:00:00,2025-03-19 00:00:00,2
123023,123023.SZ,迪森转债,2022-08-31 00:00:00,2022-09-22 00:00:00,100.77,2022-09-23 00:00:00,2022-10-10 00:00:00,2
123024,123024.SZ,岱勒转债,2022-03-08 00:00:00,2022-03-21 00:00:00,100.004,2022-03-22 00:00:00,2022-03-30 00:00:00,2
123025,123025.SZ,精测转债,2025-02-20 00:00:00,2025-03-28 00:00:00,112.0,2025-03-31 00:00:00,2025-03-31 00:00:00,2
123026,123026.SZ,中环转债,2020-10-28 00:00:00,2020-12-14 00:00:00,100.41,2020-12-15 00:00:00,2020-12-23 00:00:00,2
123027,123027.SZ,蓝晓转债,2022-09-23 00:00:00,2022-10-21 00:00:00,100.74,2022-10-24 00:00:00,2022-11-01 00:00:00,2
123028,123028.SZ,清水转债,2021-11-10 00:00:00,2021-11-29 00:00:00,100.67,2021-11-30 00:00:00,2021-12-08 00:00:00,2
123029,123029.SZ,英科转债,2025-07-11 00:00:00,2025-08-15 00:00:00,128.0,2025-08-18 00:00:00,2025-08-18 00:00:00,2
123030,123030.SZ,九洲转债,2021-08-26 00:00:00,2021-09-14 00:00:00,100.07,2021-09-15 00:00:00,2021-09-27 00:00:00,2
123031,123031.SZ,晶瑞转债,2025-07-24 00:00:00,2025-08-28 00:00:00,111.0,2025-08-29 00:00:00,2025-08-29 00:00:00,2
123032,123032.SZ,万里转债,2020-11-03 00:00:00,2020-11-30 00:00:00,100.21,2020-12-01 00:00:00,2020-12-09 00:00:00,2
123033,123033.SZ,金力转债,2021-07-30 00:00:00,2021-08-30 00:00:00,100.83,2021-08-31 00:00:00,2021-09-08 00:00:00,2
123034,123034.SZ,通光转债,2025-09-22 00:00:00,2025-11-03 00:00:00,113.0,2025-11-04 00:00:00,2025-11-04 00:00:00,2
123035,123035.SZ,利德转债,2024-12-19 00:00:00,2025-01-09 00:00:00,100.31,2025-01-10 00:00:00,2025-01-20 00:00:00,2
123036,123036.SZ,先导转债,2020-11-04 00:00:00,2020-12-09 00:00:00,100.3,2020-12-10 00:00:00,2020-12-18 00:00:00,2
123037,123037.SZ,新莱转债,2020-08-10 00:00:00,2020-09-10 00:00:00,100.37,2020-09-11 00:00:00,2020-09-21 00:00:00,2
123038,123038.SZ,联得转债,2025-07-16 00:00:00,2025-08-11 00:00:00,101.7,2025-08-12 00:00:00,2025-08-20 00:00:00,2
123039,123039.SZ,开润转债,2025-11-17 00:00:00,2025-12-25 00:00:00,115.0,2025-12-26 00:00:00,2025-12-26 00:00:00,2
123040,123040.SZ,乐普转债,2020-07-30 00:00:00,2020-08-19 00:00:00,100.19,2020-08-20 00:00:00,2020-08-31 00:00:00,2
123041,123041.SZ,东财转2,2020-08-07 00:00:00,2020-08-27 00:00:00,100.12,2020-08-28 00:00:00,2020-09-07 00:00:00,2
123042,123042.SZ,银河转债,2022-01-25 00:00:00,2022-02-24 00:00:00,100.13,2022-02-25 00:00:00,2022-03-07 00:00:00,2
123043,123043.SZ,正元转债,2022-01-17 00:00:00,2022-02-17 00:00:00,100.67,2022-02-18 00:00:00,2022-02-28 00:00:00,2
123044,123044.SZ,红相转债,2024-10-29 00:00:00,2024-12-02 00:00:00,102.19,2024-12-03 00:00:00,2024-12-11 00:00:00,2
123045,123045.SZ,雷迪转债,2022-08-03 00:00:00,2022-08-31 00:00:00,100.56,2022-09-01 00:00:00,2022-09-09 00:00:00,2
123046,123046.SZ,天铁转债,2023-09-06 00:00:00,2023-09-28 00:00:00,100.838,2023-10-09 00:00:00,2023-10-17 00:00:00,2
123047,123047.SZ,久吾转债,2021-09-14 00:00:00,2021-10-20 00:00:00,100.47,2021-10-21 00:00:00,2021-10-29 00:00:00,2
123048,123048.SZ,应急转债,2025-07-22 00:00:00,2025-08-27 00:00:00,100.77,2025-08-28 00:00:00,2025-09-05 00:00:00,2
123049,123049.SZ,维尔转债,2026-03-10 00:00:00,2026-04-10 00:00:00,118.0,2026-04-13 00:00:00,2026-04-13 00:00:00,2
123050,123050.SZ,聚飞转债,2024-11-06 00:00:00,2024-11-28 00:00:00,101.57,2024-11-29 00:00:00,2024-12-09 00:00:00,2
123051,123051.SZ,今天转债,2021-09-16 00:00:00,2021-10-14 00:00:00,100.29,2021-10-15 00:00:00,2021-10-25 00:00:00,2
123052,123052.SZ,飞鹿转债,2025-07-15 00:00:00,2025-08-08 00:00:00,100.55,2025-08-11 00:00:00,2025-08-19 00:00:00,2
123053,123053.SZ,宝通转债,2021-12-14 00:00:00,2021-12-30 00:00:00,100.458,2021-12-31 00:00:00,2022-01-11 00:00:00,2
123054,123054.SZ,思特转债,2026-05-08 00:00:00,2026-05-28 00:00:00,102.9,2026-05-29 00:00:00,2026-06-09 00:00:00,2
123055,123055.SZ,晨光转债,2021-01-14 00:00:00,2021-02-24 00:00:00,100.35,2021-02-25 00:00:00,2021-03-05 00:00:00,2
123056,123056.SZ,雪榕转债,2025-09-04 00:00:00,2025-10-14 00:00:00,100.93,2025-10-15 00:00:00,2025-10-23 00:00:00,2
123057,123057.SZ,美联转债,2023-03-22 00:00:00,2023-04-12 00:00:00,100.784,2023-04-13 00:00:00,2023-04-21 00:00:00,2
123058,123058.SZ,欣旺转债,2021-06-16 00:00:00,2021-07-05 00:00:00,100.39,2021-07-06 00:00:00,2021-07-14 00:00:00,2
123059,123059.SZ,银信转债,2026-06-09 00:00:00,2026-07-14 00:00:00,118.0,2026-07-15 00:00:00,2026-07-15 00:00:00,2
123060,123060.SZ,苏试转债,2022-12-17 00:00:00,2023-01-12 00:00:00,100.48,2023-01-13 00:00:00,2023-01-30 00:00:00,2
123061,123061.SZ,航新转债,2026-06-03 00:00:00,2026-07-07 00:00:00,102.885,2026-07-08 00:00:00,2026-07-16 00:00:00,2
123062,123062.SZ,三超转债,2022-08-24 00:00:00,2022-09-14 00:00:00,100.14,2022-09-15 00:00:00,2022-09-23 00:00:00,2
123063,123063.SZ,大禹转债,2025-07-31 00:00:00,2025-08-20 00:00:00,100.2,2025-08-21 00:00:00,2025-08-29 00:00:00,2
123064,123064.SZ,万孚转债,2026-07-28 00:00:00,2026-08-31 00:00:00,110.0,2026-09-01 00:00:00,2026-09-01 00:00:00,2
123065,123065.SZ,宝莱转债,2026-07-31 00:00:00,2026-09-03 00:00:00,115.0,2026-09-04 00:00:00,2026-09-04 00:00:00,2
123066,123066.SZ,赛意转债,2021-07-27 00:00:00,2021-08-13 00:00:00,100.37,2021-08-16 00:00:00,2021-08-24 00:00:00,2
123067,123067.SZ,斯莱转债,2025-02-28 00:00:00,2025-03-20 00:00:00,101.267,2025-03-21 00:00:00,2025-03-31 00:00:00,2
123068,123068.SZ,弘信转债,2021-09-17 00:00:00,2021-10-11 00:00:00,100.397,2021-10-12 00:00:00,2021-10-20 00:00:00,2
123069,123069.SZ,金诺转债,2021-10-13 00:00:00,2021-11-05 00:00:00,100.04,2021-11-08 00:00:00,2021-11-16 00:00:00,2
123070,123070.SZ,鹏辉转债,2022-06-30 00:00:00,2022-07-28 00:00:00,100.39,2022-07-29 00:00:00,2022-08-08 00:00:00,2
123071,123071.SZ,天能转债,2026-09-08 00:00:00,2026-10-20 00:00:00,115.0,,,2
123072,123072.SZ,乐歌转债,2026-09-09 00:00:00,2026-10-20 00:00:00,120.0,,,2
123073,123073.SZ,同和转债,2022-07-16 00:00:00,2022-08-15 00:00:00,100.56,2022-08-16 00:00:00,2022-08-24 00:00:00,2
123074,123074.SZ,隆利转债,2021-11-24 00:00:00,2021-12-15 00:00:00,100.08,2021-12-16 00:00:00,2021-12-24 00:00:00,2
123075,123075.SZ,贝斯转债,2023-07-04 00:00:00,2023-07-27 00:00:00,100.734,2023-07-28 00:00:00,2023-08-07 00:00:00,2
123077,123077.SZ,汉得转债,2023-04-07 00:00:00,2023-04-27 00:00:00,100.43,2023-04-28 00:00:00,2023-05-11 00:00:00,2
123078,123078.SZ,飞凯转债,2025-04-26 00:00:00,2025-05-21 00:00:00,100.87,2025-05-22 00:00:00,2025-05-30 00:00:00,2
123079,123079.SZ,运达转债,2021-07-29 00:00:00,2021-09-08 00:00:00,100.23,2021-09-09 00:00:00,2021-09-17 00:00:00,2
123080,123080.SZ,海波转债,2023-01-06 00:00:00,,,,,
123081,123081.SZ,精研转债,2021-11-18 00:00:00,2021-12-17 00:00:00,100.03,2021-12-20 00:00:00,2021-12-28 00:00:00,2
123082,123082.SZ,北陆转债,2025-07-15 00:00:00,2025-08-04 00:00:00,101.64,2025-08-05 00:00:00,2025-08-13 00:00:00,2
123083,123083.SZ,朗新转债,2023-03-23 00:00:00,2023-04-20 00:00:00,100.36,2023-04-21 00:00:00,2023-05-04 00:00:00,2
123084,123084.SZ,高澜转债,2022-07-11 00:00:00,2022-08-19 00:00:00,100.49,2022-08-22 00:00:00,2022-08-30 00:00:00,2
123085,123085.SZ,万顺转2,2026-04-21 00:00:00,2026-05-15 00:00:00,100.87,2026-05-18 00:00:00,2026-05-26 00:00:00,2
123086,123086.SZ,海兰转债,2022-07-22 00:00:00,2022-08-23 00:00:00,100.42,2022-08-24 00:00:00,2022-09-01 00:00:00,2
123087,123087.SZ,明电转债,2025-07-31 00:00:00,2025-09-05 00:00:00,101.83,2025-09-08 00:00:00,2025-09-17 00:00:00,2
123089,123089.SZ,九洲转2,2025-09-16 00:00:00,2025-10-14 00:00:00,102.04,2025-10-15 00:00:00,2025-10-23 00:00:00,2
123091,123091.SZ,长海转债,2026-05-27 00:00:00,,,,,
123092,123092.SZ,天壕转债,2024-01-22 00:00:00,,,,,
123093,123093.SZ,金陵转债,2025-06-26 00:00:00,2025-07-17 00:00:00,101.726,2025-07-18 00:00:00,2025-07-28 00:00:00,2
123094,123094.SZ,星源转2,2021-08-16 00:00:00,2021-09-06 00:00:00,100.25,2021-09-07 00:00:00,2021-09-15 00:00:00,2
123096,123096.SZ,思创转债,2024-11-01 00:00:00,2024-11-21 00:00:00,101.24,2024-11-22 00:00:00,2024-12-02 00:00:00,2
123097,123097.SZ,美力转债,2022-08-02 00:00:00,2022-09-07 00:00:00,100.43,2022-09-08 00:00:00,2022-09-19 00:00:00,2
123098,123098.SZ,一品转债,2023-06-20 00:00:00,2023-07-24 00:00:00,100.488,2023-07-25 00:00:00,2023-08-02 00:00:00,2
123100,123100.SZ,朗科转债,2025-03-18 00:00:00,2025-04-08 00:00:00,100.32,2025-04-09 00:00:00,2025-04-16 00:00:00,2
123101,123101.SZ,拓斯转债,2024-11-26 00:00:00,2024-12-16 00:00:00,101.16,2024-12-17 00:00:00,2024-12-25 00:00:00,2
123102,123102.SZ,华自转债,2021-10-20 00:00:00,2021-11-18 00:00:00,100.276,2021-11-19 00:00:00,2021-11-26 00:00:00,2
123103,123103.SZ,震安转债,2024-12-04 00:00:00,2024-12-25 00:00:00,101.43,2024-12-26 00:00:00,2025-01-06 00:00:00,2
123105,123105.SZ,拓尔转债,2023-02-02 00:00:00,2023-03-07 00:00:00,100.58,2023-03-08 00:00:00,2023-03-16 00:00:00,2
123106,123106.SZ,正丹转债,2024-05-17 00:00:00,2024-06-06 00:00:00,100.31,2024-06-07 00:00:00,2024-06-18 00:00:00,2
123107,123107.SZ,温氏转债,2022-07-20 00:00:00,,,,,
123108,123108.SZ,乐普转2,2026-02-25 00:00:00,2026-03-27 00:00:00,107.8,2026-03-30 00:00:00,2026-03-30 00:00:00,2
123109,123109.SZ,昌红转债,2021-11-30 00:00:00,,,,,
123110,123110.SZ,九典转债,2022-11-05 00:00:00,2022-11-25 00:00:00,100.4,2022-11-28 00:00:00,2022-12-06 00:00:00,2
123111,123111.SZ,东财转3,2022-01-25 00:00:00,2022-02-28 00:00:00,100.18,2022-03-01 00:00:00,2022-03-09 00:00:00,2
123112,123112.SZ,万讯转债,2026-08-27 00:00:00,2026-09-16 00:00:00,101.332,2026-09-17 00:00:00,2026-09-28 00:00:00,2
123114,123114.SZ,三角转债,2022-07-25 00:00:00,,,,,
123115,123115.SZ,捷捷转债,2024-11-07 00:00:00,2024-11-27 00:00:00,100.7,2024-11-28 00:00:00,2024-12-09 00:00:00,2
123116,123116.SZ,万兴转债,2023-04-05 00:00:00,2023-05-17 00:00:00,100.66,2023-05-18 00:00:00,2023-05-26 00:00:00,2
123118,123118.SZ,惠城转债,2026-09-16 00:00:00,,,,,
123120,123120.SZ,隆华转债,2025-08-09 00:00:00,2025-08-29 00:00:00,100.22,2025-09-01 00:00:00,2025-09-09 00:00:00,2
123121,123121.SZ,帝尔转债,2026-05-13 00:00:00,2026-06-02 00:00:00,102.068,2026-06-03 00:00:00,2026-06-11 00:00:00,2
123123,123123.SZ,江丰转债,2022-12-01 00:00:00,2022-12-21 00:00:00,100.22,2022-12-22 00:00:00,2022-12-30 00:00:00,2
123125,123125.SZ,元力转债,2022-12-16 00:00:00,2023-01-06 00:00:00,100.1,2023-01-09 00:00:00,2023-01-17 00:00:00,2
123126,123126.SZ,瑞丰转债,2026-05-09 00:00:00,2026-05-29 00:00:00,102.532,2026-06-01 00:00:00,2026-06-09 00:00:00,2
123127,123127.SZ,耐普转债,2025-02-11 00:00:00,2025-03-03 00:00:00,100.621,2025-03-04 00:00:00,2025-03-12 00:00:00,2
123128,123128.SZ,首华转债,2026-02-05 00:00:00,2026-03-05 00:00:00,100.616,2026-03-06 00:00:00,2026-03-16 00:00:00,2
123129,123129.SZ,锦鸡转债,2026-04-15 00:00:00,2026-05-08 00:00:00,101.18,2026-05-11 00:00:00,2026-05-19 00:00:00,2
123130,123130.SZ,设研转债,2025-08-22 00:00:00,2025-09-11 00:00:00,101.25,2025-09-12 00:00:00,2025-09-22 00:00:00,2
123131,123131.SZ,奥飞转债,2026-06-11 00:00:00,,,,,
123132,123132.SZ,回盛转债,2025-04-18 00:00:00,2025-05-20 00:00:00,100.64,2025-05-21 00:00:00,2025-05-29 00:00:00,2
123134,123134.SZ,卡倍转债,2023-02-03 00:00:00,2023-03-14 00:00:00,100.13,2023-03-15 00:00:00,2023-03-23 00:00:00,2
123135,123135.SZ,泰林转债,2024-11-22 00:00:00,2024-12-12 00:00:00,101.15,2024-12-13 00:00:00,2024-12-23 00:00:00,2
123136,123136.SZ,城市转债,2023-05-23 00:00:00,2023-07-04 00:00:00,100.23,2023-07-05 00:00:00,2023-07-13 00:00:00,2
123137,123137.SZ,锦浪转债,2022-09-06 00:00:00,2022-09-26 00:00:00,100.19,2022-09-27 00:00:00,2022-10-12 00:00:00,2
123139,123139.SZ,铂科转债,2022-11-10 00:00:00,2022-11-30 00:00:00,100.29,2022-12-01 00:00:00,2022-12-09 00:00:00,2
123140,123140.SZ,天地转债,2023-10-12 00:00:00,2023-11-03 00:00:00,100.45,2023-11-06 00:00:00,2023-11-15 00:00:00,2
123141,123141.SZ,宏丰转债,2025-08-01 00:00:00,2025-08-28 00:00:00,100.92,2025-08-29 00:00:00,2025-09-08 00:00:00,2
123143,123143.SZ,胜蓝转债,2024-11-06 00:00:00,2024-12-03 00:00:00,100.68,2024-12-04 00:00:00,2024-12-13 00:00:00,2
123145,123145.SZ,药石转债,2025-08-15 00:00:00,2025-09-17 00:00:00,100.62,2025-09-18 00:00:00,2025-09-26 00:00:00,2
123146,123146.SZ,中环转2,2026-03-03 00:00:00,2026-04-09 00:00:00,101.486,2026-04-10 00:00:00,2026-04-20 00:00:00,2
123147,123147.SZ,中辰转债,2025-09-06 00:00:00,2025-10-17 00:00:00,100.58,2025-10-20 00:00:00,2025-10-28 00:00:00,2
123148,123148.SZ,上能转债,2023-05-06 00:00:00,2023-05-29 00:00:00,100.29,2023-05-30 00:00:00,2023-06-08 00:00:00,2
123150,123150.SZ,九强转债,2023-06-09 00:00:00,,,,,
123152,123152.SZ,润禾转债,2025-03-14 00:00:00,2025-04-11 00:00:00,100.87,2025-04-14 00:00:00,2025-04-22 00:00:00,2
123153,123153.SZ,英力转债,2024-06-19 00:00:00,2024-07-18 00:00:00,100.6,2024-07-19 00:00:00,2024-07-29 00:00:00,2
123156,123156.SZ,博汇转债,2025-07-26 00:00:00,2025-08-19 00:00:00,100.02,2025-08-20 00:00:00,2025-08-28 00:00:00,2
123157,123157.SZ,科蓝转债,2024-10-30 00:00:00,,,,,
123158,123158.SZ,宙邦转债,2026-08-12 00:00:00,,,,,
123159,123159.SZ,崧盛转债,2026-01-13 00:00:00,2026-02-05 00:00:00,100.54,2026-02-06 00:00:00,2026-02-25 00:00:00,2
123160,123160.SZ,泰福转债,2026-09-28 00:00:00,,,,,
123161,123161.SZ,强联转债,2025-09-04 00:00:00,2025-09-30 00:00:00,100.99,2025-10-09 00:00:00,2025-10-17 00:00:00,2
123162,123162.SZ,东杰转债,2025-08-20 00:00:00,2025-09-25 00:00:00,100.95,2025-09-26 00:00:00,2025-10-14 00:00:00,2
123163,123163.SZ,金沃转债,2024-12-25 00:00:00,2025-01-15 00:00:00,100.26,2025-01-16 00:00:00,2025-01-24 00:00:00,2
123164,123164.SZ,法本转债,2023-12-06 00:00:00,2024-01-04 00:00:00,100.12,2024-01-05 00:00:00,2024-01-15 00:00:00,2
123166,123166.SZ,蒙泰转债,2025-09-30 00:00:00,2025-10-29 00:00:00,101.19,2025-10-30 00:00:00,2025-11-07 00:00:00,2
123167,123167.SZ,商络转债,2024-04-02 00:00:00,2024-04-24 00:00:00,100.26,2024-04-25 00:00:00,2024-05-08 00:00:00,2
123169,123169.SZ,正海转债,2025-08-25 00:00:00,2025-09-19 00:00:00,100.5,2025-09-22 00:00:00,2025-09-30 00:00:00,2
123170,123170.SZ,南电转债,2024-10-26 00:00:00,2024-11-15 00:00:00,100.39,2024-11-18 00:00:00,2024-11-26 00:00:00,2
123174,123174.SZ,精锻转债,2025-07-04 00:00:00,2025-07-30 00:00:00,100.45,2025-07-31 00:00:00,2025-08-08 00:00:00,2
123176,123176.SZ,精测转2,2026-08-06 00:00:00,,,,,
123177,123177.SZ,测绘转债,2025-11-14 00:00:00,2025-12-12 00:00:00,100.79,2025-12-15 00:00:00,2025-12-23 00:00:00,2
123181,123181.SZ,亚康转债,2023-10-26 00:00:00,2023-11-21 00:00:00,100.27,2023-11-22 00:00:00,2023-11-30 00:00:00,2
123182,123182.SZ,广联转债,2026-01-17 00:00:00,2026-03-06 00:00:00,100.96,2026-03-09 00:00:00,2026-03-17 00:00:00,2
123184,123184.SZ,天阳转债,2025-06-19 00:00:00,2025-07-10 00:00:00,100.24,2025-07-11 00:00:00,2025-07-21 00:00:00,2
123185,123185.SZ,能辉转债,2025-12-03 00:00:00,2025-12-23 00:00:00,100.73,2025-12-24 00:00:00,2026-01-05 00:00:00,2
123186,123186.SZ,志特转债,2025-07-10 00:00:00,2025-08-07 00:00:00,100.36,2025-08-08 00:00:00,2025-08-18 00:00:00,2
123187,123187.SZ,超达转债,2026-08-21 00:00:00,,,,,
123188,123188.SZ,水羊转债,2026-07-14 00:00:00,2026-08-03 00:00:00,100.602,2026-08-04 00:00:00,2026-08-12 00:00:00,2
123190,123190.SZ,道氏转02,2025-03-19 00:00:00,2025-04-14 00:00:00,100.02,2025-04-15 00:00:00,2025-04-24 00:00:00,2
123191,123191.SZ,智尚转债,2025-03-05 00:00:00,2025-03-25 00:00:00,100.38,2025-03-26 00:00:00,2025-04-07 00:00:00,2
123192,123192.SZ,科思转债,2024-03-22 00:00:00,,,,,
123194,123194.SZ,百洋转债,2023-11-24 00:00:00,,,,,
123197,123197.SZ,光力转债,2026-03-13 00:00:00,2026-04-07 00:00:00,101.101,2026-04-08 00:00:00,2026-04-16 00:00:00,2
123198,123198.SZ,金埔转债,2026-06-01 00:00:00,2026-06-22 00:00:00,100.062,2026-06-23 00:00:00,2026-07-01 00:00:00,2
123200,123200.SZ,海泰转债,2025-08-22 00:00:00,2025-09-29 00:00:00,100.26,2025-09-30 00:00:00,2025-10-16 00:00:00,2
123201,123201.SZ,纽泰转债,2025-10-14 00:00:00,2025-11-04 00:00:00,100.36,2025-11-05 00:00:00,2025-11-14 00:00:00,2
123202,123202.SZ,祥源转债,2024-11-28 00:00:00,2024-12-25 00:00:00,100.19,2024-12-26 00:00:00,2025-01-06 00:00:00,2
123203,123203.SZ,明电转02,2025-11-21 00:00:00,2025-12-11 00:00:00,100.44,2025-12-12 00:00:00,2025-12-22 00:00:00,2
123204,123204.SZ,金丹转债,2025-06-14 00:00:00,2025-07-10 00:00:00,100.4,2025-07-11 00:00:00,2025-07-22 00:00:00,2
123205,123205.SZ,大叶转债,2024-10-24 00:00:00,2024-11-29 00:00:00,100.15,2024-12-02 00:00:00,2024-12-10 00:00:00,2
123206,123206.SZ,开能转债,2025-08-12 00:00:00,2025-09-01 00:00:00,100.118,2025-09-02 00:00:00,2025-09-10 00:00:00,2
123207,123207.SZ,冠中转债,2026-06-17 00:00:00,,,,,
123208,123208.SZ,孩王转债,2024-10-26 00:00:00,2024-11-15 00:00:00,100.16,2024-11-18 00:00:00,2024-11-26 00:00:00,2
123209,123209.SZ,聚隆转债,2026-02-13 00:00:00,,,,,
123210,123210.SZ,信服转债,2026-02-12 00:00:00,2026-03-16 00:00:00,100.51,2026-03-17 00:00:00,2026-03-25 00:00:00,2
123211,123211.SZ,阳谷转债,2026-01-07 00:00:00,,,,,
123212,123212.SZ,立中转债,2025-11-18 00:00:00,2025-12-16 00:00:00,100.39,2025-12-17 00:00:00,2025-12-25 00:00:00,2
123213,123213.SZ,天源转债,2026-04-02 00:00:00,,,,,
123217,123217.SZ,富仕转债,2025-09-30 00:00:00,2025-11-03 00:00:00,100.19,2025-11-04 00:00:00,2025-11-12 00:00:00,2
123218,123218.SZ,宏昌转债,2025-05-24 00:00:00,2025-06-16 00:00:00,100.42,2025-06-17 00:00:00,2025-06-25 00:00:00,2
123219,123219.SZ,宇瞳转债,2024-11-07 00:00:00,2024-12-18 00:00:00,100.18,2024-12-19 00:00:00,2024-12-27 00:00:00,2
123220,123220.SZ,易瑞转债,2025-08-20 00:00:00,,,,,
123221,123221.SZ,力诺转债,2026-02-12 00:00:00,2026-03-12 00:00:00,100.55,2026-03-13 00:00:00,2026-03-23 00:00:00,2
123222,123222.SZ,博俊转债,2025-12-12 00:00:00,,,,,
123223,123223.SZ,九典转02,2024-11-01 00:00:00,,,,,
123224,123224.SZ,宇邦转债,2026-03-11 00:00:00,,,,,
123225,123225.SZ,翔丰转债,2026-05-15 00:00:00,,,,,
123226,123226.SZ,中富转债,2025-03-03 00:00:00,2025-04-10 00:00:00,100.19,2025-04-11 00:00:00,2025-04-22 00:00:00,2
123227,123227.SZ,雅创转债,2025-03-11 00:00:00,2025-03-31 00:00:00,100.22,2025-04-01 00:00:00,2025-04-10 00:00:00,2
123228,123228.SZ,震裕转债,2025-04-01 00:00:00,2025-04-22 00:00:00,100.2,2025-04-23 00:00:00,2025-05-07 00:00:00,2
123229,123229.SZ,艾录转债,2024-12-11 00:00:00,,,,,
123230,123230.SZ,金钟转债,2025-12-23 00:00:00,2026-01-19 00:00:00,100.2,2026-01-20 00:00:00,2026-01-28 00:00:00,2
123231,123231.SZ,信测转债,2025-08-09 00:00:00,2025-09-05 00:00:00,100.42,2025-09-08 00:00:00,2025-09-16 00:00:00,2
123232,123232.SZ,金现转债,2025-08-25 00:00:00,2025-09-23 00:00:00,100.41,2025-09-24 00:00:00,2025-10-13 00:00:00,2
123233,123233.SZ,凯盛转债,2025-12-23 00:00:00,2026-01-14 00:00:00,100.1,2026-01-15 00:00:00,2026-01-26 00:00:00,2
123234,123234.SZ,中能转债,2025-11-25 00:00:00,2025-12-15 00:00:00,100.01,2025-12-16 00:00:00,2025-12-24 00:00:00,2
123235,123235.SZ,亿田转债,2026-09-23 00:00:00,,,,,
123236,123236.SZ,家联转债,2026-04-21 00:00:00,2026-05-27 00:00:00,100.344,2026-05-28 00:00:00,2026-06-05 00:00:00,2
123237,123237.SZ,佳禾转债,2025-08-15 00:00:00,,,,,
123238,123238.SZ,卡倍转02,2024-12-24 00:00:00,2025-01-14 00:00:00,100.004,2025-01-15 00:00:00,2025-01-23 00:00:00,2
123239,123239.SZ,锋工转债,2026-03-10 00:00:00,2026-03-30 00:00:00,100.156,2026-03-31 00:00:00,2026-04-09 00:00:00,2
123240,123240.SZ,楚天转债,2025-11-18 00:00:00,2025-12-19 00:00:00,100.45,2025-12-22 00:00:00,2025-12-30 00:00:00,2
123241,123241.SZ,欧通转债,2026-08-28 00:00:00,,,,,
123242,123242.SZ,赛龙转债,2026-01-20 00:00:00,2026-03-04 00:00:00,100.33,2026-03-05 00:00:00,2026-03-13 00:00:00,2
123243,123243.SZ,严牌转债,2026-09-16 00:00:00,,,,,
123244,123244.SZ,松原转债,2025-09-09 00:00:00,2025-09-29 00:00:00,100.07,2025-09-30 00:00:00,2025-10-17 00:00:00,2
123245,123245.SZ,集智转债,2026-06-23 00:00:00,,,,,
123246,123246.SZ,远信转债,2026-03-17 00:00:00,2026-04-15 00:00:00,100.47,2026-04-16 00:00:00,2026-04-24 00:00:00,2
123247,123247.SZ,万凯转债,2026-07-08 00:00:00,,,,,
123248,123248.SZ,恒辉转债,2025-07-11 00:00:00,2025-07-31 00:00:00,100.19,2025-08-01 00:00:00,2025-08-11 00:00:00,2
123249,123249.SZ,英搏转债,2025-12-13 00:00:00,2026-01-06 00:00:00,100.1,2026-01-07 00:00:00,2026-01-15 00:00:00,2
123251,123251.SZ,华医转债,2026-07-08 00:00:00,2026-07-28 00:00:00,100.24,2026-07-29 00:00:00,2026-08-06 00:00:00,2
123254,123254.SZ,亿纬转债,2026-03-31 00:00:00,2026-04-23 00:00:00,100.034,2026-04-24 00:00:00,2026-05-07 00:00:00,2
123255,123255.SZ,鼎龙转债,2026-04-29 00:00:00,,,,,
123256,123256.SZ,恒帅转债,2026-04-17 00:00:00,2026-05-12 00:00:00,100.191,2026-05-13 00:00:00,2026-05-21 00:00:00,2
123258,123258.SZ,胜蓝转02,2026-09-10 00:00:00,2026-10-09 00:00:00,100.05,2026-10-12 00:00:00,,2
123259,123259.SZ,锦浪转02,2026-05-21 00:00:00,,,,,
125089,125089.SZ,深机转债,2015-04-23 00:00:00,2015-05-28 00:00:00,103.0,2015-05-29 00:00:00,2015-06-08 00:00:00,2
125528,125528.SZ,柳工转债,2009-05-20 00:00:00,,104.0,2009-06-22 00:00:00,2009-06-30 00:00:00,2
125572,125572.SZ,海马转债,2009-05-04 00:00:00,,103.0,2009-06-01 00:00:00,2009-06-09 00:00:00,2
125731,125731.SZ,美丰转债,2013-03-14 00:00:00,2013-04-12 00:00:00,103.0,2013-04-15 00:00:00,2013-04-24 00:00:00,2
125887,125887.SZ,中鼎转债,2014-07-04 00:00:00,2014-07-31 00:00:00,103.0,2014-08-01 00:00:00,2014-08-11 00:00:00,2
125969,125969.SZ,安泰转债,2010-05-13 00:00:00,2010-06-09 00:00:00,103.0,2010-06-10 00:00:00,2010-06-23 00:00:00,2
126630,126630.SZ,铜陵转债,2011-02-23 00:00:00,2011-03-23 00:00:00,103.0,2011-03-24 00:00:00,2011-04-01 00:00:00,2
126729,126729.SZ,燕京转债,2015-05-07 00:00:00,2015-06-04 00:00:00,102.0,2015-06-05 00:00:00,2015-06-15 00:00:00,2
127001,127001.SZ,海直转债,2014-08-22 00:00:00,2014-09-19 00:00:00,100.76,2014-09-22 00:00:00,2014-10-08 00:00:00,2
127002,127002.SZ,徐工转债,2015-01-08 00:00:00,2015-02-05 00:00:00,100.37,2015-02-06 00:00:00,2015-02-16 00:00:00,2
127003,127003.SZ,海印转债,2022-06-01 00:00:00,2022-06-07 00:00:00,110.0,2022-06-08 00:00:00,2022-06-08 00:00:00,2
127004,127004.SZ,模塑转债,2023-04-26 00:00:00,2023-06-01 00:00:00,110.0,2023-06-02 00:00:00,2023-06-02 00:00:00,2
127005,127005.SZ,长证转债,2024-01-30 00:00:00,2024-03-11 00:00:00,105.0,2024-03-12 00:00:00,2024-03-12 00:00:00,2
127006,127006.SZ,敖东转债,2024-02-02 00:00:00,2024-03-13 00:00:00,105.0,2024-03-14 00:00:00,2024-03-14 00:00:00,2
127007,127007.SZ,湖广转债,2024-05-24 00:00:00,2024-06-28 00:00:00,108.0,2024-07-01 00:00:00,2024-07-01 00:00:00,2
127008,127008.SZ,特发转债,2021-01-30 00:00:00,2021-03-04 00:00:00,100.3,2021-03-05 00:00:00,2021-03-15 00:00:00,2
127009,127009.SZ,冰轮转债,2019-08-29 00:00:00,2019-10-14 00:00:00,100.3,2019-10-15 00:00:00,2019-10-23 00:00:00,2
127010,127010.SZ,平银转债,2019-08-21 00:00:00,2019-09-18 00:00:00,100.13,2019-09-19 00:00:00,2019-09-27 00:00:00,2
127011,127011.SZ,中鼎转2,2022-01-25 00:00:00,2022-02-23 00:00:00,100.97,2022-02-24 00:00:00,2022-03-04 00:00:00,2
127012,127012.SZ,招路转债,2024-03-05 00:00:00,2024-03-25 00:00:00,100.02,2024-03-26 00:00:00,2024-04-03 00:00:00,2
127013,127013.SZ,创维转债,2022-06-07 00:00:00,2022-06-28 00:00:00,100.31,2022-06-29 00:00:00,2022-07-07 00:00:00,2
127014,127014.SZ,北方转债,2025-03-07 00:00:00,2025-04-03 00:00:00,100.9,2025-04-07 00:00:00,2025-04-15 00:00:00,2
127015,127015.SZ,希望转债,2025-12-01 00:00:00,2025-12-31 00:00:00,106.0,2026-01-05 00:00:00,2026-01-05 00:00:00,2
127016,127016.SZ,鲁泰转债,2026-03-03 00:00:00,2026-04-08 00:00:00,111.0,2026-04-09 00:00:00,2026-04-09 00:00:00,2
127017,127017.SZ,万青转债,2026-04-24 00:00:00,2026-06-02 00:00:00,113.0,2026-06-03 00:00:00,2026-06-03 00:00:00,2
127018,127018.SZ,本钢转债,2026-05-25 00:00:00,2026-06-26 00:00:00,119.0,2026-06-29 00:00:00,2026-06-29 00:00:00,2
127019,127019.SZ,国城转债,2025-11-20 00:00:00,2025-12-11 00:00:00,100.82,2025-12-12 00:00:00,2025-12-22 00:00:00,2
127020,127020.SZ,中金转债,2025-10-31 00:00:00,2025-11-25 00:00:00,100.7,2025-11-26 00:00:00,2025-12-04 00:00:00,2
127021,127021.SZ,特发转2,2023-04-15 00:00:00,2023-05-10 00:00:00,100.76,2023-05-11 00:00:00,2023-05-19 00:00:00,2
127022,127022.SZ,恒逸转债,2026-03-03 00:00:00,2026-03-24 00:00:00,100.88,2026-03-25 00:00:00,2026-04-02 00:00:00,2
127023,127023.SZ,华菱转2,2021-06-16 00:00:00,2021-07-15 00:00:00,100.15,2021-07-16 00:00:00,2021-07-27 00:00:00,2
127024,127024.SZ,盈峰转债,2026-05-06 00:00:00,2026-05-28 00:00:00,101.129,2026-05-29 00:00:00,2026-06-09 00:00:00,2
127025,127025.SZ,冀东转债,2026-09-23 00:00:00,2026-11-04 00:00:00,106.0,,,2
127026,127026.SZ,超声转债,2026-05-23 00:00:00,2026-06-12 00:00:00,101.04,2026-06-15 00:00:00,2026-06-24 00:00:00,2
127027,127027.SZ,能化转债,2022-05-20 00:00:00,,,,,
127028,127028.SZ,英特转债,2025-12-31 00:00:00,2026-01-22 00:00:00,100.1,2026-01-23 00:00:00,2026-02-02 00:00:00,2
127029,127029.SZ,中钢转债,2023-10-10 00:00:00,2023-10-30 00:00:00,100.37,2023-10-31 00:00:00,2023-11-08 00:00:00,2
127030,127030.SZ,盛虹转债,2022-08-12 00:00:00,,,,,
127032,127032.SZ,苏行转债,2025-01-22 00:00:00,2025-03-06 00:00:00,101.35,2025-03-07 00:00:00,2025-03-17 00:00:00,2
127035,127035.SZ,濮耐转债,2025-07-29 00:00:00,2025-08-20 00:00:00,100.906,2025-08-21 00:00:00,2025-08-29 00:00:00,2
127036,127036.SZ,三花转债,2023-07-08 00:00:00,2023-07-31 00:00:00,100.1,2023-08-01 00:00:00,2023-08-09 00:00:00,2
127037,127037.SZ,银轮转债,2026-06-17 00:00:00,,,,,
127038,127038.SZ,国微转债,2022-07-29 00:00:00,,,,,
127039,127039.SZ,北港转债,2026-01-23 00:00:00,2026-02-12 00:00:00,101.13,2026-02-13 00:00:00,2026-03-03 00:00:00,2
127041,127041.SZ,弘亚转债,2026-06-02 00:00:00,2026-07-10 00:00:00,115.0,2026-07-13 00:00:00,2026-07-13 00:00:00,2
127042,127042.SZ,嘉美转债,2026-01-16 00:00:00,2026-02-05 00:00:00,100.893,2026-02-06 00:00:00,2026-02-24 00:00:00,2
127043,127043.SZ,川恒转债,2025-06-24 00:00:00,2025-07-17 00:00:00,101.397,2025-07-18 00:00:00,2025-07-28 00:00:00,2
127047,127047.SZ,帝欧转债,2026-05-09 00:00:00,,,,,
127048,127048.SZ,中大转债,2022-08-09 00:00:00,2022-09-01 00:00:00,100.34,2022-09-02 00:00:00,2022-09-13 00:00:00,2
127050,127050.SZ,麒麟转债,2024-11-08 00:00:00,,,,,
127051,127051.SZ,博杰转债,2025-03-14 00:00:00,2025-04-24 00:00:00,100.7,2025-04-25 00:00:00,2025-05-08 00:00:00,2
127052,127052.SZ,西子转债,2025-08-29 00:00:00,2025-09-19 00:00:00,101.12,2025-09-22 00:00:00,2025-09-30 00:00:00,2
127053,127053.SZ,豪美转债,2026-05-26 00:00:00,,,,,
127055,127055.SZ,精装转债,2026-03-17 00:00:00,,,,,
127057,127057.SZ,盘龙转债,2023-03-02 00:00:00,2023-03-29 00:00:00,100.05,2023-03-30 00:00:00,2023-04-11 00:00:00,2
127058,127058.SZ,科伦转债,2024-03-09 00:00:00,2024-03-29 00:00:00,100.02,2024-04-01 00:00:00,2024-04-12 00:00:00,2
127063,127063.SZ,贵轮转债,2024-04-02 00:00:00,2024-04-24 00:00:00,100.01,2024-04-25 00:00:00,2024-05-08 00:00:00,2
127064,127064.SZ,杭氧转债,2023-04-28 00:00:00,,,,,
127065,127065.SZ,瑞鹄转债,2024-03-09 00:00:00,2024-03-29 00:00:00,100.47,2024-04-01 00:00:00,2024-04-11 00:00:00,2
127066,127066.SZ,科利转债,2026-05-19 00:00:00,2026-06-12 00:00:00,101.405,2026-06-15 00:00:00,2026-06-24 00:00:00,2
127067,127067.SZ,恒逸转2,2026-08-18 00:00:00,2026-09-08 00:00:00,100.25,2026-09-09 00:00:00,2026-09-17 00:00:00,2
127069,127069.SZ,小熊转债,2023-05-09 00:00:00,,,,,
127070,127070.SZ,大中转债,2026-03-17 00:00:00,,,,,
127071,127071.SZ,天箭转债,2026-01-20 00:00:00,2026-03-05 00:00:00,100.81,2026-03-06 00:00:00,2026-03-16 00:00:00,2
127073,127073.SZ,天赐转债,2025-11-12 00:00:00,2025-12-02 00:00:00,100.29,2025-12-03 00:00:00,2025-12-11 00:00:00,2
127074,127074.SZ,麦米转2,2024-11-12 00:00:00,2024-12-05 00:00:00,100.15,2024-12-06 00:00:00,2024-12-16 00:00:00,2
127075,127075.SZ,百川转2,2026-03-11 00:00:00,2026-03-31 00:00:00,100.809,2026-04-01 00:00:00,2026-04-10 00:00:00,2
127076,127076.SZ,中宠转2,2026-03-14 00:00:00,2026-04-07 00:00:00,100.678,2026-04-08 00:00:00,2026-04-16 00:00:00,2
127077,127077.SZ,华宏转债,2025-08-27 00:00:00,2025-09-16 00:00:00,100.79,2025-09-17 00:00:00,2025-09-25 00:00:00,2
127078,127078.SZ,优彩转债,2026-09-04 00:00:00,,,,,
127079,127079.SZ,华亚转债,2026-06-16 00:00:00,2026-07-08 00:00:00,101.011,2026-07-09 00:00:00,2026-07-17 00:00:00,2
127080,127080.SZ,声迅转债,2026-09-19 00:00:00,,,,,
127081,127081.SZ,中旗转债,2025-11-29 00:00:00,2025-12-19 00:00:00,100.805,2025-12-22 00:00:00,2025-12-30 00:00:00,2
127082,127082.SZ,亚科转债,2025-12-05 00:00:00,,,,,
127084,127084.SZ,柳工转2,2025-11-01 00:00:00,,,,,
127086,127086.SZ,恒邦转债,2025-10-18 00:00:00,2025-11-27 00:00:00,100.28,2025-11-28 00:00:00,2025-12-08 00:00:00,2
127087,127087.SZ,星帅转2,2025-03-19 00:00:00,2025-04-09 00:00:00,100.41,2025-04-10 00:00:00,2025-04-18 00:00:00,2
127088,127088.SZ,赫达转债,2026-04-21 00:00:00,,,,,
127090,127090.SZ,兴瑞转债,2026-05-23 00:00:00,2026-06-15 00:00:00,100.717,2026-06-16 00:00:00,2026-06-25 00:00:00,2
127091,127091.SZ,科数转债,2025-03-06 00:00:00,2025-04-15 00:00:00,100.32,2025-04-16 00:00:00,2025-04-24 00:00:00,2
127092,127092.SZ,运机转债,2025-12-27 00:00:00,,,,,
127094,127094.SZ,红墙转债,2026-03-12 00:00:00,2026-04-14 00:00:00,100.49,2026-04-15 00:00:00,2026-04-23 00:00:00,2
127096,127096.SZ,泰坦转债,2026-07-06 00:00:00,,,,,
127097,127097.SZ,三羊转债,2025-09-17 00:00:00,2025-10-16 00:00:00,100.49,2025-10-17 00:00:00,2025-10-27 00:00:00,2
127099,127099.SZ,盛航转债,2024-11-14 00:00:00,,,,,
127100,127100.SZ,神码转债,2025-03-01 00:00:00,2025-03-27 00:00:00,100.13,2025-03-28 00:00:00,2025-04-08 00:00:00,2
127101,127101.SZ,豪鹏转债,2025-08-08 00:00:00,2025-08-28 00:00:00,100.34,2025-08-29 00:00:00,2025-09-08 00:00:00,2
127103,127103.SZ,东南转债,2026-04-29 00:00:00,,,,,
127104,127104.SZ,姚记转债,2026-02-10 00:00:00,,,,,
127106,127106.SZ,伟隆转债,2025-07-08 00:00:00,2025-07-31 00:00:00,100.485,2025-08-01 00:00:00,2025-08-11 00:00:00,2
127107,127107.SZ,领益转债,2025-09-09 00:00:00,2025-10-14 00:00:00,100.181,2025-10-15 00:00:00,2025-10-23 00:00:00,2
127109,127109.SZ,电化转债,2026-05-08 00:00:00,,,,,
128001,128001.SZ,泰尔转债,2014-10-16 00:00:00,2014-11-12 00:00:00,103.0,2014-11-13 00:00:00,2014-11-21 00:00:00,2
128002,128002.SZ,东华转债,2015-04-29 00:00:00,2015-05-22 00:00:00,100.66,2015-05-25 00:00:00,2015-06-02 00:00:00,2
128003,128003.SZ,华天转债,2014-10-28 00:00:00,2014-11-27 00:00:00,103.0,2014-11-28 00:00:00,2014-12-08 00:00:00,2
128004,128004.SZ,久立转债,2014-12-02 00:00:00,2014-12-23 00:00:00,103.0,2014-12-24 00:00:00,2015-01-05 00:00:00,2
128005,128005.SZ,齐翔转债,2015-04-20 00:00:00,2015-06-02 00:00:00,101.3,2015-06-03 00:00:00,2015-06-15 00:00:00,2
128006,128006.SZ,长青转债,2015-02-27 00:00:00,2015-04-15 00:00:00,103.0,2015-04-16 00:00:00,2015-04-24 00:00:00,2
128007,128007.SZ,通鼎转债,2015-05-23 00:00:00,2015-07-06 00:00:00,103.0,2015-07-07 00:00:00,2015-07-20 00:00:00,2
128008,128008.SZ,齐峰转债,2015-05-06 00:00:00,2015-06-05 00:00:00,100.37,2015-06-08 00:00:00,2015-06-16 00:00:00,2
128009,128009.SZ,歌尔转债,2017-05-26 00:00:00,2017-06-29 00:00:00,100.55,2017-06-30 00:00:00,2017-07-10 00:00:00,2
128010,128010.SZ,蔚蓝转债,2021-01-30 00:00:00,2021-02-26 00:00:00,100.17,2021-03-01 00:00:00,2021-03-09 00:00:00,2
128011,128011.SZ,汽模转债,2017-07-18 00:00:00,2017-08-08 00:00:00,100.31,2017-08-09 00:00:00,2017-08-17 00:00:00,2
128012,128012.SZ,辉丰转债,2021-03-20 00:00:00,2021-04-19 00:00:00,103.0,2021-04-20 00:00:00,2021-04-28 00:00:00,2
128013,128013.SZ,洪涛转债,2022-07-23 00:00:00,2022-07-28 00:00:00,108.0,2022-07-29 00:00:00,2022-07-29 00:00:00,2
128014,128014.SZ,永东转债,2023-03-13 00:00:00,2023-04-14 00:00:00,108.0,2023-04-17 00:00:00,2023-04-17 00:00:00,2
128015,128015.SZ,久其转债,2022-11-18 00:00:00,2022-12-09 00:00:00,100.92,2022-12-12 00:00:00,2022-12-20 00:00:00,2
128016,128016.SZ,雨虹转债,2020-03-07 00:00:00,2020-04-13 00:00:00,100.55,2020-04-14 00:00:00,2020-04-22 00:00:00,2
128017,128017.SZ,金禾转债,2023-09-19 00:00:00,2023-11-01 00:00:00,106.0,2023-11-02 00:00:00,2023-11-02 00:00:00,2
128018,128018.SZ,时达转债,2021-09-18 00:00:00,2021-10-27 00:00:00,101.46,2021-10-28 00:00:00,2021-11-05 00:00:00,2
128019,128019.SZ,久立转2,2020-11-25 00:00:00,2021-01-06 00:00:00,100.21,2021-01-07 00:00:00,2021-01-15 00:00:00,2
128020,128020.SZ,水晶转债,2019-12-31 00:00:00,2020-02-13 00:00:00,100.19,2020-02-14 00:00:00,2020-02-24 00:00:00,2
128021,128021.SZ,兄弟转债,2023-11-21 00:00:00,2023-11-28 00:00:00,106.0,2023-11-29 00:00:00,2023-11-29 00:00:00,2
128022,128022.SZ,众信转债,2022-11-29 00:00:00,2022-12-20 00:00:00,100.1,2022-12-21 00:00:00,2022-12-29 00:00:00,2
128023,128023.SZ,亚太转债,2023-10-25 00:00:00,2023-12-04 00:00:00,108.0,2023-12-05 00:00:00,2023-12-05 00:00:00,2
128024,128024.SZ,宁行转债,2019-07-25 00:00:00,2019-08-21 00:00:00,100.28,2019-08-22 00:00:00,2019-08-30 00:00:00,2
128025,128025.SZ,特一转债,2023-10-26 00:00:00,2023-12-06 00:00:00,106.0,2023-12-07 00:00:00,2023-12-07 00:00:00,2
128026,128026.SZ,众兴转债,2023-11-03 00:00:00,2023-12-13 00:00:00,106.0,2023-12-14 00:00:00,2023-12-14 00:00:00,2
128027,128027.SZ,崇达转债,2019-09-10 00:00:00,2019-10-23 00:00:00,100.43,2019-10-24 00:00:00,2019-11-01 00:00:00,2
128028,128028.SZ,赣锋转债,2021-01-23 00:00:00,2021-03-05 00:00:00,100.21,2021-03-08 00:00:00,2021-03-16 00:00:00,2
128029,128029.SZ,太阳转债,2022-11-09 00:00:00,,106.0,2022-12-23 00:00:00,2022-12-23 00:00:00,2
128030,128030.SZ,天康转债,2023-11-06 00:00:00,2023-12-22 00:00:00,108.0,2023-12-25 00:00:00,2023-12-25 00:00:00,2
128032,128032.SZ,双环转债,2021-07-01 00:00:00,2021-07-27 00:00:00,100.88,2021-07-28 00:00:00,2021-08-05 00:00:00,2
128033,128033.SZ,迪龙转债,2023-11-14 00:00:00,2023-12-27 00:00:00,106.0,2023-12-28 00:00:00,2023-12-28 00:00:00,2
128034,128034.SZ,江银转债,2023-12-20 00:00:00,2024-01-26 00:00:00,106.0,2024-01-29 00:00:00,2024-01-29 00:00:00,2
128035,128035.SZ,大族转债,2024-01-04 00:00:00,2024-02-06 00:00:00,105.0,2024-02-07 00:00:00,2024-02-07 00:00:00,2
128036,128036.SZ,金农转债,2024-01-17 00:00:00,2024-03-08 00:00:00,106.0,2024-03-11 00:00:00,2024-03-11 00:00:00,2
128037,128037.SZ,岩土转债,2024-02-06 00:00:00,2024-03-15 00:00:00,108.0,2024-03-18 00:00:00,2024-03-18 00:00:00,2
128038,128038.SZ,利欧转债,2020-02-25 00:00:00,2020-03-30 00:00:00,100.02,2020-03-31 00:00:00,2020-04-09 00:00:00,2
128039,128039.SZ,三力转债,2024-05-06 00:00:00,2024-06-07 00:00:00,106.0,2024-06-11 00:00:00,2024-06-11 00:00:00,2
128040,128040.SZ,华通转债,2023-01-31 00:00:00,2023-02-28 00:00:00,101.28,2023-03-01 00:00:00,2023-03-09 00:00:00,2
128041,128041.SZ,盛路转债,2024-06-06 00:00:00,2024-07-16 00:00:00,110.0,2024-07-17 00:00:00,2024-07-17 00:00:00,2
128042,128042.SZ,凯中转债,2024-06-20 00:00:00,2024-07-30 00:00:00,112.0,2024-07-31 00:00:00,2024-07-31 00:00:00,2
128043,128043.SZ,东音转债,2020-09-23 00:00:00,2020-11-02 00:00:00,100.25,2020-11-03 00:00:00,2020-11-11 00:00:00,2
128044,128044.SZ,岭南转债,2024-07-08 00:00:00,2024-08-14 00:00:00,107.0,,,2
128045,128045.SZ,机电转债,2020-07-31 00:00:00,2020-09-10 00:00:00,100.04,2020-09-11 00:00:00,2020-09-21 00:00:00,2
128046,128046.SZ,利尔转债,2022-10-13 00:00:00,2022-11-03 00:00:00,100.09,2022-11-04 00:00:00,2022-11-14 00:00:00,2
128047,128047.SZ,光电转债,2019-09-17 00:00:00,2019-10-29 00:00:00,100.2,2019-10-30 00:00:00,2019-11-07 00:00:00,2
128048,128048.SZ,张行转债,2024-09-28 00:00:00,2024-11-12 00:00:00,109.0,2024-11-13 00:00:00,2024-11-13 00:00:00,2
128049,128049.SZ,华源转债,2024-11-21 00:00:00,2024-11-27 00:00:00,110.0,2024-11-28 00:00:00,2024-11-28 00:00:00,2
128050,128050.SZ,钧达转债,2022-01-06 00:00:00,2022-01-27 00:00:00,100.21,2022-01-28 00:00:00,2022-02-14 00:00:00,2
128051,128051.SZ,光华转债,2021-08-07 00:00:00,2021-09-07 00:00:00,100.73,2021-09-08 00:00:00,2021-09-16 00:00:00,2
128052,128052.SZ,凯龙转债,2021-02-03 00:00:00,2021-03-23 00:00:00,100.25,2021-03-24 00:00:00,2021-04-01 00:00:00,2
128053,128053.SZ,尚荣转债,2025-02-07 00:00:00,2025-02-14 00:00:00,110.0,2025-02-17 00:00:00,2025-02-17 00:00:00,2
128054,128054.SZ,中宠转债,2020-06-06 00:00:00,2020-07-14 00:00:00,100.25,2020-07-15 00:00:00,2020-07-23 00:00:00,2
128055,128055.SZ,长青转2,2020-03-11 00:00:00,2020-04-16 00:00:00,100.1,2020-04-17 00:00:00,2020-04-27 00:00:00,2
128056,128056.SZ,今飞转债,2025-01-17 00:00:00,2025-02-28 00:00:00,115.0,2025-03-03 00:00:00,2025-03-03 00:00:00,2
128057,128057.SZ,博彦转债,2021-11-03 00:00:00,2021-11-29 00:00:00,100.74,2021-11-30 00:00:00,2021-12-08 00:00:00,2
128058,128058.SZ,拓邦转债,2020-11-04 00:00:00,2020-11-25 00:00:00,100.43,2020-11-26 00:00:00,2020-12-07 00:00:00,2
128059,128059.SZ,视源转债,2020-07-23 00:00:00,2020-08-28 00:00:00,100.28,2020-08-31 00:00:00,2020-09-08 00:00:00,2
128060,128060.SZ,中装转债,2020-02-08 00:00:00,2020-03-19 00:00:00,100.39,2020-03-20 00:00:00,2020-03-30 00:00:00,2
128061,128061.SZ,启明转债,2020-02-07 00:00:00,2020-03-17 00:00:00,100.39,2020-03-18 00:00:00,2020-03-26 00:00:00,2
128062,128062.SZ,亚药转债,2025-02-26 00:00:00,2025-04-02 00:00:00,115.0,2025-04-03 00:00:00,2025-04-03 00:00:00,2
128063,128063.SZ,未来转债,2024-11-30 00:00:00,2024-12-25 00:00:00,102.93,2024-12-26 00:00:00,2025-01-06 00:00:00,2
128064,128064.SZ,司尔转债,2021-07-29 00:00:00,2021-08-24 00:00:00,100.38,2021-08-25 00:00:00,2021-09-02 00:00:00,2
128065,128065.SZ,雅化转债,2021-01-25 00:00:00,2021-03-01 00:00:00,100.53,2021-03-02 00:00:00,2021-03-11 00:00:00,2
128066,128066.SZ,亚泰转债,2025-03-11 00:00:00,2025-04-17 00:00:00,112.0,2025-04-18 00:00:00,2025-04-18 00:00:00,2
128067,128067.SZ,一心转债,2020-09-17 00:00:00,2020-11-02 00:00:00,100.33,2020-11-03 00:00:00,2020-11-11 00:00:00,2
128068,128068.SZ,和而转债,2020-01-08 00:00:00,2020-02-19 00:00:00,100.29,2020-02-20 00:00:00,2020-02-28 00:00:00,2
128069,128069.SZ,华森转债,2022-11-18 00:00:00,2022-12-15 00:00:00,100.72,2022-12-16 00:00:00,2022-12-26 00:00:00,2
128070,128070.SZ,智能转债,2025-05-22 00:00:00,2025-07-02 00:00:00,112.0,2025-07-03 00:00:00,2025-07-03 00:00:00,2
128071,128071.SZ,合兴转债,2025-07-10 00:00:00,2025-08-15 00:00:00,110.0,2025-08-18 00:00:00,2025-08-18 00:00:00,2
128072,128072.SZ,翔鹭转债,2025-03-20 00:00:00,2025-04-16 00:00:00,101.64,2025-04-17 00:00:00,2025-04-25 00:00:00,2
128073,128073.SZ,哈尔转债,2022-09-30 00:00:00,2022-11-01 00:00:00,100.3,2022-11-02 00:00:00,2022-11-10 00:00:00,2
128074,128074.SZ,游族转债,2025-08-07 00:00:00,2025-08-27 00:00:00,101.8575,2025-08-28 00:00:00,2025-09-08 00:00:00,2
128075,128075.SZ,远东转债,2023-10-20 00:00:00,2023-11-09 00:00:00,100.23,2023-11-10 00:00:00,2023-11-20 00:00:00,2
128076,128076.SZ,金轮转债,2025-09-03 00:00:00,2025-10-14 00:00:00,110.0,2025-10-15 00:00:00,2025-10-15 00:00:00,2
128077,128077.SZ,华夏转债,2020-06-17 00:00:00,2020-07-28 00:00:00,100.39,2020-07-29 00:00:00,2020-08-06 00:00:00,2
128078,128078.SZ,太极转债,2023-03-25 00:00:00,2023-04-20 00:00:00,100.75,2023-04-21 00:00:00,2023-05-04 00:00:00,2
128079,128079.SZ,英联转债,2023-07-14 00:00:00,2023-08-09 00:00:00,101.36,2023-08-10 00:00:00,2023-08-18 00:00:00,2
128080,128080.SZ,顺丰转债,2020-07-08 00:00:00,2020-08-03 00:00:00,100.14,2020-08-04 00:00:00,2020-08-12 00:00:00,2
128081,128081.SZ,海亮转债,2025-08-26 00:00:00,2025-09-26 00:00:00,101.71,2025-09-29 00:00:00,2025-10-15 00:00:00,2
128082,128082.SZ,华锋转债,2025-06-28 00:00:00,2025-07-21 00:00:00,101.764,2025-07-22 00:00:00,2025-07-30 00:00:00,2
128083,128083.SZ,新北转债,2024-12-06 00:00:00,2024-12-26 00:00:00,100.08,2024-12-27 00:00:00,2025-01-07 00:00:00,2
128084,128084.SZ,木森转债,2020-08-12 00:00:00,2020-09-10 00:00:00,100.3,2020-09-11 00:00:00,2020-09-22 00:00:00,2
128085,128085.SZ,鸿达转债,2021-12-11 00:00:00,,,,2024-03-18 00:00:00,
128086,128086.SZ,国轩转债,2020-08-06 00:00:00,2020-08-27 00:00:00,100.28,2020-08-28 00:00:00,2020-09-07 00:00:00,2
128087,128087.SZ,孚日转债,2024-11-14 00:00:00,2024-12-04 00:00:00,101.74,2024-12-05 00:00:00,2024-12-13 00:00:00,2
128088,128088.SZ,深南转债,2020-07-21 00:00:00,2020-09-02 00:00:00,100.21,2020-09-03 00:00:00,2020-09-11 00:00:00,2
128089,128089.SZ,麦米转债,2020-07-28 00:00:00,2020-09-01 00:00:00,100.28,2020-09-02 00:00:00,2020-09-10 00:00:00,2
128090,128090.SZ,汽模转2,2024-11-27 00:00:00,2024-12-18 00:00:00,101.77,2024-12-19 00:00:00,2024-12-27 00:00:00,2
128091,128091.SZ,新天转债,2024-11-14 00:00:00,2024-12-05 00:00:00,102.16,2024-12-06 00:00:00,2024-12-16 00:00:00,2
128092,128092.SZ,唐人转债,2020-08-18 00:00:00,2020-10-09 00:00:00,100.31,2020-10-12 00:00:00,2020-10-20 00:00:00,2
128093,128093.SZ,百川转债,2022-02-08 00:00:00,2022-03-01 00:00:00,100.397,2022-03-02 00:00:00,2022-03-10 00:00:00,2
128094,128094.SZ,星帅转债,2022-01-25 00:00:00,2022-02-24 00:00:00,100.13,2022-02-25 00:00:00,2022-03-07 00:00:00,2
128095,128095.SZ,恩捷转债,2025-10-10 00:00:00,2025-10-30 00:00:00,101.44,2025-10-31 00:00:00,2025-11-10 00:00:00,2
128096,128096.SZ,奥瑞转债,2022-01-25 00:00:00,2022-02-28 00:00:00,100.05,2022-03-01 00:00:00,2022-03-09 00:00:00,2
128097,128097.SZ,奥佳转债,2026-01-13 00:00:00,2026-02-25 00:00:00,110.0,2026-02-26 00:00:00,2026-02-26 00:00:00,2
128098,128098.SZ,康弘转债,2020-10-13 00:00:00,2020-11-20 00:00:00,100.29,2020-11-23 00:00:00,2020-12-01 00:00:00,2
128099,128099.SZ,永高转债,2020-10-28 00:00:00,2020-11-18 00:00:00,100.21,2020-11-19 00:00:00,2020-11-27 00:00:00,2
128101,128101.SZ,联创转债,2026-01-26 00:00:00,2026-03-16 00:00:00,110.0,2026-03-17 00:00:00,2026-03-17 00:00:00,2
128102,128102.SZ,海大转债,2020-11-17 00:00:00,2020-12-22 00:00:00,100.15,2020-12-23 00:00:00,2020-12-31 00:00:00,2
128103,128103.SZ,同德转债,2022-01-25 00:00:00,2022-03-01 00:00:00,100.56,2022-03-02 00:00:00,2022-03-10 00:00:00,2
128104,128104.SZ,裕同转债,2020-11-28 00:00:00,2021-01-04 00:00:00,100.3,2021-01-05 00:00:00,2021-01-14 00:00:00,2
128105,128105.SZ,长集转债,2025-10-14 00:00:00,2025-11-03 00:00:00,101.151,2025-11-04 00:00:00,2025-11-12 00:00:00,2
128106,128106.SZ,华统转债,2024-11-07 00:00:00,2024-12-10 00:00:00,101.21,2024-12-11 00:00:00,2024-12-20 00:00:00,2
128107,128107.SZ,交科转债,2022-05-24 00:00:00,2022-07-07 00:00:00,100.21,2022-07-08 00:00:00,2022-07-18 00:00:00,2
128108,128108.SZ,蓝帆转债,2026-04-20 00:00:00,2026-05-27 00:00:00,108.0,2026-05-28 00:00:00,2026-05-28 00:00:00,2
128109,128109.SZ,楚江转债,2025-07-23 00:00:00,2025-08-13 00:00:00,100.389,2025-08-14 00:00:00,2025-08-22 00:00:00,2
128110,128110.SZ,永兴转债,2021-01-07 00:00:00,2021-02-22 00:00:00,100.21,2021-02-23 00:00:00,2021-03-03 00:00:00,2
128111,128111.SZ,中矿转债,2023-10-19 00:00:00,2023-11-08 00:00:00,100.74,2023-11-09 00:00:00,2023-11-17 00:00:00,2
128112,128112.SZ,歌尔转2,2021-01-16 00:00:00,2021-03-02 00:00:00,100.14,2021-03-03 00:00:00,2021-03-11 00:00:00,2
128113,128113.SZ,比音转债,2022-01-25 00:00:00,2022-02-22 00:00:00,100.42,2022-02-23 00:00:00,2022-03-03 00:00:00,2
128115,128115.SZ,巨星转债,2021-01-23 00:00:00,2021-02-23 00:00:00,100.27,2021-02-24 00:00:00,2021-03-05 00:00:00,2
128116,128116.SZ,瑞达转债,2025-12-25 00:00:00,2026-01-16 00:00:00,101.118,2026-01-19 00:00:00,2026-01-27 00:00:00,2
128117,128117.SZ,道恩转债,2025-04-16 00:00:00,2025-05-12 00:00:00,101.73,2025-05-13 00:00:00,2025-05-21 00:00:00,2
128118,128118.SZ,瀛通转债,2024-11-12 00:00:00,2024-12-18 00:00:00,101.4,2024-12-19 00:00:00,2024-12-27 00:00:00,2
128119,128119.SZ,龙大转债,2026-06-06 00:00:00,2026-07-16 00:00:00,115.0,2026-07-17 00:00:00,2026-07-17 00:00:00,2
128120,128120.SZ,联诚转债,2025-07-26 00:00:00,2025-08-15 00:00:00,100.22,2025-08-18 00:00:00,2025-08-26 00:00:00,2
128121,128121.SZ,宏川转债,2026-06-11 00:00:00,2026-07-16 00:00:00,108.0,2026-07-17 00:00:00,2026-07-17 00:00:00,2
128122,128122.SZ,兴森转债,2025-06-05 00:00:00,2025-07-22 00:00:00,110.0,2025-07-23 00:00:00,2025-07-23 00:00:00,2
128123,128123.SZ,国光转债,2024-06-15 00:00:00,2024-07-05 00:00:00,101.43,2024-07-08 00:00:00,2024-07-17 00:00:00,2
128124,128124.SZ,科华转债,2026-06-23 00:00:00,2026-07-27 00:00:00,106.0,2026-07-28 00:00:00,2026-07-28 00:00:00,2
128125,128125.SZ,华阳转债,2026-06-25 00:00:00,2026-07-29 00:00:00,113.0,2026-07-30 00:00:00,2026-07-30 00:00:00,2
128126,128126.SZ,赣锋转2,2021-04-01 00:00:00,2021-05-11 00:00:00,100.23,2021-05-12 00:00:00,2021-05-19 00:00:00,2
128127,128127.SZ,文科转债,2026-07-16 00:00:00,2026-08-25 00:00:00,115.0,2026-08-26 00:00:00,2026-08-26 00:00:00,2
128128,128128.SZ,齐翔转2,2026-07-16 00:00:00,2026-08-19 00:00:00,110.0,2026-08-20 00:00:00,2026-08-20 00:00:00,2
128129,128129.SZ,青农转债,2026-07-21 00:00:00,2026-08-24 00:00:00,108.0,2026-08-25 00:00:00,2026-08-25 00:00:00,2
128130,128130.SZ,景兴转债,2025-09-24 00:00:00,2025-10-22 00:00:00,100.29,2025-10-23 00:00:00,2025-10-31 00:00:00,2
128131,128131.SZ,崇达转2,2025-08-23 00:00:00,2025-09-16 00:00:00,100.049,2025-09-17 00:00:00,2025-09-26 00:00:00,2
128132,128132.SZ,交建转债,2025-08-29 00:00:00,2025-09-22 00:00:00,100.044,2025-09-23 00:00:00,2025-10-10 00:00:00,2
128133,128133.SZ,奇正转债,2025-08-12 00:00:00,2025-09-02 00:00:00,101.701,2025-09-03 00:00:00,2025-09-11 00:00:00,2
128134,128134.SZ,鸿路转债,2026-08-26 00:00:00,2026-10-08 00:00:00,110.0,2026-10-09 00:00:00,2026-10-09 00:00:00,2
128135,128135.SZ,洽洽转债,2026-09-04 00:00:00,2026-10-19 00:00:00,115.0,,,2
128136,128136.SZ,立讯转债,2026-09-18 00:00:00,2026-11-02 00:00:00,108.0,,,2
128137,128137.SZ,洁美转债,2026-05-30 00:00:00,2026-06-22 00:00:00,101.266,2026-06-23 00:00:00,2026-07-01 00:00:00,2
128139,128139.SZ,祥鑫转债,2022-07-27 00:00:00,2022-08-18 00:00:00,100.43,2022-08-19 00:00:00,2022-08-29 00:00:00,2
128140,128140.SZ,润建转债,2023-07-22 00:00:00,2023-08-21 00:00:00,100.71,2023-08-22 00:00:00,2023-08-30 00:00:00,2
128141,128141.SZ,旺能转债,2026-04-24 00:00:00,2026-05-19 00:00:00,100.844,2026-05-20 00:00:00,2026-05-28 00:00:00,2
128143,128143.SZ,锋龙转债,2025-02-12 00:00:00,2025-03-04 00:00:00,100.38,2025-03-05 00:00:00,2025-03-13 00:00:00,2
128144,128144.SZ,利民转债,2025-12-05 00:00:00,2025-12-25 00:00:00,101.22,2025-12-26 00:00:00,2026-01-07 00:00:00,2
128145,128145.SZ,日丰转债,2023-02-08 00:00:00,2023-03-01 00:00:00,100.57,2023-03-02 00:00:00,2023-03-10 00:00:00,2
128233,128233.SZ,塔牌转债,2011-04-01 00:00:00,2011-05-30 00:00:00,105.0,2011-05-31 00:00:00,2011-06-09 00:00:00,2
129031,129031.SZ,巨轮转2,2013-05-18 00:00:00,2013-06-05 00:00:00,103.0,2013-06-06 00:00:00,2013-06-20 00:00:00,2
