ts_code,trade_date,open,high,low,close,vol,amount
110030.SH,20190917,108.7,109.27,108.3,108.91,11972.0,1305.2144
110031.SH,20190917,109.1,109.1,108.81,109.02,8891.0,969.0616
110033.SH,20190917,111.64,112.36,111.5,111.63,1076.0,120.1308
110034.SH,20190917,106.44,107.0,106.03,106.2,185.0,19.7129
110038.SH,20190917,110.79,110.8,108.95,109.1,8967.0,979.8952
110041.SH,20190917,122.93,123.81,122.2,122.49,2787.0,341.5373
110042.SH,20190917,120.22,120.58,117.24,119.13,26319.0,3105.7158
110043.SH,20190917,105.51,105.8,104.54,104.6,16167.0,1696.111
110044.SH,20190917,161.0,161.77,152.15,153.01,21505.0,3359.0504
110045.SH,20190917,101.8,102.57,101.7,101.8,15950.0,1629.9092
110046.SH,20190917,122.41,122.53,120.2,120.43,59333.0,7178.4944
110047.SH,20190917,110.9,110.99,109.0,109.02,20582.0,2254.6858
110048.SH,20190917,120.69,123.6,119.5,119.5,24945.0,2993.1511
110049.SH,20190917,122.1,122.1,119.99,120.59,18981.0,2299.0298
110050.SH,20190917,130.01,130.01,127.0,127.2,9518.0,1217.0962
110051.SH,20190917,107.63,107.63,105.53,105.82,21299.0,2265.7481
110052.SH,20190917,129.5,129.5,124.32,124.74,93502.0,11736.627
110053.SH,20190917,110.0,110.0,108.97,109.2,134817.0,14727.6487
110054.SH,20190917,129.51,129.85,126.04,126.53,43457.0,5521.7523
110055.SH,20190917,110.9,111.28,110.81,111.0,5349.0,593.9881
110056.SH,20190917,104.4,104.8,102.53,102.9,19481.0,2025.3876
110057.SH,20190917,110.11,110.15,109.33,109.37,2310.0,253.6796
110058.SH,20190917,99.19,99.29,97.87,98.0,5403.0,531.3678
113008.SH,20190917,118.61,118.69,116.71,116.71,4958.0,580.7547
113009.SH,20190917,114.36,114.56,113.01,113.01,8109.0,923.1461
113011.SH,20190917,114.83,114.83,113.93,114.05,202396.0,23108.139
113012.SH,20190917,106.0,106.3,103.16,104.3,717.0,75.3262
113013.SH,20190917,121.7,121.7,119.3,119.31,79589.0,9571.4629
113014.SH,20190917,99.65,99.86,98.8,99.0,8652.0,857.99
113016.SH,20190917,101.23,101.23,99.58,99.72,2404.0,240.7731
113017.SH,20190917,105.0,105.0,103.42,103.43,3780.0,392.5938
113019.SH,20190917,125.38,125.41,123.5,124.21,15340.0,1906.0973
113020.SH,20190917,121.98,122.58,117.0,119.03,56540.0,6777.0582
113021.SH,20190917,106.8,106.8,106.0,106.2,59167.0,6284.6012
113022.SH,20190917,109.39,109.4,107.3,107.79,21820.0,2354.7052
113024.SH,20190917,105.37,105.42,104.02,104.35,10021.0,1047.6522
113025.SH,20190917,110.7,110.75,108.02,109.03,18265.0,1993.9151
113026.SH,20190917,108.6,108.63,107.31,107.45,52014.0,5606.4129
113027.SH,20190917,106.89,106.89,104.61,104.82,12013.0,1263.7737
113028.SH,20190917,124.5,124.61,122.45,122.81,5684.0,698.4671
113502.SH,20190917,98.2,98.2,97.5,97.87,1554.0,152.1002
113503.SH,20190917,141.88,141.88,135.52,135.9,290097.0,40163.3861
113504.SH,20190917,112.2,112.21,110.87,111.1,1506.0,168.0593
113505.SH,20190917,104.7,104.7,102.71,102.8,5371.0,555.2921
113507.SH,20190917,122.31,122.31,118.52,119.73,2934.0,352.5096
113508.SH,20190917,106.0,106.9,105.5,105.9,23754.0,2518.6923
113509.SH,20190917,105.69,105.75,104.62,105.0,741.0,77.8041
113510.SH,20190917,109.07,109.07,108.57,108.68,102.0,11.0894
113511.SH,20190917,134.99,134.99,124.26,125.22,1564.0,197.1119
113514.SH,20190917,104.47,105.59,103.14,103.46,2247.0,234.8058
113515.SH,20190917,119.37,119.37,117.31,117.41,429.0,50.8228
113516.SH,20190917,109.97,110.04,108.87,108.87,1011.0,110.3997
113517.SH,20190917,121.51,121.51,119.13,119.14,34526.0,4138.7396
113518.SH,20190917,116.75,116.75,113.4,113.4,17101.0,1945.5933
113519.SH,20190917,109.65,110.01,107.11,108.3,1277.0,138.5081
113520.SH,20190917,123.83,125.8,123.46,124.78,13643.0,1702.2573
113521.SH,20190917,106.98,106.98,104.61,104.91,3569.0,375.591
113522.SH,20190917,114.76,114.78,112.66,113.37,6351.0,720.1122
113523.SH,20190917,122.03,122.57,119.6,119.88,10112.0,1218.2244
113524.SH,20190917,102.5,103.35,102.3,102.47,1615.0,165.4904
113525.SH,20190917,106.92,109.0,106.89,106.9,3409.0,366.517
113526.SH,20190917,154.7,166.0,154.7,156.48,274588.0,43918.0608
113527.SH,20190917,97.6,97.64,96.2,96.32,6919.0,669.0824
113528.SH,20190917,101.98,101.98,100.52,100.73,1438.0,145.3544
113529.SH,20190917,139.36,139.4,137.17,137.36,30802.0,4265.4614
113530.SH,20190917,100.01,100.08,99.0,99.04,2530.0,251.5566
113531.SH,20190917,124.64,126.4,122.02,123.4,2348.0,293.4852
113532.SH,20190917,107.75,108.1,106.65,106.65,3369.0,361.6157
113533.SH,20190917,144.1,145.2,143.82,143.84,14955.0,2159.8852
113534.SH,20190917,105.5,105.5,104.07,104.41,35193.0,3689.5738
113535.SH,20190917,102.77,102.79,101.83,101.93,4471.0,456.9454
113536.SH,20190917,107.0,107.1,105.2,105.42,3218.0,341.0654
113537.SH,20190917,103.22,103.59,102.23,102.51,8197.0,842.2961
113538.SH,20190917,129.18,132.4,129.0,131.02,26646.0,3504.8553
113539.SH,20190917,123.01,123.01,115.68,117.27,48662.0,5766.7346
113540.SH,20190917,120.13,120.13,116.31,117.78,14285.0,1686.222
113541.SH,20190917,107.01,107.12,105.71,105.74,11298.0,1202.948
113542.SH,20190917,108.36,108.36,106.5,106.8,39081.0,4177.355
113543.SH,20190917,124.62,125.19,122.5,123.27,22281.0,2764.4841
120002.SZ,20190917,0.0,0.0,0.0,108.5,0.0,0.0
123001.SZ,20190917,152.0,156.0,149.6,151.99,10812.1,1656.1072
123002.SZ,20190917,120.284,120.448,119.366,119.8,287.0,34.3921
123003.SZ,20190917,113.055,113.6,112.105,112.77,61094.2,6889.1575
123004.SZ,20190917,102.89,106.0,102.8,102.903,23453.3,2428.1557
123007.SZ,20190917,108.27,108.27,106.16,106.336,7329.9,783.7501
123009.SZ,20190917,120.053,120.103,119.0,119.99,924.3,110.7174
123010.SZ,20190917,105.143,105.143,104.0,104.303,2964.7,309.6945
123011.SZ,20190917,103.5,103.797,102.558,102.78,10862.4,1118.6504
123012.SZ,20190917,108.634,108.987,107.03,107.061,2625.6,284.543
123013.SZ,20190917,105.226,106.999,104.231,105.78,449.3,47.3021
123014.SZ,20190917,109.053,110.195,108.003,108.011,1910.4,207.616
123015.SZ,20190917,120.125,120.125,115.315,115.988,9596.0,1120.4869
123016.SZ,20190917,127.2,127.2,123.54,123.6,17819.0,2214.1998
123017.SZ,20190917,121.8,122.45,119.5,119.6,28146.9,3390.6087
123018.SZ,20190917,121.986,121.99,118.1,118.11,3769.0,450.6913
123019.SZ,20190917,118.219,119.741,115.5,116.267,33772.1,3945.1314
123020.SZ,20190917,131.99,135.0,125.111,125.8,120620.1,15498.8106
123021.SZ,20190917,114.1,114.98,112.412,113.4,22851.3,2591.1016
123022.SZ,20190917,129.05,129.05,124.4,124.9,71629.6,8983.0621
123023.SZ,20190917,101.998,102.0,100.511,100.601,2244.6,226.939
123024.SZ,20190917,109.97,110.0,107.0,107.2,7286.5,787.3157
123025.SZ,20190917,118.149,118.5,115.301,115.9,10687.7,1238.9922
123026.SZ,20190917,114.986,116.53,113.704,114.01,14188.1,1629.3249
123027.SZ,20190917,124.279,124.279,120.3,121.0,17354.6,2103.0021
123028.SZ,20190917,107.4,112.511,107.174,109.0,85344.0,9311.0236
123029.SZ,20190917,116.505,116.505,115.88,115.906,12425.1,1443.247
123030.SZ,20190917,109.411,109.412,107.26,107.43,13357.4,1448.3973
127003.SZ,20190917,108.208,108.208,106.1,106.87,10689.8,1142.9972
127004.SZ,20190917,94.314,94.4,93.6,93.603,5811.1,545.773
127005.SZ,20190917,120.5,120.88,118.1,119.0,75638.8,9001.571
127006.SZ,20190917,106.5,106.935,103.1,105.5,35785.9,3793.3437
127007.SZ,20190917,117.057,117.739,112.401,113.8,27322.2,3103.1551
127008.SZ,20190917,242.0,242.0,233.0,234.534,25565.4,6047.0175
127009.SZ,20190917,138.8,139.0,133.0,134.308,4286.4,578.0915
127010.SZ,20190917,123.798,123.8,121.8,121.8,450136.4,55282.8494
127011.SZ,20190917,110.3,110.39,109.51,109.6,5190.6,570.5983
127012.SZ,20190917,109.663,109.663,108.1,108.29,37883.9,4111.7415
127013.SZ,20190917,102.999,103.1,101.551,101.88,6124.6,625.6565
128010.SZ,20190917,103.7,104.856,102.9,103.0,3661.0,377.9791
128012.SZ,20190917,98.157,98.258,98.001,98.09,6441.4,632.3119
128013.SZ,20190917,97.684,97.684,97.039,97.23,6158.9,600.1165
128014.SZ,20190917,100.167,100.85,99.541,99.87,1707.8,170.6484
128015.SZ,20190917,97.87,97.878,96.175,96.33,8479.4,819.0232
128016.SZ,20190917,119.035,119.546,117.7,117.893,6081.5,717.0479
128017.SZ,20190917,115.002,115.012,113.299,115.0,963.9,110.8282
128018.SZ,20190917,98.3,99.19,98.23,98.28,2942.0,290.4108
128019.SZ,20190917,114.187,114.517,112.0,112.261,11462.9,1301.5985
128020.SZ,20190917,124.231,125.35,121.488,124.0,23902.7,2942.6062
128021.SZ,20190917,114.977,116.396,114.199,114.206,10160.3,1161.8075
128022.SZ,20190917,102.0,102.0,101.0,101.2,2857.8,289.6627
128023.SZ,20190917,95.152,95.352,94.351,94.4,2640.6,250.3133
128025.SZ,20190917,110.731,111.11,109.347,110.219,1458.2,160.8249
128026.SZ,20190917,95.098,95.098,94.24,94.42,9034.0,855.2838
128027.SZ,20190917,148.5,149.44,140.511,142.0,23315.5,3355.7226
128028.SZ,20190917,100.223,100.98,100.22,100.25,19980.0,2010.1508
128029.SZ,20190917,117.016,118.4,113.0,117.1,1644.6,192.119
128030.SZ,20190917,127.05,127.9,124.801,125.314,18397.9,2310.5057
128032.SZ,20190917,96.5,96.9,95.201,95.557,1852.0,177.6607
128033.SZ,20190917,104.606,104.717,102.62,102.901,1568.7,162.0658
128034.SZ,20190917,108.87,109.001,107.5,107.611,3813.8,412.0428
128035.SZ,20190917,104.138,105.5,104.138,104.8,48483.1,5069.3568
128036.SZ,20190917,125.2,126.72,123.16,123.2,9139.0,1141.2405
128037.SZ,20190917,96.8,96.8,96.0,96.117,2228.8,214.8122
128038.SZ,20190917,115.479,115.479,111.551,112.077,2021.0,229.3485
128039.SZ,20190917,114.5,114.5,111.05,111.325,19041.0,2141.0558
128040.SZ,20190917,117.453,122.75,117.453,122.0,191698.4,23076.6713
128041.SZ,20190917,154.97,154.97,149.86,149.86,959.0,145.421
128042.SZ,20190917,103.775,103.96,102.501,103.28,749.6,77.4356
128043.SZ,20190917,196.0,201.0,187.999,195.612,51357.8,10046.7152
128044.SZ,20190917,103.809,103.88,103.099,103.5,6410.2,663.7289
128045.SZ,20190917,116.41,116.945,114.714,115.02,5975.9,694.5209
128046.SZ,20190917,105.6,105.79,103.85,104.4,6609.0,691.7322
128047.SZ,20190917,135.45,135.5,130.41,131.444,48359.9,6391.6868
128048.SZ,20190917,110.58,110.68,108.5,108.598,3679.9,401.17
128049.SZ,20190917,103.902,103.931,102.2,102.777,3262.8,335.6945
128050.SZ,20190917,101.0,101.0,99.861,100.3,2692.6,269.9875
128051.SZ,20190917,107.92,107.92,106.4,106.463,960.2,102.3201
128052.SZ,20190917,209.81,209.81,192.8,197.9,28829.6,5763.7534
128053.SZ,20190917,109.63,110.48,108.3,108.354,5731.1,624.1742
128054.SZ,20190917,107.99,107.99,105.55,105.979,4029.8,430.3495
128055.SZ,20190917,122.105,122.155,119.672,119.694,13228.8,1596.5149
128056.SZ,20190917,102.936,102.99,101.5,101.701,3592.7,366.5602
128057.SZ,20190917,115.0,115.0,111.731,111.999,12724.6,1435.5684
128058.SZ,20190917,120.679,120.679,118.222,118.321,13022.4,1551.0264
128059.SZ,20190917,126.8,127.778,124.16,125.25,10842.4,1365.7245
128060.SZ,20190917,130.0,130.8,127.59,128.1,12645.3,1631.8064
128061.SZ,20190917,127.283,128.0,125.5,125.76,27960.2,3528.3829
128062.SZ,20190917,97.451,97.5,96.641,96.642,6750.5,655.4256
128063.SZ,20190917,109.515,109.515,107.336,107.431,6220.2,674.1342
128064.SZ,20190917,102.236,102.599,100.724,101.323,5462.9,554.2726
128065.SZ,20190917,99.3,99.3,98.32,98.61,13771.6,1361.4321
128066.SZ,20190917,108.01,108.48,106.001,106.3,13075.1,1399.4871
128067.SZ,20190917,115.0,115.299,113.121,114.101,9431.5,1078.3111
128068.SZ,20190917,140.5,140.5,133.501,134.68,70689.9,9602.0537
128069.SZ,20190917,107.2,108.8,106.6,106.999,5211.6,558.7543
128070.SZ,20190917,104.149,104.149,102.13,103.134,4992.2,513.9202
128071.SZ,20190917,106.5,106.908,105.666,106.5,73683.9,7827.1198
128072.SZ,20190917,111.705,114.46,110.51,111.613,57725.5,6466.958
128073.SZ,20190917,110.0,110.39,108.812,108.86,14504.5,1586.6378
132004.SH,20190917,99.59,99.67,99.59,99.65,9173.0,914.0026
132005.SH,20190917,119.02,119.39,118.38,118.94,6460.0,767.296
132006.SH,20190917,105.61,105.8,105.61,105.78,2128.0,224.9537
132007.SH,20190917,100.0,100.0,100.0,100.0,3000.0,300.0
132008.SH,20190917,101.04,101.3,101.04,101.29,1035.0,104.8149
132009.SH,20190917,99.75,99.75,99.55,99.69,24291.0,2419.3624
132011.SH,20190917,0.0,0.0,0.0,95.72,0.0,0.0
132012.SH,20190917,100.5,100.5,100.12,100.4,5106.0,513.1262
132013.SH,20190917,100.7,100.78,100.51,100.55,12233.0,1230.0089
132014.SH,20190917,101.79,101.8,101.69,101.7,20943.0,2130.1035
132015.SH,20190917,98.85,99.1,98.8,98.9,66977.0,6624.5012
132016.SH,20190917,0.0,0.0,0.0,98.35,0.0,0.0
132017.SH,20190917,0.0,0.0,0.0,101.08,0.0,0.0
132018.SH,20190917,108.92,108.92,108.25,108.35,127422.0,13822.5747
